run_id,window_id,timestamp,y_true,y_pred,probability_stable,probability_unstable
4,C00000,2026-04-07 08:57:00+00:00,1,0,0.016071,0.983929
4,C00001,2026-04-07 08:57:30+00:00,1,1,0.903857,0.096143
4,C00002,2026-04-07 08:58:00+00:00,1,1,0.886984,0.113016
4,C00003,2026-04-07 08:58:30+00:00,1,1,0.906777,0.093223
4,C00004,2026-04-07 08:59:00+00:00,1,1,0.981738,0.018262
4,C00005,2026-04-07 08:59:30+00:00,1,1,0.797191,0.202809
4,C00006,2026-04-07 09:00:00+00:00,1,1,0.827992,0.172008
4,C00007,2026-04-07 09:00:30+00:00,1,1,0.821980,0.178020
4,C00008,2026-04-07 09:01:00+00:00,1,1,0.979974,0.020026
4,C00009,2026-04-07 09:01:30+00:00,1,1,0.924911,0.075089
4,C00010,2026-04-07 09:02:00+00:00,1,1,0.933861,0.066139
4,C00011,2026-04-07 09:02:30+00:00,1,1,0.925129,0.074871
4,C00012,2026-04-07 09:03:00+00:00,1,1,0.885732,0.114268
4,C00013,2026-04-07 09:03:30+00:00,1,1,0.806422,0.193578
4,C00014,2026-04-07 09:04:00+00:00,1,1,0.756033,0.243967
4,C00015,2026-04-07 09:04:30+00:00,1,1,0.744189,0.255811
4,C00016,2026-04-07 09:05:00+00:00,1,1,0.674991,0.325009
4,C00017,2026-04-07 09:05:30+00:00,1,1,0.626787,0.373213
4,C00018,2026-04-07 09:06:00+00:00,1,1,0.659811,0.340189
4,C00019,2026-04-07 09:06:30+00:00,1,0,0.451920,0.548080
4,C00020,2026-04-07 09:07:00+00:00,1,1,0.616211,0.383789
4,C00021,2026-04-07 09:07:30+00:00,1,1,0.793143,0.206857
4,C00022,2026-04-07 09:08:00+00:00,1,1,0.938321,0.061679
4,C00023,2026-04-07 09:08:30+00:00,1,1,0.972936,0.027064
4,C00024,2026-04-07 09:09:00+00:00,1,1,0.938848,0.061152
4,C00025,2026-04-07 09:09:30+00:00,1,1,0.940358,0.059642
4,C00026,2026-04-07 09:10:00+00:00,1,1,0.876182,0.123818
4,C00027,2026-04-07 09:10:30+00:00,1,1,0.960013,0.039987
4,C00028,2026-04-07 09:11:00+00:00,1,1,0.949465,0.050535
4,C00029,2026-04-07 09:11:30+00:00,1,1,0.865008,0.134992
4,C00030,2026-04-07 09:12:00+00:00,1,1,0.823540,0.176460
4,C00031,2026-04-07 09:12:30+00:00,1,1,0.729268,0.270732
4,C00032,2026-04-07 09:13:00+00:00,1,1,0.745643,0.254357
4,C00033,2026-04-07 09:13:30+00:00,1,1,0.956985,0.043015
4,C00034,2026-04-07 09:14:00+00:00,1,1,0.945014,0.054986
4,C00035,2026-04-07 09:14:30+00:00,1,1,0.945689,0.054311
4,C00036,2026-04-07 09:15:00+00:00,1,1,0.870509,0.129491
4,C00037,2026-04-07 09:15:30+00:00,1,1,0.876598,0.123402
4,C00038,2026-04-07 09:16:00+00:00,1,1,0.942626,0.057374
4,C00039,2026-04-07 09:16:30+00:00,1,1,0.955376,0.044624
4,C00040,2026-04-07 09:17:00+00:00,1,1,0.913118,0.086882
4,C00041,2026-04-07 09:17:30+00:00,1,1,0.697592,0.302408
4,C00042,2026-04-07 09:18:00+00:00,1,1,0.605222,0.394778
4,C00043,2026-04-07 09:18:30+00:00,1,1,0.512621,0.487379
4,C00044,2026-04-07 09:19:00+00:00,1,1,0.767804,0.232196
4,C00045,2026-04-07 09:19:30+00:00,1,1,0.827565,0.172435
4,C00046,2026-04-07 09:20:00+00:00,1,1,0.970566,0.029434
4,C00047,2026-04-07 09:20:30+00:00,1,1,0.944284,0.055716
4,C00048,2026-04-07 09:21:00+00:00,1,1,0.843818,0.156182
4,C00049,2026-04-07 09:21:30+00:00,1,1,0.779074,0.220926
4,C00050,2026-04-07 09:22:00+00:00,1,1,0.670520,0.329480
4,C00051,2026-04-07 09:22:30+00:00,1,1,0.895061,0.104939
4,C00052,2026-04-07 09:23:00+00:00,1,1,0.832610,0.167390
4,C00053,2026-04-07 09:23:30+00:00,1,1,0.732649,0.267351
4,C00054,2026-04-07 09:24:00+00:00,1,1,0.616228,0.383772
4,C00055,2026-04-07 09:24:30+00:00,1,1,0.555566,0.444434
4,C00056,2026-04-07 09:25:00+00:00,1,1,0.627791,0.372209
4,C00057,2026-04-07 09:25:30+00:00,1,1,0.864756,0.135244
4,C00058,2026-04-07 09:26:00+00:00,1,1,0.648632,0.351368
4,C00059,2026-04-07 09:26:30+00:00,1,1,0.697825,0.302175
4,C00060,2026-04-07 09:27:00+00:00,1,1,0.797178,0.202822
4,C00061,2026-04-07 09:27:30+00:00,1,1,0.709550,0.290450
4,C00062,2026-04-07 09:28:00+00:00,1,1,0.936074,0.063926
4,C00063,2026-04-07 09:28:30+00:00,1,1,0.597698,0.402302
4,C00064,2026-04-07 09:29:00+00:00,1,1,0.624558,0.375442
4,C00065,2026-04-07 09:29:30+00:00,1,1,0.928299,0.071701
4,C00066,2026-04-07 09:30:00+00:00,1,1,0.631308,0.368692
4,C00067,2026-04-07 09:30:30+00:00,1,1,0.611355,0.388645
4,C00068,2026-04-07 09:31:00+00:00,1,1,0.743376,0.256624
4,C00069,2026-04-07 09:31:30+00:00,1,1,0.764720,0.235280
4,C00070,2026-04-07 09:32:00+00:00,1,1,0.661582,0.338418
4,C00071,2026-04-07 09:32:30+00:00,1,1,0.815381,0.184619
4,C00072,2026-04-07 09:33:00+00:00,1,1,0.647822,0.352178
4,C00073,2026-04-07 09:33:30+00:00,1,1,0.788596,0.211404
4,C00074,2026-04-07 09:34:00+00:00,0,1,0.641782,0.358218
4,C00075,2026-04-07 09:34:30+00:00,1,1,0.554108,0.445892
4,C00076,2026-04-07 09:35:00+00:00,1,0,0.350154,0.649846
4,C00077,2026-04-07 09:35:30+00:00,1,1,0.512945,0.487055
4,C00078,2026-04-07 09:36:00+00:00,1,1,0.781944,0.218056
4,C00079,2026-04-07 09:36:30+00:00,1,1,0.552825,0.447175
4,C00080,2026-04-07 09:37:00+00:00,1,1,0.605370,0.394630
4,C00081,2026-04-07 09:37:30+00:00,1,1,0.791659,0.208341
4,C00082,2026-04-07 09:38:00+00:00,1,1,0.764230,0.235770
4,C00083,2026-04-07 09:38:30+00:00,1,1,0.778100,0.221900
4,C00084,2026-04-07 09:39:00+00:00,1,1,0.802041,0.197959
4,C00085,2026-04-07 09:39:30+00:00,1,1,0.666283,0.333717
4,C00086,2026-04-07 09:40:00+00:00,1,0,0.481791,0.518209
4,C00087,2026-04-07 09:40:30+00:00,1,1,0.639883,0.360117
4,C00088,2026-04-07 09:41:00+00:00,1,1,0.670091,0.329909
4,C00089,2026-04-07 09:41:30+00:00,1,1,0.607856,0.392144
4,C00090,2026-04-07 09:42:00+00:00,0,1,0.777673,0.222327
4,C00091,2026-04-07 09:42:30+00:00,1,1,0.735048,0.264952
4,C00092,2026-04-07 09:43:00+00:00,1,1,0.554720,0.445280
4,C00093,2026-04-07 09:43:30+00:00,1,1,0.637352,0.362648
4,C00094,2026-04-07 09:44:00+00:00,1,1,0.559390,0.440610
4,C00095,2026-04-07 09:44:30+00:00,1,0,0.445625,0.554375
4,C00096,2026-04-07 09:45:00+00:00,1,1,0.562020,0.437980
4,C00097,2026-04-07 09:45:30+00:00,1,1,0.642533,0.357467
4,C00098,2026-04-07 09:46:00+00:00,1,1,0.659533,0.340467
4,C00099,2026-04-07 09:46:30+00:00,1,1,0.788974,0.211026
4,C00100,2026-04-07 09:47:00+00:00,0,1,0.762058,0.237942
4,C00101,2026-04-07 09:47:30+00:00,0,1,0.647587,0.352413
4,C00102,2026-04-07 09:48:00+00:00,1,0,0.347121,0.652879
4,C00103,2026-04-07 09:48:30+00:00,1,1,0.522071,0.477929
4,C00104,2026-04-07 09:49:00+00:00,1,1,0.575803,0.424197
4,C00105,2026-04-07 09:49:30+00:00,1,1,0.647197,0.352803
4,C00106,2026-04-07 09:50:00+00:00,1,1,0.798267,0.201733
4,C00107,2026-04-07 09:50:30+00:00,1,1,0.952032,0.047968
4,C00108,2026-04-07 09:51:00+00:00,1,1,0.936486,0.063514
4,C00109,2026-04-07 09:51:30+00:00,1,1,0.763328,0.236672
4,C00110,2026-04-07 09:52:00+00:00,1,1,0.977419,0.022581
4,C00111,2026-04-07 09:52:30+00:00,1,1,0.964993,0.035007
4,C00112,2026-04-07 09:53:00+00:00,1,1,0.829276,0.170724
4,C00113,2026-04-07 09:53:30+00:00,1,1,0.661121,0.338879
4,C00114,2026-04-07 09:54:00+00:00,1,1,0.745589,0.254411
4,C00115,2026-04-07 09:54:30+00:00,1,1,0.753967,0.246033
4,C00116,2026-04-07 09:55:00+00:00,1,1,0.812935,0.187065
4,C00117,2026-04-07 09:55:30+00:00,1,1,0.804309,0.195691
4,C00118,2026-04-07 09:56:00+00:00,1,1,0.579260,0.420740
4,C00119,2026-04-07 09:56:30+00:00,0,1,0.635699,0.364301
4,C00120,2026-04-07 09:57:00+00:00,1,1,0.688863,0.311137
4,C00121,2026-04-07 09:57:30+00:00,1,0,0.453897,0.546103
4,C00122,2026-04-07 09:58:00+00:00,1,1,0.529472,0.470528
4,C00123,2026-04-07 09:58:30+00:00,1,1,0.881391,0.118609
4,C00124,2026-04-07 09:59:00+00:00,1,1,0.512186,0.487814
4,C00125,2026-04-07 09:59:30+00:00,1,1,0.637225,0.362775
4,C00126,2026-04-07 10:00:00+00:00,1,0,0.462328,0.537672
4,C00127,2026-04-07 10:00:30+00:00,1,1,0.640191,0.359809
4,C00128,2026-04-07 10:01:00+00:00,1,1,0.627672,0.372328
4,C00129,2026-04-07 10:01:30+00:00,1,1,0.880779,0.119221
4,C00130,2026-04-07 10:02:00+00:00,1,1,0.974880,0.025120
4,C00131,2026-04-07 10:02:30+00:00,1,1,0.822574,0.177426
4,C00132,2026-04-07 10:03:00+00:00,1,1,0.832609,0.167391
4,C00133,2026-04-07 10:03:30+00:00,1,1,0.642366,0.357634
4,C00134,2026-04-07 10:04:00+00:00,1,1,0.681222,0.318778
4,C00135,2026-04-07 10:04:30+00:00,0,1,0.655731,0.344269
4,C00136,2026-04-07 10:05:00+00:00,1,1,0.859507,0.140493
4,C00137,2026-04-07 10:05:30+00:00,1,1,0.560688,0.439312
4,C00138,2026-04-07 10:06:00+00:00,1,1,0.642859,0.357141
4,C00139,2026-04-07 10:06:30+00:00,1,1,0.896630,0.103370
4,C00140,2026-04-07 10:07:00+00:00,1,1,0.972852,0.027148
4,C00141,2026-04-07 10:07:30+00:00,1,1,0.791085,0.208915
4,C00142,2026-04-07 10:08:00+00:00,1,1,0.829575,0.170425
4,C00143,2026-04-07 10:08:30+00:00,1,1,0.763822,0.236178
4,C00144,2026-04-07 10:09:00+00:00,1,1,0.863603,0.136397
4,C00145,2026-04-07 10:09:30+00:00,1,1,0.742231,0.257769
4,C00146,2026-04-07 10:10:00+00:00,1,1,0.897487,0.102513
4,C00147,2026-04-07 10:10:30+00:00,1,1,0.891751,0.108249
4,C00148,2026-04-07 10:11:00+00:00,1,1,0.976971,0.023029
4,C00149,2026-04-07 10:11:30+00:00,1,1,0.973812,0.026188
4,C00150,2026-04-07 10:12:00+00:00,1,1,0.939503,0.060497
4,C00151,2026-04-07 10:12:30+00:00,1,1,0.886959,0.113041
4,C00152,2026-04-07 10:13:00+00:00,1,1,0.838764,0.161236
4,C00153,2026-04-07 10:13:30+00:00,1,1,0.932875,0.067125
4,C00154,2026-04-07 10:14:00+00:00,1,1,0.943918,0.056082
4,C00155,2026-04-07 10:14:30+00:00,1,1,0.936575,0.063425
4,C00156,2026-04-07 10:15:00+00:00,1,1,0.762757,0.237243
4,C00157,2026-04-07 10:15:30+00:00,1,1,0.958083,0.041917
4,C00158,2026-04-07 10:16:00+00:00,1,1,0.701804,0.298196
4,C00159,2026-04-07 10:16:30+00:00,1,1,0.741251,0.258749
4,C00160,2026-04-07 10:17:00+00:00,1,1,0.883237,0.116763
4,C00161,2026-04-07 10:17:30+00:00,1,1,0.874406,0.125594
4,C00162,2026-04-07 10:18:00+00:00,1,1,0.790997,0.209003
4,C00163,2026-04-07 10:18:30+00:00,1,1,0.979526,0.020474
4,C00164,2026-04-07 10:19:00+00:00,1,1,0.955065,0.044935
4,C00165,2026-04-07 10:19:30+00:00,1,1,0.944126,0.055874
4,C00166,2026-04-07 10:20:00+00:00,1,1,0.982074,0.017926
4,C00167,2026-04-07 10:20:30+00:00,1,1,0.957992,0.042008
4,C00168,2026-04-07 10:21:00+00:00,1,1,0.799588,0.200412
4,C00169,2026-04-07 10:21:30+00:00,1,1,0.799945,0.200055
4,C00170,2026-04-07 10:22:00+00:00,1,1,0.947145,0.052855
4,C00171,2026-04-07 10:22:30+00:00,1,1,0.713768,0.286232
4,C00172,2026-04-07 10:23:00+00:00,1,1,0.745919,0.254081
4,C00173,2026-04-07 10:23:30+00:00,1,1,0.766401,0.233599
4,C00174,2026-04-07 10:24:00+00:00,1,1,0.627461,0.372539
4,C00175,2026-04-07 10:24:30+00:00,1,1,0.562468,0.437532
4,C00176,2026-04-07 10:25:00+00:00,1,1,0.946323,0.053677
4,C00177,2026-04-07 10:25:30+00:00,1,1,0.948092,0.051908
4,C00178,2026-04-07 10:26:00+00:00,1,1,0.978451,0.021549
4,C00179,2026-04-07 10:26:30+00:00,1,1,0.933286,0.066714
4,C00180,2026-04-07 10:27:00+00:00,1,1,0.672845,0.327155
4,C00181,2026-04-07 10:27:30+00:00,1,1,0.804013,0.195987
4,C00182,2026-04-07 10:28:00+00:00,1,1,0.895618,0.104382
4,C00183,2026-04-07 10:28:30+00:00,1,1,0.873972,0.126028
4,C00184,2026-04-07 10:29:00+00:00,1,1,0.777329,0.222671
4,C00185,2026-04-07 10:29:30+00:00,1,1,0.628049,0.371951
4,C00186,2026-04-07 10:30:00+00:00,1,1,0.706335,0.293665
4,C00187,2026-04-07 10:30:30+00:00,1,1,0.921719,0.078281
4,C00188,2026-04-07 10:31:00+00:00,1,1,0.959858,0.040142
4,C00189,2026-04-07 10:31:30+00:00,1,1,0.880089,0.119911
4,C00190,2026-04-07 10:32:00+00:00,1,1,0.935317,0.064683
4,C00191,2026-04-07 10:32:30+00:00,1,1,0.882404,0.117596
4,C00192,2026-04-07 10:33:00+00:00,1,1,0.868272,0.131728
4,C00193,2026-04-07 10:33:30+00:00,1,1,0.895323,0.104677
4,C00194,2026-04-07 10:34:00+00:00,1,1,0.929029,0.070971
4,C00195,2026-04-07 10:34:30+00:00,1,1,0.806257,0.193743
4,C00196,2026-04-07 10:35:00+00:00,1,1,0.981509,0.018491
4,C00197,2026-04-07 10:35:30+00:00,1,1,0.979587,0.020413
4,C00198,2026-04-07 10:36:00+00:00,1,1,0.976315,0.023685
4,C00199,2026-04-07 10:36:30+00:00,1,1,0.955551,0.044449
4,C00200,2026-04-07 10:37:00+00:00,1,1,0.971555,0.028445
4,C00201,2026-04-07 10:37:30+00:00,1,1,0.890877,0.109123
4,C00202,2026-04-07 10:38:00+00:00,1,1,0.641986,0.358014
4,C00203,2026-04-07 10:38:30+00:00,1,1,0.756231,0.243769
4,C00204,2026-04-07 10:39:00+00:00,1,1,0.895330,0.104670
4,C00205,2026-04-07 10:39:30+00:00,1,1,0.884411,0.115589
4,C00206,2026-04-07 10:40:00+00:00,1,1,0.964477,0.035523
4,C00207,2026-04-07 10:40:30+00:00,1,1,0.900028,0.099972
4,C00208,2026-04-07 10:41:00+00:00,1,1,0.825237,0.174763
4,C00209,2026-04-07 10:41:30+00:00,1,1,0.943056,0.056944
4,C00210,2026-04-07 10:42:00+00:00,1,1,0.910714,0.089286
4,C00211,2026-04-07 10:42:30+00:00,1,1,0.580805,0.419195
4,C00212,2026-04-07 10:43:00+00:00,1,1,0.637293,0.362707
4,C00213,2026-04-07 10:43:30+00:00,1,1,0.700628,0.299372
4,C00214,2026-04-07 10:44:00+00:00,1,1,0.717756,0.282244
4,C00215,2026-04-07 10:44:30+00:00,1,1,0.722271,0.277729
4,C00216,2026-04-07 10:45:00+00:00,1,1,0.726515,0.273485
4,C00217,2026-04-07 10:45:30+00:00,1,1,0.740847,0.259153
4,C00218,2026-04-07 10:46:00+00:00,1,1,0.616976,0.383024
4,C00219,2026-04-07 10:46:30+00:00,1,1,0.737588,0.262412
4,C00220,2026-04-07 10:47:00+00:00,1,1,0.555527,0.444473
4,C00221,2026-04-07 10:47:30+00:00,1,1,0.510504,0.489496
4,C00222,2026-04-07 10:48:00+00:00,1,0,0.466662,0.533338
4,C00223,2026-04-07 10:48:30+00:00,1,0,0.368249,0.631751
4,C00224,2026-04-07 10:49:00+00:00,1,1,0.694029,0.305971
4,C00225,2026-04-07 10:49:30+00:00,1,0,0.439978,0.560022
4,C00226,2026-04-07 10:50:00+00:00,1,1,0.575249,0.424751
4,C00227,2026-04-07 10:50:30+00:00,1,1,0.621662,0.378338
4,C00228,2026-04-07 10:51:00+00:00,1,1,0.595725,0.404275
4,C00229,2026-04-07 10:51:30+00:00,1,1,0.630207,0.369793
4,C00230,2026-04-07 10:52:00+00:00,1,1,0.625163,0.374837
4,C00231,2026-04-07 10:52:30+00:00,1,1,0.631012,0.368988
4,C00232,2026-04-07 10:53:00+00:00,1,1,0.591418,0.408582
4,C00233,2026-04-07 10:53:30+00:00,1,0,0.438553,0.561447
4,C00234,2026-04-07 10:54:00+00:00,0,1,0.561821,0.438179
4,C00235,2026-04-07 10:54:30+00:00,1,1,0.689159,0.310841
4,C00236,2026-04-07 10:55:00+00:00,1,1,0.519334,0.480666
4,C00237,2026-04-07 10:55:30+00:00,1,0,0.387072,0.612928
4,C00238,2026-04-07 10:56:00+00:00,1,1,0.708134,0.291866
9,C00239,2026-04-07 13:19:10+00:00,1,0,0.001350,0.998650
9,C00240,2026-04-07 13:19:40+00:00,1,1,0.756259,0.243741
9,C00241,2026-04-07 13:20:10+00:00,1,1,0.973731,0.026269
9,C00242,2026-04-07 13:20:40+00:00,1,1,0.961718,0.038282
9,C00243,2026-04-07 13:21:10+00:00,1,1,0.762789,0.237211
9,C00244,2026-04-07 13:21:40+00:00,1,1,0.676208,0.323792
9,C00245,2026-04-07 13:22:10+00:00,1,1,0.683993,0.316007
9,C00246,2026-04-07 13:22:40+00:00,1,1,0.930645,0.069355
9,C00247,2026-04-07 13:23:10+00:00,1,1,0.941677,0.058323
9,C00248,2026-04-07 13:23:40+00:00,1,1,0.876013,0.123987
9,C00249,2026-04-07 13:24:10+00:00,1,1,0.940812,0.059188
9,C00250,2026-04-07 13:24:40+00:00,1,1,0.807363,0.192637
9,C00251,2026-04-07 13:25:10+00:00,1,1,0.771761,0.228239
9,C00252,2026-04-07 13:25:40+00:00,1,1,0.925564,0.074436
9,C00253,2026-04-07 13:26:10+00:00,1,1,0.833558,0.166442
9,C00254,2026-04-07 13:26:40+00:00,1,1,0.797027,0.202973
9,C00255,2026-04-07 13:27:10+00:00,1,1,0.952656,0.047344
9,C00256,2026-04-07 13:27:40+00:00,1,1,0.785076,0.214924
9,C00257,2026-04-07 13:28:10+00:00,1,1,0.817840,0.182160
9,C00258,2026-04-07 13:28:40+00:00,1,1,0.627132,0.372868
9,C00259,2026-04-07 13:29:10+00:00,1,1,0.721738,0.278262
9,C00260,2026-04-07 13:29:40+00:00,1,1,0.739717,0.260283
9,C00261,2026-04-07 13:30:10+00:00,1,1,0.568001,0.431999
9,C00262,2026-04-07 13:30:40+00:00,0,1,0.942413,0.057587
9,C00263,2026-04-07 13:31:10+00:00,1,1,0.966428,0.033572
9,C00264,2026-04-07 13:31:40+00:00,1,0,0.352502,0.647498
9,C00265,2026-04-07 13:32:10+00:00,1,0,0.371333,0.628667
9,C00266,2026-04-07 13:32:40+00:00,1,0,0.462044,0.537956
9,C00267,2026-04-07 13:33:10+00:00,1,1,0.835958,0.164042
9,C00268,2026-04-07 13:33:40+00:00,1,1,0.926414,0.073586
9,C00269,2026-04-07 13:34:10+00:00,0,1,0.816727,0.183273
9,C00270,2026-04-07 13:34:40+00:00,1,1,0.964271,0.035729
9,C00271,2026-04-07 13:35:10+00:00,1,0,0.429961,0.570039
9,C00272,2026-04-07 13:35:40+00:00,1,0,0.488742,0.511258
9,C00273,2026-04-07 13:36:10+00:00,1,0,0.366750,0.633250
9,C00274,2026-04-07 13:36:40+00:00,1,1,0.905877,0.094123
9,C00275,2026-04-07 13:37:10+00:00,1,1,0.761554,0.238446
9,C00276,2026-04-07 13:37:40+00:00,1,1,0.975504,0.024496
9,C00277,2026-04-07 13:38:10+00:00,1,1,0.925650,0.074350
9,C00278,2026-04-07 13:38:40+00:00,1,1,0.885972,0.114028
9,C00279,2026-04-07 13:39:10+00:00,1,1,0.958579,0.041421
9,C00280,2026-04-07 13:39:40+00:00,1,1,0.867567,0.132433
9,C00281,2026-04-07 13:40:10+00:00,1,1,0.748550,0.251450
9,C00282,2026-04-07 13:40:40+00:00,1,1,0.722419,0.277581
9,C00283,2026-04-07 13:41:10+00:00,1,1,0.576031,0.423969
9,C00284,2026-04-07 13:41:40+00:00,1,1,0.993272,0.006728
9,C00285,2026-04-07 13:42:10+00:00,1,1,0.939430,0.060570
9,C00286,2026-04-07 13:42:40+00:00,1,1,0.893234,0.106766
9,C00287,2026-04-07 13:43:10+00:00,1,1,0.860381,0.139619
9,C00288,2026-04-07 13:43:40+00:00,1,1,0.778666,0.221334
9,C00289,2026-04-07 13:44:10+00:00,1,1,0.707168,0.292832
9,C00290,2026-04-07 13:44:40+00:00,1,1,0.953152,0.046848
9,C00291,2026-04-07 13:45:10+00:00,1,1,0.655586,0.344414
9,C00292,2026-04-07 13:45:40+00:00,1,1,0.703574,0.296426
9,C00293,2026-04-07 13:46:10+00:00,1,1,0.535737,0.464263
9,C00294,2026-04-07 13:46:40+00:00,1,1,0.656626,0.343374
9,C00295,2026-04-07 13:47:10+00:00,1,1,0.788345,0.211655
9,C00296,2026-04-07 13:47:40+00:00,1,1,0.804822,0.195178
9,C00297,2026-04-07 13:48:10+00:00,1,1,0.888625,0.111375
9,C00298,2026-04-07 13:48:40+00:00,1,1,0.957717,0.042283
9,C00299,2026-04-07 13:49:10+00:00,1,1,0.974011,0.025989
9,C00300,2026-04-07 13:49:40+00:00,1,1,0.974224,0.025776
9,C00301,2026-04-07 13:50:10+00:00,1,1,0.937764,0.062236
9,C00302,2026-04-07 13:50:40+00:00,1,1,0.903748,0.096252
9,C00303,2026-04-07 13:51:10+00:00,1,1,0.786787,0.213213
9,C00304,2026-04-07 13:51:40+00:00,1,1,0.858037,0.141963
9,C00305,2026-04-07 13:52:10+00:00,1,1,0.792002,0.207998
9,C00306,2026-04-07 13:52:40+00:00,1,1,0.851524,0.148476
9,C00307,2026-04-07 13:53:10+00:00,1,1,0.604995,0.395005
9,C00308,2026-04-07 13:53:40+00:00,1,0,0.477560,0.522440
9,C00309,2026-04-07 13:54:10+00:00,1,1,0.667150,0.332850
9,C00310,2026-04-07 13:54:40+00:00,1,1,0.689932,0.310068
9,C00311,2026-04-07 13:55:10+00:00,1,1,0.859881,0.140119
9,C00312,2026-04-07 13:55:40+00:00,1,1,0.660772,0.339228
9,C00313,2026-04-07 13:56:10+00:00,1,1,0.974904,0.025096
9,C00314,2026-04-07 13:56:40+00:00,1,1,0.953211,0.046789
9,C00315,2026-04-07 13:57:10+00:00,1,1,0.723868,0.276132
9,C00316,2026-04-07 13:57:40+00:00,1,0,0.472714,0.527286
9,C00317,2026-04-07 13:58:10+00:00,1,1,0.743921,0.256079
9,C00318,2026-04-07 13:58:40+00:00,1,1,0.709597,0.290403
9,C00319,2026-04-07 13:59:10+00:00,1,1,0.591251,0.408749
9,C00320,2026-04-07 13:59:40+00:00,1,1,0.731107,0.268893
9,C00321,2026-04-07 14:00:10+00:00,1,1,0.509995,0.490005
9,C00322,2026-04-07 14:00:40+00:00,1,1,0.538558,0.461442
9,C00323,2026-04-07 14:01:10+00:00,1,1,0.552115,0.447885
9,C00324,2026-04-07 14:01:40+00:00,1,0,0.402146,0.597854
9,C00325,2026-04-07 14:02:10+00:00,1,0,0.249087,0.750913
9,C00326,2026-04-07 14:02:40+00:00,1,0,0.428220,0.571780
9,C00327,2026-04-07 14:03:10+00:00,1,1,0.540358,0.459642
9,C00328,2026-04-07 14:03:40+00:00,0,1,0.651947,0.348053
9,C00329,2026-04-07 14:04:10+00:00,1,0,0.473166,0.526834
9,C00330,2026-04-07 14:04:40+00:00,1,0,0.285630,0.714370
9,C00331,2026-04-07 14:05:10+00:00,1,1,0.769478,0.230522
9,C00332,2026-04-07 14:05:40+00:00,1,1,0.539963,0.460037
9,C00333,2026-04-07 14:06:10+00:00,1,1,0.539744,0.460256
9,C00334,2026-04-07 14:06:40+00:00,1,0,0.433345,0.566655
9,C00335,2026-04-07 14:07:10+00:00,1,0,0.469048,0.530952
9,C00336,2026-04-07 14:07:40+00:00,1,0,0.238412,0.761588
9,C00337,2026-04-07 14:08:10+00:00,1,1,0.514658,0.485342
9,C00338,2026-04-07 14:08:40+00:00,1,1,0.791197,0.208803
9,C00339,2026-04-07 14:09:10+00:00,1,0,0.366432,0.633568
9,C00340,2026-04-07 14:09:40+00:00,1,0,0.443145,0.556855
9,C00341,2026-04-07 14:10:10+00:00,1,1,0.584420,0.415580
9,C00342,2026-04-07 14:10:40+00:00,1,1,0.654054,0.345946
9,C00343,2026-04-07 14:11:10+00:00,1,1,0.583885,0.416115
9,C00344,2026-04-07 14:11:40+00:00,1,1,0.582368,0.417632
9,C00345,2026-04-07 14:12:10+00:00,1,0,0.386792,0.613208
9,C00346,2026-04-07 14:12:40+00:00,1,1,0.506310,0.493690
9,C00347,2026-04-07 14:13:10+00:00,1,0,0.494974,0.505026
9,C00348,2026-04-07 14:13:40+00:00,0,0,0.353678,0.646322
9,C00349,2026-04-07 14:14:10+00:00,1,0,0.388488,0.611512
9,C00350,2026-04-07 14:14:40+00:00,1,0,0.241213,0.758787
9,C00351,2026-04-07 14:15:10+00:00,1,0,0.414189,0.585811
9,C00352,2026-04-07 14:15:40+00:00,1,1,0.886790,0.113210
9,C00353,2026-04-07 14:16:10+00:00,1,0,0.487330,0.512670
9,C00354,2026-04-07 14:16:40+00:00,1,1,0.550026,0.449974
9,C00355,2026-04-07 14:17:10+00:00,1,0,0.419574,0.580426
9,C00356,2026-04-07 14:17:40+00:00,1,1,0.622493,0.377507
9,C00357,2026-04-07 14:18:10+00:00,1,1,0.569078,0.430922
9,C00358,2026-04-07 14:18:40+00:00,1,1,0.573161,0.426839
9,C00359,2026-04-07 14:19:10+00:00,1,1,0.642553,0.357447
9,C00360,2026-04-07 14:19:40+00:00,1,1,0.525392,0.474608
9,C00361,2026-04-07 14:20:10+00:00,1,0,0.353568,0.646432
9,C00362,2026-04-07 14:20:40+00:00,1,0,0.382364,0.617636
9,C00363,2026-04-07 14:21:10+00:00,1,1,0.636864,0.363136
9,C00364,2026-04-07 14:21:40+00:00,1,1,0.533878,0.466122
9,C00365,2026-04-07 14:22:10+00:00,1,0,0.398733,0.601267
9,C00366,2026-04-07 14:22:40+00:00,1,0,0.389406,0.610594
9,C00367,2026-04-07 14:23:10+00:00,1,1,0.565616,0.434384
9,C00368,2026-04-07 14:23:40+00:00,0,1,0.581884,0.418116
9,C00369,2026-04-07 14:24:10+00:00,0,0,0.475792,0.524208
9,C00370,2026-04-07 14:24:40+00:00,0,1,0.501196,0.498804
9,C00371,2026-04-07 14:25:10+00:00,1,0,0.433704,0.566296
9,C00372,2026-04-07 14:25:40+00:00,1,0,0.450769,0.549231
9,C00373,2026-04-07 14:26:10+00:00,1,1,0.541403,0.458597
9,C00374,2026-04-07 14:26:40+00:00,0,1,0.799569,0.200431
9,C00375,2026-04-07 14:27:10+00:00,1,1,0.560836,0.439164
9,C00376,2026-04-07 14:27:40+00:00,1,0,0.429611,0.570389
9,C00377,2026-04-07 14:28:10+00:00,0,0,0.450725,0.549275
9,C00378,2026-04-07 14:28:40+00:00,1,0,0.443448,0.556552
9,C00379,2026-04-07 14:29:10+00:00,1,0,0.297649,0.702351
9,C00380,2026-04-07 14:29:40+00:00,1,0,0.328178,0.671822
9,C00381,2026-04-07 14:30:10+00:00,1,0,0.402516,0.597484
9,C00382,2026-04-07 14:30:40+00:00,1,1,0.686432,0.313568
9,C00383,2026-04-07 14:31:10+00:00,1,1,0.872965,0.127035
9,C00384,2026-04-07 14:31:40+00:00,1,1,0.634111,0.365889
9,C00385,2026-04-07 14:32:10+00:00,1,1,0.729103,0.270897
9,C00386,2026-04-07 14:32:40+00:00,1,1,0.911947,0.088053
9,C00387,2026-04-07 14:33:10+00:00,1,1,0.680754,0.319246
9,C00388,2026-04-07 14:33:40+00:00,1,1,0.782894,0.217106
9,C00389,2026-04-07 14:34:10+00:00,1,1,0.946505,0.053495
9,C00390,2026-04-07 14:34:40+00:00,1,1,0.903809,0.096191
9,C00391,2026-04-07 14:35:10+00:00,1,1,0.734232,0.265768
9,C00392,2026-04-07 14:35:40+00:00,1,1,0.920568,0.079432
9,C00393,2026-04-07 14:36:10+00:00,1,0,0.470172,0.529828
9,C00394,2026-04-07 14:36:40+00:00,1,1,0.713427,0.286573
9,C00395,2026-04-07 14:37:10+00:00,1,1,0.737040,0.262960
9,C00396,2026-04-07 14:37:40+00:00,1,1,0.743548,0.256452
9,C00397,2026-04-07 14:38:10+00:00,0,1,0.732398,0.267602
9,C00398,2026-04-07 14:38:40+00:00,1,1,0.537965,0.462035
9,C00399,2026-04-07 14:39:10+00:00,1,0,0.437286,0.562714
9,C00400,2026-04-07 14:39:40+00:00,1,0,0.467879,0.532121
9,C00401,2026-04-07 14:40:10+00:00,1,1,0.790414,0.209586
9,C00402,2026-04-07 14:40:40+00:00,1,1,0.824526,0.175474
9,C00403,2026-04-07 14:41:10+00:00,1,1,0.946254,0.053746
9,C00404,2026-04-07 14:41:40+00:00,1,1,0.569042,0.430958
9,C00405,2026-04-07 14:42:10+00:00,1,1,0.689617,0.310383
9,C00406,2026-04-07 14:42:40+00:00,1,1,0.820501,0.179499
9,C00407,2026-04-07 14:43:10+00:00,1,1,0.560157,0.439843
9,C00408,2026-04-07 14:43:40+00:00,1,1,0.830810,0.169190
9,C00409,2026-04-07 14:44:10+00:00,1,1,0.806214,0.193786
9,C00410,2026-04-07 14:44:40+00:00,0,1,0.689026,0.310974
9,C00411,2026-04-07 14:45:10+00:00,0,0,0.416022,0.583978
9,C00412,2026-04-07 14:45:40+00:00,1,0,0.298370,0.701630
9,C00413,2026-04-07 14:46:10+00:00,1,0,0.435304,0.564696
9,C00414,2026-04-07 14:46:40+00:00,1,0,0.483781,0.516219
9,C00415,2026-04-07 14:47:10+00:00,0,1,0.948256,0.051744
9,C00416,2026-04-07 14:47:40+00:00,1,1,0.896499,0.103501
9,C00417,2026-04-07 14:48:10+00:00,1,1,0.770613,0.229387
9,C00418,2026-04-07 14:48:40+00:00,1,1,0.731250,0.268750
9,C00419,2026-04-07 14:49:10+00:00,1,1,0.952965,0.047035
9,C00420,2026-04-07 14:49:40+00:00,1,1,0.930502,0.069498
9,C00421,2026-04-07 14:50:10+00:00,1,1,0.787188,0.212812
9,C00422,2026-04-07 14:50:40+00:00,1,1,0.690327,0.309673
9,C00423,2026-04-07 14:51:10+00:00,1,1,0.721500,0.278500
9,C00424,2026-04-07 14:51:40+00:00,1,1,0.665033,0.334967
9,C00425,2026-04-07 14:52:10+00:00,1,1,0.838057,0.161943
9,C00426,2026-04-07 14:52:40+00:00,1,1,0.977803,0.022197
9,C00427,2026-04-07 14:53:10+00:00,1,1,0.951994,0.048006
9,C00428,2026-04-07 14:53:40+00:00,1,1,0.986880,0.013120
9,C00429,2026-04-07 14:54:10+00:00,1,1,0.815757,0.184243
9,C00430,2026-04-07 14:54:40+00:00,1,1,0.859747,0.140253
9,C00431,2026-04-07 14:55:10+00:00,0,1,0.896577,0.103423
9,C00432,2026-04-07 14:55:40+00:00,0,1,0.748643,0.251357
9,C00433,2026-04-07 14:56:10+00:00,0,0,0.494762,0.505238
9,C00434,2026-04-07 14:56:40+00:00,0,1,0.558947,0.441053
9,C00435,2026-04-07 14:57:10+00:00,0,0,0.323088,0.676912
9,C00436,2026-04-07 14:57:40+00:00,0,1,0.605370,0.394630
9,C00437,2026-04-07 14:58:10+00:00,0,0,0.394249,0.605751
9,C00438,2026-04-07 14:58:40+00:00,0,0,0.459252,0.540748
9,C00439,2026-04-07 14:59:10+00:00,0,1,0.503706,0.496294
9,C00440,2026-04-07 14:59:40+00:00,0,0,0.451888,0.548112
9,C00441,2026-04-07 15:00:10+00:00,0,1,0.514828,0.485172
9,C00442,2026-04-07 15:00:40+00:00,0,1,0.521666,0.478334
9,C00443,2026-04-07 15:01:10+00:00,0,0,0.457606,0.542394
9,C00444,2026-04-07 15:01:40+00:00,1,0,0.411425,0.588575
9,C00445,2026-04-07 15:02:10+00:00,1,0,0.444671,0.555329
9,C00446,2026-04-07 15:02:40+00:00,1,1,0.677121,0.322879
9,C00447,2026-04-07 15:03:10+00:00,0,1,0.695533,0.304467
9,C00448,2026-04-07 15:03:40+00:00,0,1,0.708401,0.291599
9,C00449,2026-04-07 15:04:10+00:00,0,0,0.234003,0.765997
9,C00450,2026-04-07 15:04:40+00:00,1,0,0.407280,0.592720
9,C00451,2026-04-07 15:05:10+00:00,1,0,0.384143,0.615857
9,C00452,2026-04-07 15:05:40+00:00,1,0,0.438882,0.561118
9,C00453,2026-04-07 15:06:10+00:00,1,1,0.552834,0.447166
9,C00454,2026-04-07 15:06:40+00:00,1,0,0.461385,0.538615
9,C00455,2026-04-07 15:07:10+00:00,0,1,0.729827,0.270173
9,C00456,2026-04-07 15:07:40+00:00,1,1,0.746792,0.253208
9,C00457,2026-04-07 15:08:10+00:00,1,1,0.626186,0.373814
9,C00458,2026-04-07 15:08:40+00:00,1,1,0.695017,0.304983
9,C00459,2026-04-07 15:09:10+00:00,0,1,0.729196,0.270804
9,C00460,2026-04-07 15:09:40+00:00,1,1,0.723824,0.276176
9,C00461,2026-04-07 15:10:10+00:00,1,1,0.546834,0.453166
9,C00462,2026-04-07 15:10:40+00:00,1,1,0.521520,0.478480
9,C00463,2026-04-07 15:11:10+00:00,1,1,0.733686,0.266314
9,C00464,2026-04-07 15:11:40+00:00,1,1,0.601904,0.398096
9,C00465,2026-04-07 15:12:10+00:00,1,1,0.583344,0.416656
9,C00466,2026-04-07 15:12:40+00:00,0,1,0.589987,0.410013
9,C00467,2026-04-07 15:13:10+00:00,1,0,0.333244,0.666756
9,C00468,2026-04-07 15:13:40+00:00,1,0,0.291211,0.708789
9,C00469,2026-04-07 15:14:10+00:00,1,0,0.476491,0.523509
9,C00470,2026-04-07 15:14:40+00:00,1,1,0.694384,0.305616
9,C00471,2026-04-07 15:15:10+00:00,1,1,0.716703,0.283297
9,C00472,2026-04-07 15:15:40+00:00,1,0,0.316535,0.683465
9,C00473,2026-04-07 15:16:10+00:00,1,1,0.559823,0.440177
9,C00474,2026-04-07 15:16:40+00:00,1,1,0.697273,0.302727
9,C00475,2026-04-07 15:17:10+00:00,1,0,0.455892,0.544108
9,C00476,2026-04-07 15:17:40+00:00,1,1,0.676875,0.323125
9,C00477,2026-04-07 15:18:10+00:00,1,1,0.894572,0.105428
9,C00478,2026-04-07 15:18:40+00:00,1,1,0.911773,0.088227
9,C00479,2026-04-07 15:19:10+00:00,1,1,0.788008,0.211992
9,C00480,2026-04-07 15:19:40+00:00,1,1,0.786137,0.213863
9,C00481,2026-04-07 15:20:10+00:00,1,1,0.989306,0.010694
9,C00482,2026-04-07 15:20:40+00:00,1,1,0.957791,0.042209
9,C00483,2026-04-07 15:21:10+00:00,1,1,0.921070,0.078930
9,C00484,2026-04-07 15:21:40+00:00,1,1,0.970748,0.029252
9,C00485,2026-04-07 15:22:10+00:00,1,1,0.941342,0.058658
9,C00486,2026-04-07 15:22:40+00:00,1,1,0.894490,0.105510
9,C00487,2026-04-07 15:23:10+00:00,1,1,0.921986,0.078014
9,C00488,2026-04-07 15:23:40+00:00,1,1,0.990717,0.009283
9,C00489,2026-04-07 15:24:10+00:00,1,1,0.863360,0.136640
9,C00490,2026-04-07 15:24:40+00:00,1,1,0.939500,0.060500
9,C00491,2026-04-07 15:25:10+00:00,1,1,0.886682,0.113318
9,C00492,2026-04-07 15:25:40+00:00,1,1,0.855441,0.144559
9,C00493,2026-04-07 15:26:10+00:00,1,1,0.794950,0.205050
9,C00494,2026-04-07 15:26:40+00:00,1,1,0.787648,0.212352
9,C00495,2026-04-07 15:27:10+00:00,1,1,0.844138,0.155862
9,C00496,2026-04-07 15:27:40+00:00,1,1,0.756172,0.243828
9,C00497,2026-04-07 15:28:10+00:00,1,1,0.837361,0.162639
9,C00498,2026-04-07 15:28:40+00:00,1,1,0.819022,0.180978
9,C00499,2026-04-07 15:29:10+00:00,0,1,0.794225,0.205775
9,C00500,2026-04-07 15:29:40+00:00,1,1,0.770569,0.229431
9,C00501,2026-04-07 15:30:10+00:00,1,1,0.547343,0.452657
9,C00502,2026-04-07 15:30:40+00:00,1,1,0.765819,0.234181
9,C00503,2026-04-07 15:31:10+00:00,1,1,0.777087,0.222913
9,C00504,2026-04-07 15:31:40+00:00,1,1,0.773403,0.226597
9,C00505,2026-04-07 15:32:10+00:00,1,1,0.509039,0.490961
9,C00506,2026-04-07 15:32:40+00:00,1,0,0.396417,0.603583
9,C00507,2026-04-07 15:33:10+00:00,1,0,0.466512,0.533488
9,C00508,2026-04-07 15:33:40+00:00,1,1,0.551113,0.448887
9,C00509,2026-04-07 15:34:10+00:00,1,0,0.494008,0.505992
9,C00510,2026-04-07 15:34:40+00:00,0,1,0.607211,0.392789
9,C00511,2026-04-07 15:35:10+00:00,0,1,0.580618,0.419382
9,C00512,2026-04-07 15:35:40+00:00,1,0,0.367312,0.632688
9,C00513,2026-04-07 15:36:10+00:00,1,0,0.335888,0.664112
9,C00514,2026-04-07 15:36:40+00:00,1,1,0.540121,0.459879
9,C00515,2026-04-07 15:37:10+00:00,1,0,0.480114,0.519886
9,C00516,2026-04-07 15:37:40+00:00,1,0,0.492082,0.507918
9,C00517,2026-04-07 15:38:10+00:00,1,1,0.885668,0.114332
9,C00518,2026-04-07 15:38:40+00:00,1,1,0.751546,0.248454
9,C00519,2026-04-07 15:39:10+00:00,1,1,0.693544,0.306456
9,C00520,2026-04-07 15:39:40+00:00,1,1,0.734784,0.265216
9,C00521,2026-04-07 15:40:10+00:00,1,1,0.977274,0.022726
9,C00522,2026-04-07 15:40:40+00:00,1,1,0.882776,0.117224
9,C00523,2026-04-07 15:41:10+00:00,1,1,0.885320,0.114680
9,C00524,2026-04-07 15:41:40+00:00,1,1,0.806086,0.193914
9,C00525,2026-04-07 15:42:10+00:00,1,1,0.698158,0.301842
9,C00526,2026-04-07 15:42:40+00:00,1,1,0.746790,0.253210
9,C00527,2026-04-07 15:43:10+00:00,1,1,0.944781,0.055219
9,C00528,2026-04-07 15:43:40+00:00,1,1,0.820280,0.179720
9,C00529,2026-04-07 15:44:10+00:00,1,1,0.870746,0.129254
9,C00530,2026-04-07 15:44:40+00:00,1,1,0.927285,0.072715
9,C00531,2026-04-07 15:45:10+00:00,1,1,0.927769,0.072231
9,C00532,2026-04-07 15:45:40+00:00,1,1,0.723346,0.276654
9,C00533,2026-04-07 15:46:10+00:00,1,1,0.671522,0.328478
9,C00534,2026-04-07 15:46:40+00:00,1,1,0.969824,0.030176
9,C00535,2026-04-07 15:47:10+00:00,1,1,0.885405,0.114595
9,C00536,2026-04-07 15:47:40+00:00,1,1,0.894826,0.105174
9,C00537,2026-04-07 15:48:10+00:00,1,1,0.994050,0.005950
9,C00538,2026-04-07 15:48:40+00:00,1,1,0.944516,0.055484
9,C00539,2026-04-07 15:49:10+00:00,1,1,0.949577,0.050423
9,C00540,2026-04-07 15:49:40+00:00,1,1,0.724822,0.275178
9,C00541,2026-04-07 15:50:10+00:00,1,1,0.605285,0.394715
9,C00542,2026-04-07 15:50:40+00:00,1,1,0.776033,0.223967
9,C00543,2026-04-07 15:51:10+00:00,1,1,0.692617,0.307383
9,C00544,2026-04-07 15:51:40+00:00,1,1,0.519885,0.480115
9,C00545,2026-04-07 15:52:10+00:00,1,1,0.921576,0.078424
9,C00546,2026-04-07 15:52:40+00:00,1,1,0.917516,0.082484
9,C00547,2026-04-07 15:53:10+00:00,1,1,0.825791,0.174209
9,C00548,2026-04-07 15:53:40+00:00,1,1,0.786624,0.213376
9,C00549,2026-04-07 15:54:10+00:00,1,1,0.940625,0.059375
9,C00550,2026-04-07 15:54:40+00:00,1,1,0.640310,0.359690
9,C00551,2026-04-07 15:55:10+00:00,1,0,0.393845,0.606155
9,C00552,2026-04-07 15:55:40+00:00,1,1,0.525413,0.474587
9,C00553,2026-04-07 15:56:10+00:00,0,1,0.752435,0.247565
9,C00554,2026-04-07 15:56:40+00:00,1,1,0.931169,0.068831
9,C00555,2026-04-07 15:57:10+00:00,1,0,0.495307,0.504693
9,C00556,2026-04-07 15:57:40+00:00,1,0,0.465267,0.534733
9,C00557,2026-04-07 15:58:10+00:00,1,1,0.734279,0.265721
9,C00558,2026-04-07 15:58:40+00:00,1,1,0.945101,0.054899
14,C00559,2026-04-08 08:54:30+00:00,1,0,0.009244,0.990756
14,C00560,2026-04-08 08:55:00+00:00,1,1,0.839656,0.160344
14,C00561,2026-04-08 08:55:30+00:00,1,1,0.728406,0.271594
14,C00562,2026-04-08 08:56:00+00:00,1,1,0.819444,0.180556
14,C00563,2026-04-08 08:56:30+00:00,1,1,0.838636,0.161364
14,C00564,2026-04-08 08:57:00+00:00,1,1,0.879116,0.120884
14,C00565,2026-04-08 08:57:30+00:00,1,1,0.750727,0.249273
14,C00566,2026-04-08 08:58:00+00:00,1,1,0.734596,0.265404
14,C00567,2026-04-08 08:58:30+00:00,1,1,0.868123,0.131877
14,C00568,2026-04-08 08:59:00+00:00,1,1,0.848407,0.151593
14,C00569,2026-04-08 08:59:30+00:00,1,1,0.870083,0.129917
14,C00570,2026-04-08 09:00:00+00:00,1,1,0.521675,0.478325
14,C00571,2026-04-08 09:00:30+00:00,1,0,0.479106,0.520894
14,C00572,2026-04-08 09:01:00+00:00,1,1,0.813949,0.186051
14,C00573,2026-04-08 09:01:30+00:00,1,1,0.687426,0.312574
14,C00574,2026-04-08 09:02:00+00:00,1,1,0.806960,0.193040
14,C00575,2026-04-08 09:02:30+00:00,1,1,0.777887,0.222113
14,C00576,2026-04-08 09:03:00+00:00,1,1,0.875056,0.124944
14,C00577,2026-04-08 09:03:30+00:00,1,1,0.833805,0.166195
14,C00578,2026-04-08 09:04:00+00:00,1,1,0.737111,0.262889
14,C00579,2026-04-08 09:04:30+00:00,1,0,0.376420,0.623580
14,C00580,2026-04-08 09:05:00+00:00,1,1,0.720793,0.279207
14,C00581,2026-04-08 09:05:30+00:00,1,1,0.811682,0.188318
14,C00582,2026-04-08 09:06:00+00:00,1,1,0.816722,0.183278
14,C00583,2026-04-08 09:06:30+00:00,1,1,0.810627,0.189373
14,C00584,2026-04-08 09:07:00+00:00,1,1,0.860049,0.139951
14,C00585,2026-04-08 09:07:30+00:00,1,1,0.900999,0.099001
14,C00586,2026-04-08 09:08:00+00:00,1,1,0.715580,0.284420
14,C00587,2026-04-08 09:08:30+00:00,0,1,0.599135,0.400865
14,C00588,2026-04-08 09:09:00+00:00,1,1,0.525034,0.474966
14,C00589,2026-04-08 09:09:30+00:00,1,0,0.266465,0.733535
14,C00590,2026-04-08 09:10:00+00:00,1,1,0.523297,0.476703
14,C00591,2026-04-08 09:10:30+00:00,1,1,0.661488,0.338512
14,C00592,2026-04-08 09:11:00+00:00,1,0,0.432508,0.567492
14,C00593,2026-04-08 09:11:30+00:00,1,0,0.441792,0.558208
14,C00594,2026-04-08 09:12:00+00:00,1,0,0.439302,0.560698
14,C00595,2026-04-08 09:12:30+00:00,0,0,0.482810,0.517190
14,C00596,2026-04-08 09:13:00+00:00,1,1,0.524109,0.475891
14,C00597,2026-04-08 09:13:30+00:00,1,0,0.363863,0.636137
14,C00598,2026-04-08 09:14:00+00:00,0,1,0.689363,0.310637
14,C00599,2026-04-08 09:14:30+00:00,1,1,0.746899,0.253101
14,C00600,2026-04-08 09:15:00+00:00,1,0,0.482729,0.517271
14,C00601,2026-04-08 09:15:30+00:00,1,1,0.503868,0.496132
14,C00602,2026-04-08 09:16:00+00:00,0,1,0.607253,0.392747
14,C00603,2026-04-08 09:16:30+00:00,1,1,0.723510,0.276490
14,C00604,2026-04-08 09:17:00+00:00,0,0,0.284702,0.715298
14,C00605,2026-04-08 09:17:30+00:00,0,0,0.319052,0.680948
14,C00606,2026-04-08 09:18:00+00:00,1,0,0.259794,0.740206
14,C00607,2026-04-08 09:18:30+00:00,0,0,0.397798,0.602202
14,C00608,2026-04-08 09:19:00+00:00,1,1,0.663220,0.336780
14,C00609,2026-04-08 09:19:30+00:00,1,1,0.563520,0.436480
14,C00610,2026-04-08 09:20:00+00:00,0,1,0.704729,0.295271
14,C00611,2026-04-08 09:20:30+00:00,1,0,0.441770,0.558230
14,C00612,2026-04-08 09:21:00+00:00,1,0,0.271729,0.728271
14,C00613,2026-04-08 09:21:30+00:00,1,1,0.537305,0.462695
14,C00614,2026-04-08 09:22:00+00:00,1,0,0.471202,0.528798
14,C00615,2026-04-08 09:22:30+00:00,1,0,0.449465,0.550535
14,C00616,2026-04-08 09:23:00+00:00,1,1,0.616538,0.383462
14,C00617,2026-04-08 09:23:30+00:00,1,1,0.616457,0.383543
14,C00618,2026-04-08 09:24:00+00:00,1,1,0.699966,0.300034
14,C00619,2026-04-08 09:24:30+00:00,1,1,0.739893,0.260107
14,C00620,2026-04-08 09:25:00+00:00,1,0,0.440220,0.559780
14,C00621,2026-04-08 09:25:30+00:00,1,0,0.447450,0.552550
14,C00622,2026-04-08 09:26:00+00:00,1,1,0.609965,0.390035
14,C00623,2026-04-08 09:26:30+00:00,1,1,0.885243,0.114757
14,C00624,2026-04-08 09:27:00+00:00,1,1,0.560153,0.439847
14,C00625,2026-04-08 09:27:30+00:00,1,1,0.527901,0.472099
14,C00626,2026-04-08 09:28:00+00:00,1,1,0.625133,0.374867
14,C00627,2026-04-08 09:28:30+00:00,1,0,0.491920,0.508080
14,C00628,2026-04-08 09:29:00+00:00,1,1,0.676523,0.323477
14,C00629,2026-04-08 09:29:30+00:00,1,0,0.436281,0.563719
14,C00630,2026-04-08 09:30:00+00:00,1,1,0.790831,0.209169
14,C00631,2026-04-08 09:30:30+00:00,1,1,0.811667,0.188333
14,C00632,2026-04-08 09:31:00+00:00,1,1,0.677264,0.322736
14,C00633,2026-04-08 09:31:30+00:00,1,0,0.358340,0.641660
14,C00634,2026-04-08 09:32:00+00:00,1,0,0.495263,0.504737
14,C00635,2026-04-08 09:32:30+00:00,1,1,0.705646,0.294354
14,C00636,2026-04-08 09:33:00+00:00,1,1,0.694179,0.305821
14,C00637,2026-04-08 09:33:30+00:00,1,1,0.885372,0.114628
14,C00638,2026-04-08 09:34:00+00:00,1,1,0.883931,0.116069
14,C00639,2026-04-08 09:34:30+00:00,1,1,0.906231,0.093769
14,C00640,2026-04-08 09:35:00+00:00,1,1,0.715119,0.284881
14,C00641,2026-04-08 09:35:30+00:00,1,1,0.886341,0.113659
14,C00642,2026-04-08 09:36:00+00:00,1,1,0.759572,0.240428
14,C00643,2026-04-08 09:36:30+00:00,1,1,0.708736,0.291264
14,C00644,2026-04-08 09:37:00+00:00,1,1,0.529947,0.470053
14,C00645,2026-04-08 09:37:30+00:00,1,1,0.833934,0.166066
14,C00646,2026-04-08 09:38:00+00:00,1,1,0.875115,0.124885
14,C00647,2026-04-08 09:38:30+00:00,1,1,0.889387,0.110613
14,C00648,2026-04-08 09:39:00+00:00,1,1,0.688738,0.311262
14,C00649,2026-04-08 09:39:30+00:00,1,1,0.524769,0.475231
14,C00650,2026-04-08 09:40:00+00:00,1,0,0.488862,0.511138
14,C00651,2026-04-08 09:40:30+00:00,1,1,0.595801,0.404199
14,C00652,2026-04-08 09:41:00+00:00,1,1,0.784929,0.215071
14,C00653,2026-04-08 09:41:30+00:00,1,1,0.631083,0.368917
14,C00654,2026-04-08 09:42:00+00:00,1,1,0.739852,0.260148
14,C00655,2026-04-08 09:42:30+00:00,1,1,0.702950,0.297050
14,C00656,2026-04-08 09:43:00+00:00,1,1,0.667474,0.332526
14,C00657,2026-04-08 09:43:30+00:00,1,1,0.855807,0.144193
14,C00658,2026-04-08 09:44:00+00:00,1,1,0.851441,0.148559
14,C00659,2026-04-08 09:44:30+00:00,1,1,0.841960,0.158040
14,C00660,2026-04-08 09:45:00+00:00,1,1,0.744085,0.255915
14,C00661,2026-04-08 09:45:30+00:00,1,1,0.795678,0.204322
14,C00662,2026-04-08 09:46:00+00:00,1,1,0.625844,0.374156
14,C00663,2026-04-08 09:46:30+00:00,1,1,0.603317,0.396683
14,C00664,2026-04-08 09:47:00+00:00,1,1,0.657224,0.342776
14,C00665,2026-04-08 09:47:30+00:00,1,1,0.633695,0.366305
14,C00666,2026-04-08 09:48:00+00:00,1,1,0.523055,0.476945
14,C00667,2026-04-08 09:48:30+00:00,1,1,0.592328,0.407672
14,C00668,2026-04-08 09:49:00+00:00,1,0,0.490932,0.509068
14,C00669,2026-04-08 09:49:30+00:00,1,1,0.641187,0.358813
14,C00670,2026-04-08 09:50:00+00:00,1,1,0.604608,0.395392
14,C00671,2026-04-08 09:50:30+00:00,1,1,0.601122,0.398878
14,C00672,2026-04-08 09:51:00+00:00,1,1,0.664275,0.335725
14,C00673,2026-04-08 09:51:30+00:00,1,0,0.438192,0.561808
14,C00674,2026-04-08 09:52:00+00:00,1,1,0.552584,0.447416
14,C00675,2026-04-08 09:52:30+00:00,1,1,0.502597,0.497403
14,C00676,2026-04-08 09:53:00+00:00,1,1,0.654881,0.345119
14,C00677,2026-04-08 09:53:30+00:00,1,1,0.597384,0.402616
14,C00678,2026-04-08 09:54:00+00:00,1,1,0.577799,0.422201
14,C00679,2026-04-08 09:54:30+00:00,1,1,0.543536,0.456464
14,C00680,2026-04-08 09:55:00+00:00,0,0,0.456968,0.543032
14,C00681,2026-04-08 09:55:30+00:00,1,0,0.495087,0.504913
14,C00682,2026-04-08 09:56:00+00:00,0,0,0.333659,0.666341
14,C00683,2026-04-08 09:56:30+00:00,1,0,0.395288,0.604712
14,C00684,2026-04-08 09:57:00+00:00,0,0,0.347074,0.652926
14,C00685,2026-04-08 09:57:30+00:00,0,1,0.545066,0.454934
14,C00686,2026-04-08 09:58:00+00:00,0,0,0.420692,0.579308
14,C00687,2026-04-08 09:58:30+00:00,1,0,0.411483,0.588517
14,C00688,2026-04-08 09:59:00+00:00,0,0,0.449241,0.550759
14,C00689,2026-04-08 09:59:30+00:00,0,0,0.348597,0.651403
14,C00690,2026-04-08 10:00:00+00:00,0,0,0.271035,0.728965
14,C00691,2026-04-08 10:00:30+00:00,1,0,0.332855,0.667145
14,C00692,2026-04-08 10:01:00+00:00,1,0,0.483558,0.516442
14,C00693,2026-04-08 10:01:30+00:00,0,0,0.482933,0.517067
14,C00694,2026-04-08 10:02:00+00:00,1,0,0.399842,0.600158
14,C00695,2026-04-08 10:02:30+00:00,1,0,0.355545,0.644455
14,C00696,2026-04-08 10:03:00+00:00,1,0,0.469523,0.530477
14,C00697,2026-04-08 10:03:30+00:00,0,0,0.286378,0.713622
14,C00698,2026-04-08 10:04:00+00:00,0,0,0.412463,0.587537
14,C00699,2026-04-08 10:04:30+00:00,0,0,0.363330,0.636670
14,C00700,2026-04-08 10:05:00+00:00,1,0,0.309614,0.690386
14,C00701,2026-04-08 10:05:30+00:00,1,0,0.324604,0.675396
14,C00702,2026-04-08 10:06:00+00:00,1,0,0.406812,0.593188
14,C00703,2026-04-08 10:06:30+00:00,1,1,0.505004,0.494996
14,C00704,2026-04-08 10:07:00+00:00,1,1,0.700108,0.299892
14,C00705,2026-04-08 10:07:30+00:00,1,1,0.742109,0.257891
14,C00706,2026-04-08 10:08:00+00:00,1,1,0.510495,0.489505
14,C00707,2026-04-08 10:08:30+00:00,1,1,0.569963,0.430037
14,C00708,2026-04-08 10:09:00+00:00,1,0,0.488028,0.511972
14,C00709,2026-04-08 10:09:30+00:00,0,1,0.808149,0.191851
14,C00710,2026-04-08 10:10:00+00:00,0,1,0.556126,0.443874
14,C00711,2026-04-08 10:10:30+00:00,1,0,0.366066,0.633934
14,C00712,2026-04-08 10:11:00+00:00,1,0,0.472949,0.527051
14,C00713,2026-04-08 10:11:30+00:00,1,1,0.585137,0.414863
14,C00714,2026-04-08 10:12:00+00:00,1,1,0.840445,0.159555
14,C00715,2026-04-08 10:12:30+00:00,1,1,0.628692,0.371308
14,C00716,2026-04-08 10:13:00+00:00,1,1,0.597510,0.402490
14,C00717,2026-04-08 10:13:30+00:00,1,1,0.602217,0.397783
14,C00718,2026-04-08 10:14:00+00:00,1,1,0.520515,0.479485
14,C00719,2026-04-08 10:14:30+00:00,0,1,0.630747,0.369253
14,C00720,2026-04-08 10:15:00+00:00,0,1,0.695455,0.304545
14,C00721,2026-04-08 10:15:30+00:00,1,1,0.594601,0.405399
14,C00722,2026-04-08 10:16:00+00:00,1,0,0.488649,0.511351
14,C00723,2026-04-08 10:16:30+00:00,1,1,0.528440,0.471560
14,C00724,2026-04-08 10:17:00+00:00,1,1,0.554160,0.445840
14,C00725,2026-04-08 10:17:30+00:00,1,1,0.723401,0.276599
14,C00726,2026-04-08 10:18:00+00:00,0,1,0.739643,0.260357
14,C00727,2026-04-08 10:18:30+00:00,1,1,0.620227,0.379773
14,C00728,2026-04-08 10:19:00+00:00,1,1,0.647203,0.352797
14,C00729,2026-04-08 10:19:30+00:00,1,1,0.717298,0.282702
14,C00730,2026-04-08 10:20:00+00:00,1,1,0.814509,0.185491
14,C00731,2026-04-08 10:20:30+00:00,1,1,0.511188,0.488812
14,C00732,2026-04-08 10:21:00+00:00,1,1,0.684949,0.315051
14,C00733,2026-04-08 10:21:30+00:00,1,1,0.588236,0.411764
14,C00734,2026-04-08 10:22:00+00:00,1,1,0.692680,0.307320
14,C00735,2026-04-08 10:22:30+00:00,1,1,0.602558,0.397442
14,C00736,2026-04-08 10:23:00+00:00,1,1,0.646271,0.353729
19,C00737,2026-04-08 12:25:00+00:00,1,0,0.003272,0.996728
19,C00738,2026-04-08 12:25:30+00:00,1,1,0.854766,0.145234
19,C00739,2026-04-08 12:26:00+00:00,1,1,0.874818,0.125182
19,C00740,2026-04-08 12:26:30+00:00,1,1,0.838854,0.161146
19,C00741,2026-04-08 12:27:00+00:00,1,1,0.746566,0.253434
19,C00742,2026-04-08 12:27:30+00:00,1,1,0.729124,0.270876
19,C00743,2026-04-08 12:28:00+00:00,1,1,0.815277,0.184723
19,C00744,2026-04-08 12:28:30+00:00,1,1,0.723672,0.276328
19,C00745,2026-04-08 12:29:00+00:00,1,1,0.549609,0.450391
19,C00746,2026-04-08 12:29:30+00:00,1,0,0.492835,0.507165
19,C00747,2026-04-08 12:30:00+00:00,1,1,0.556496,0.443504
19,C00748,2026-04-08 12:30:30+00:00,1,0,0.483257,0.516743
19,C00749,2026-04-08 12:31:00+00:00,1,1,0.560842,0.439158
19,C00750,2026-04-08 12:31:30+00:00,1,0,0.392267,0.607733
19,C00751,2026-04-08 12:32:00+00:00,1,0,0.327620,0.672380
19,C00752,2026-04-08 12:32:30+00:00,1,1,0.650760,0.349240
19,C00753,2026-04-08 12:33:00+00:00,1,1,0.540483,0.459517
19,C00754,2026-04-08 12:33:30+00:00,1,1,0.590874,0.409126
19,C00755,2026-04-08 12:34:00+00:00,1,0,0.419005,0.580995
19,C00756,2026-04-08 12:34:30+00:00,1,0,0.470403,0.529597
19,C00757,2026-04-08 12:35:00+00:00,1,0,0.476785,0.523215
19,C00758,2026-04-08 12:35:30+00:00,1,1,0.585370,0.414630
19,C00759,2026-04-08 12:36:00+00:00,1,0,0.389952,0.610048
19,C00760,2026-04-08 12:36:30+00:00,1,0,0.473506,0.526494
19,C00761,2026-04-08 12:37:00+00:00,1,1,0.536639,0.463361
19,C00762,2026-04-08 12:37:30+00:00,1,1,0.518541,0.481459
19,C00763,2026-04-08 12:38:00+00:00,1,1,0.542352,0.457648
19,C00764,2026-04-08 12:38:30+00:00,1,1,0.597855,0.402145
19,C00765,2026-04-08 12:39:00+00:00,1,0,0.385684,0.614316
19,C00766,2026-04-08 12:39:30+00:00,1,1,0.606561,0.393439
19,C00767,2026-04-08 12:40:00+00:00,1,1,0.588027,0.411973
19,C00768,2026-04-08 12:40:30+00:00,1,1,0.500067,0.499933
19,C00769,2026-04-08 12:41:00+00:00,1,0,0.421952,0.578048
19,C00770,2026-04-08 12:41:30+00:00,1,0,0.413329,0.586671
19,C00771,2026-04-08 12:42:00+00:00,1,0,0.490579,0.509421
19,C00772,2026-04-08 12:42:30+00:00,1,0,0.466867,0.533133
19,C00773,2026-04-08 12:43:00+00:00,1,1,0.622751,0.377249
19,C00774,2026-04-08 12:43:30+00:00,1,0,0.448294,0.551706
19,C00775,2026-04-08 12:44:00+00:00,1,1,0.602069,0.397931
19,C00776,2026-04-08 12:44:30+00:00,1,0,0.463443,0.536557
19,C00777,2026-04-08 12:45:00+00:00,1,1,0.633580,0.366420
19,C00778,2026-04-08 12:45:30+00:00,1,1,0.607440,0.392560
19,C00779,2026-04-08 12:46:00+00:00,1,1,0.576182,0.423818
19,C00780,2026-04-08 12:46:30+00:00,1,1,0.538587,0.461413
19,C00781,2026-04-08 12:47:00+00:00,1,0,0.476092,0.523908
19,C00782,2026-04-08 12:47:30+00:00,1,1,0.551911,0.448089
19,C00783,2026-04-08 12:48:00+00:00,1,1,0.562612,0.437388
19,C00784,2026-04-08 12:48:30+00:00,1,1,0.606341,0.393659
19,C00785,2026-04-08 12:49:00+00:00,1,0,0.447781,0.552219
19,C00786,2026-04-08 12:49:30+00:00,1,0,0.491819,0.508181
19,C00787,2026-04-08 12:50:00+00:00,1,0,0.493974,0.506026
19,C00788,2026-04-08 12:50:30+00:00,1,1,0.504123,0.495877
19,C00789,2026-04-08 12:51:00+00:00,1,0,0.474246,0.525754
19,C00790,2026-04-08 12:51:30+00:00,1,0,0.499134,0.500866
19,C00791,2026-04-08 12:52:00+00:00,1,0,0.485071,0.514929
19,C00792,2026-04-08 12:52:30+00:00,1,0,0.494611,0.505389
19,C00793,2026-04-08 12:53:00+00:00,1,1,0.612688,0.387312
19,C00794,2026-04-08 12:53:30+00:00,1,1,0.505333,0.494667
19,C00795,2026-04-08 12:54:00+00:00,1,1,0.523771,0.476229
19,C00796,2026-04-08 12:54:30+00:00,1,1,0.561793,0.438207
19,C00797,2026-04-08 12:55:00+00:00,1,1,0.546793,0.453207
19,C00798,2026-04-08 12:55:30+00:00,0,0,0.494802,0.505198
19,C00799,2026-04-08 12:56:00+00:00,0,0,0.457821,0.542179
19,C00800,2026-04-08 12:56:30+00:00,1,0,0.493296,0.506704
19,C00801,2026-04-08 12:57:00+00:00,1,0,0.444124,0.555876
19,C00802,2026-04-08 12:57:30+00:00,1,0,0.461049,0.538951
19,C00803,2026-04-08 12:58:00+00:00,1,0,0.382469,0.617531
19,C00804,2026-04-08 12:58:30+00:00,1,0,0.490072,0.509928
19,C00805,2026-04-08 12:59:00+00:00,1,0,0.451648,0.548352
19,C00806,2026-04-08 12:59:30+00:00,1,0,0.488186,0.511814
19,C00807,2026-04-08 13:00:00+00:00,1,1,0.545287,0.454713
19,C00808,2026-04-08 13:00:30+00:00,1,1,0.598686,0.401314
19,C00809,2026-04-08 13:01:00+00:00,1,1,0.625875,0.374125
19,C00810,2026-04-08 13:01:30+00:00,1,1,0.627897,0.372103
19,C00811,2026-04-08 13:02:00+00:00,1,1,0.629159,0.370841
19,C00812,2026-04-08 13:02:30+00:00,1,1,0.657950,0.342050
19,C00813,2026-04-08 13:03:00+00:00,1,1,0.609461,0.390539
19,C00814,2026-04-08 13:03:30+00:00,1,1,0.628587,0.371413
19,C00815,2026-04-08 13:04:00+00:00,1,1,0.641539,0.358461
19,C00816,2026-04-08 13:04:30+00:00,1,0,0.419207,0.580793
19,C00817,2026-04-08 13:05:00+00:00,1,0,0.420362,0.579638
19,C00818,2026-04-08 13:05:30+00:00,1,0,0.361068,0.638932
19,C00819,2026-04-08 13:06:00+00:00,1,0,0.493914,0.506086
19,C00820,2026-04-08 13:06:30+00:00,1,1,0.675877,0.324123
19,C00821,2026-04-08 13:07:00+00:00,1,1,0.505133,0.494867
19,C00822,2026-04-08 13:07:30+00:00,1,1,0.725082,0.274918
19,C00823,2026-04-08 13:08:00+00:00,1,1,0.876882,0.123118
19,C00824,2026-04-08 13:08:30+00:00,1,1,0.669086,0.330914
19,C00825,2026-04-08 13:09:00+00:00,1,1,0.676676,0.323324
19,C00826,2026-04-08 13:09:30+00:00,1,1,0.824755,0.175245
19,C00827,2026-04-08 13:10:00+00:00,1,1,0.871072,0.128928
19,C00828,2026-04-08 13:10:30+00:00,0,0,0.477088,0.522912
19,C00829,2026-04-08 13:11:00+00:00,1,0,0.416369,0.583631
19,C00830,2026-04-08 13:11:30+00:00,1,0,0.420542,0.579458
19,C00831,2026-04-08 13:12:00+00:00,1,1,0.680296,0.319704
19,C00832,2026-04-08 13:12:30+00:00,1,1,0.756354,0.243646
19,C00833,2026-04-08 13:13:00+00:00,1,1,0.846258,0.153742
19,C00834,2026-04-08 13:13:30+00:00,1,1,0.860029,0.139971
19,C00835,2026-04-08 13:14:00+00:00,1,1,0.857453,0.142547
19,C00836,2026-04-08 13:14:30+00:00,1,1,0.742120,0.257880
19,C00837,2026-04-08 13:15:00+00:00,1,1,0.563578,0.436422
19,C00838,2026-04-08 13:15:30+00:00,1,1,0.590175,0.409825
19,C00839,2026-04-08 13:16:00+00:00,1,0,0.491372,0.508628
19,C00840,2026-04-08 13:16:30+00:00,1,1,0.534841,0.465159
19,C00841,2026-04-08 13:17:00+00:00,1,1,0.648255,0.351745
19,C00842,2026-04-08 13:17:30+00:00,1,1,0.590928,0.409072
19,C00843,2026-04-08 13:18:00+00:00,1,0,0.497572,0.502428
24,C00844,2026-04-10 08:13:40+00:00,1,0,0.042066,0.957934
24,C00845,2026-04-10 08:14:10+00:00,1,1,0.501627,0.498373
24,C00846,2026-04-10 08:14:40+00:00,1,1,0.740175,0.259825
24,C00847,2026-04-10 08:15:10+00:00,1,1,0.854937,0.145063
24,C00848,2026-04-10 08:15:40+00:00,1,1,0.948970,0.051030
24,C00849,2026-04-10 08:16:10+00:00,1,1,0.817971,0.182029
24,C00850,2026-04-10 08:16:40+00:00,1,1,0.806049,0.193951
24,C00851,2026-04-10 08:17:10+00:00,1,1,0.957481,0.042519
24,C00852,2026-04-10 08:17:40+00:00,1,1,0.939465,0.060535
24,C00853,2026-04-10 08:18:10+00:00,1,1,0.724951,0.275049
24,C00854,2026-04-10 08:18:40+00:00,1,1,0.683761,0.316239
24,C00855,2026-04-10 08:19:10+00:00,1,1,0.933181,0.066819
24,C00856,2026-04-10 08:19:40+00:00,1,1,0.982067,0.017933
24,C00857,2026-04-10 08:20:10+00:00,1,1,0.978152,0.021848
24,C00858,2026-04-10 08:20:40+00:00,1,1,0.991967,0.008033
24,C00859,2026-04-10 08:21:10+00:00,1,0,0.421953,0.578047
24,C00860,2026-04-10 08:21:40+00:00,1,1,0.555427,0.444573
24,C00861,2026-04-10 08:22:10+00:00,1,0,0.490205,0.509795
24,C00862,2026-04-10 08:22:40+00:00,1,1,0.697464,0.302536
24,C00863,2026-04-10 08:23:10+00:00,1,1,0.975850,0.024150
24,C00864,2026-04-10 08:23:40+00:00,1,1,0.951309,0.048691
24,C00865,2026-04-10 08:24:10+00:00,1,1,0.977032,0.022968
24,C00866,2026-04-10 08:24:40+00:00,1,1,0.942529,0.057471
24,C00867,2026-04-10 08:25:10+00:00,1,1,0.929235,0.070765
24,C00868,2026-04-10 08:25:40+00:00,1,1,0.897473,0.102527
24,C00869,2026-04-10 08:26:10+00:00,1,1,0.855413,0.144587
24,C00870,2026-04-10 08:26:40+00:00,1,1,0.700678,0.299322
24,C00871,2026-04-10 08:27:10+00:00,1,1,0.856677,0.143323
24,C00872,2026-04-10 08:27:40+00:00,1,1,0.671932,0.328068
24,C00873,2026-04-10 08:28:10+00:00,1,1,0.850702,0.149298
24,C00874,2026-04-10 08:28:40+00:00,1,1,0.517421,0.482579
24,C00875,2026-04-10 08:29:10+00:00,1,0,0.471535,0.528465
24,C00876,2026-04-10 08:29:40+00:00,1,1,0.516807,0.483193
24,C00877,2026-04-10 08:30:10+00:00,1,1,0.647744,0.352256
24,C00878,2026-04-10 08:30:40+00:00,1,1,0.737156,0.262844
24,C00879,2026-04-10 08:31:10+00:00,1,1,0.756450,0.243550
24,C00880,2026-04-10 08:31:40+00:00,1,1,0.854017,0.145983
24,C00881,2026-04-10 08:32:10+00:00,1,1,0.723276,0.276724
24,C00882,2026-04-10 08:32:40+00:00,1,1,0.767068,0.232932
24,C00883,2026-04-10 08:33:10+00:00,1,1,0.874695,0.125305
24,C00884,2026-04-10 08:33:40+00:00,1,1,0.926786,0.073214
24,C00885,2026-04-10 08:34:10+00:00,1,1,0.909963,0.090037
24,C00886,2026-04-10 08:34:40+00:00,1,1,0.784030,0.215970
24,C00887,2026-04-10 08:35:10+00:00,1,1,0.737849,0.262151
24,C00888,2026-04-10 08:35:40+00:00,1,1,0.699927,0.300073
24,C00889,2026-04-10 08:36:10+00:00,1,1,0.692637,0.307363
24,C00890,2026-04-10 08:36:40+00:00,1,1,0.701564,0.298436
24,C00891,2026-04-10 08:37:10+00:00,0,1,0.770624,0.229376
24,C00892,2026-04-10 08:37:40+00:00,1,1,0.716773,0.283227
24,C00893,2026-04-10 08:38:10+00:00,1,0,0.439555,0.560445
24,C00894,2026-04-10 08:38:40+00:00,1,0,0.436713,0.563287
24,C00895,2026-04-10 08:39:10+00:00,1,1,0.682920,0.317080
24,C00896,2026-04-10 08:39:40+00:00,1,1,0.715896,0.284104
24,C00897,2026-04-10 08:40:10+00:00,1,1,0.712904,0.287096
24,C00898,2026-04-10 08:40:40+00:00,1,1,0.977649,0.022351
24,C00899,2026-04-10 08:41:10+00:00,1,1,0.711207,0.288793
24,C00900,2026-04-10 08:41:40+00:00,1,1,0.812899,0.187101
24,C00901,2026-04-10 08:42:10+00:00,1,1,0.821058,0.178942
24,C00902,2026-04-10 08:42:40+00:00,1,1,0.763047,0.236953
24,C00903,2026-04-10 08:43:10+00:00,1,1,0.915880,0.084120
24,C00904,2026-04-10 08:43:40+00:00,1,1,0.872212,0.127788
24,C00905,2026-04-10 08:44:10+00:00,1,1,0.750359,0.249641
24,C00906,2026-04-10 08:44:40+00:00,1,1,0.912536,0.087464
24,C00907,2026-04-10 08:45:10+00:00,1,1,0.823616,0.176384
24,C00908,2026-04-10 08:45:40+00:00,1,0,0.315440,0.684560
24,C00909,2026-04-10 08:46:10+00:00,1,1,0.812908,0.187092
24,C00910,2026-04-10 08:46:40+00:00,1,1,0.964483,0.035517
24,C00911,2026-04-10 08:47:10+00:00,1,1,0.944471,0.055529
24,C00912,2026-04-10 08:47:40+00:00,1,1,0.742769,0.257231
24,C00913,2026-04-10 08:48:10+00:00,1,1,0.574236,0.425764
24,C00914,2026-04-10 08:48:40+00:00,1,1,0.642977,0.357023
24,C00915,2026-04-10 08:49:10+00:00,1,1,0.554353,0.445647
24,C00916,2026-04-10 08:49:40+00:00,1,0,0.479527,0.520473
24,C00917,2026-04-10 08:50:10+00:00,1,1,0.710061,0.289939
24,C00918,2026-04-10 08:50:40+00:00,1,1,0.935941,0.064059
24,C00919,2026-04-10 08:51:10+00:00,1,1,0.915431,0.084569
24,C00920,2026-04-10 08:51:40+00:00,1,1,0.660756,0.339244
24,C00921,2026-04-10 08:52:10+00:00,1,0,0.470149,0.529851
24,C00922,2026-04-10 08:52:40+00:00,1,0,0.488623,0.511377
24,C00923,2026-04-10 08:53:10+00:00,1,1,0.553882,0.446118
24,C00924,2026-04-10 08:53:40+00:00,1,1,0.803564,0.196436
24,C00925,2026-04-10 08:54:10+00:00,1,1,0.705140,0.294860
24,C00926,2026-04-10 08:54:40+00:00,1,0,0.478440,0.521560
24,C00927,2026-04-10 08:55:10+00:00,1,1,0.649467,0.350533
24,C00928,2026-04-10 08:55:40+00:00,1,1,0.641699,0.358301
24,C00929,2026-04-10 08:56:10+00:00,1,1,0.642609,0.357391
24,C00930,2026-04-10 08:56:40+00:00,1,0,0.488564,0.511436
24,C00931,2026-04-10 08:57:10+00:00,1,0,0.341333,0.658667
24,C00932,2026-04-10 08:57:40+00:00,1,0,0.469215,0.530785
24,C00933,2026-04-10 08:58:10+00:00,1,1,0.579776,0.420224
24,C00934,2026-04-10 08:58:40+00:00,1,1,0.692087,0.307913
24,C00935,2026-04-10 08:59:10+00:00,1,1,0.500956,0.499044
24,C00936,2026-04-10 08:59:40+00:00,1,0,0.436686,0.563314
24,C00937,2026-04-10 09:00:10+00:00,1,0,0.333116,0.666884
24,C00938,2026-04-10 09:00:40+00:00,0,1,0.609705,0.390295
24,C00939,2026-04-10 09:01:10+00:00,1,0,0.461699,0.538301
24,C00940,2026-04-10 09:01:40+00:00,1,0,0.405380,0.594620
24,C00941,2026-04-10 09:02:10+00:00,1,1,0.575008,0.424992
24,C00942,2026-04-10 09:02:40+00:00,1,0,0.470904,0.529096
24,C00943,2026-04-10 09:03:10+00:00,1,1,0.639784,0.360216
24,C00944,2026-04-10 09:03:40+00:00,1,1,0.500593,0.499407
24,C00945,2026-04-10 09:04:10+00:00,1,1,0.550430,0.449570
24,C00946,2026-04-10 09:04:40+00:00,1,1,0.518730,0.481270
24,C00947,2026-04-10 09:05:10+00:00,1,1,0.573803,0.426197
24,C00948,2026-04-10 09:05:40+00:00,1,1,0.594547,0.405453
24,C00949,2026-04-10 09:06:10+00:00,1,1,0.548962,0.451038
24,C00950,2026-04-10 09:06:40+00:00,1,1,0.569988,0.430012
24,C00951,2026-04-10 09:07:10+00:00,1,1,0.542283,0.457717
24,C00952,2026-04-10 09:07:40+00:00,1,1,0.570866,0.429134
24,C00953,2026-04-10 09:08:10+00:00,1,1,0.559487,0.440513
24,C00954,2026-04-10 09:08:40+00:00,0,0,0.451913,0.548087
24,C00955,2026-04-10 09:09:10+00:00,1,0,0.451694,0.548306
24,C00956,2026-04-10 09:09:40+00:00,0,0,0.277461,0.722539
24,C00957,2026-04-10 09:10:10+00:00,0,0,0.324821,0.675179
24,C00958,2026-04-10 09:10:40+00:00,1,0,0.323956,0.676044
24,C00959,2026-04-10 09:11:10+00:00,1,0,0.279475,0.720525
24,C00960,2026-04-10 09:11:40+00:00,1,0,0.416021,0.583979
24,C00961,2026-04-10 09:12:10+00:00,1,0,0.459035,0.540965
24,C00962,2026-04-10 09:12:40+00:00,0,0,0.441672,0.558328
24,C00963,2026-04-10 09:13:10+00:00,0,0,0.345238,0.654762
24,C00964,2026-04-10 09:13:40+00:00,0,0,0.332763,0.667237
24,C00965,2026-04-10 09:14:10+00:00,1,0,0.301359,0.698641
24,C00966,2026-04-10 09:14:40+00:00,1,0,0.258706,0.741294
24,C00967,2026-04-10 09:15:10+00:00,0,0,0.332464,0.667536
24,C00968,2026-04-10 09:15:40+00:00,1,0,0.356843,0.643157
24,C00969,2026-04-10 09:16:10+00:00,0,0,0.326806,0.673194
24,C00970,2026-04-10 09:16:40+00:00,1,0,0.285009,0.714991
24,C00971,2026-04-10 09:17:10+00:00,1,0,0.370952,0.629048
24,C00972,2026-04-10 09:17:40+00:00,1,0,0.486166,0.513834
24,C00973,2026-04-10 09:18:10+00:00,1,0,0.413462,0.586538
24,C00974,2026-04-10 09:18:40+00:00,1,0,0.383254,0.616746
24,C00975,2026-04-10 09:19:10+00:00,1,0,0.441168,0.558832
24,C00976,2026-04-10 09:19:40+00:00,1,0,0.478706,0.521294
24,C00977,2026-04-10 09:20:10+00:00,1,1,0.525493,0.474507
24,C00978,2026-04-10 09:20:40+00:00,1,0,0.384625,0.615375
24,C00979,2026-04-10 09:21:10+00:00,0,0,0.333771,0.666229
24,C00980,2026-04-10 09:21:40+00:00,0,0,0.324585,0.675415
24,C00981,2026-04-10 09:22:10+00:00,0,0,0.193236,0.806764
24,C00982,2026-04-10 09:22:40+00:00,0,0,0.210334,0.789666
24,C00983,2026-04-10 09:23:10+00:00,0,0,0.192498,0.807502
24,C00984,2026-04-10 09:23:40+00:00,1,0,0.291272,0.708728
24,C00985,2026-04-10 09:24:10+00:00,1,0,0.264239,0.735761
24,C00986,2026-04-10 09:24:40+00:00,1,0,0.444336,0.555664
24,C00987,2026-04-10 09:25:10+00:00,1,1,0.576005,0.423995
24,C00988,2026-04-10 09:25:40+00:00,1,0,0.437066,0.562934
24,C00989,2026-04-10 09:26:10+00:00,1,1,0.579862,0.420138
24,C00990,2026-04-10 09:26:40+00:00,1,1,0.629280,0.370720
24,C00991,2026-04-10 09:27:10+00:00,1,1,0.586143,0.413857
24,C00992,2026-04-10 09:27:40+00:00,1,1,0.531792,0.468208
24,C00993,2026-04-10 09:28:10+00:00,0,0,0.470409,0.529591
24,C00994,2026-04-10 09:28:40+00:00,1,0,0.472777,0.527223
24,C00995,2026-04-10 09:29:10+00:00,1,0,0.376493,0.623507
24,C00996,2026-04-10 09:29:40+00:00,1,0,0.479804,0.520196
24,C00997,2026-04-10 09:30:10+00:00,0,1,0.567648,0.432352
24,C00998,2026-04-10 09:30:40+00:00,1,0,0.394549,0.605451
24,C00999,2026-04-10 09:31:10+00:00,1,0,0.389747,0.610253
24,C01000,2026-04-10 09:31:40+00:00,0,0,0.412179,0.587821
24,C01001,2026-04-10 09:32:10+00:00,0,0,0.417645,0.582355
24,C01002,2026-04-10 09:32:40+00:00,1,0,0.395650,0.604350
24,C01003,2026-04-10 09:33:10+00:00,1,0,0.482410,0.517590
24,C01004,2026-04-10 09:33:40+00:00,1,0,0.455492,0.544508
24,C01005,2026-04-10 09:34:10+00:00,0,0,0.494158,0.505842
24,C01006,2026-04-10 09:34:40+00:00,1,0,0.374063,0.625937
24,C01007,2026-04-10 09:35:10+00:00,1,0,0.345198,0.654802
24,C01008,2026-04-10 09:35:40+00:00,1,0,0.485332,0.514668
24,C01009,2026-04-10 09:36:10+00:00,1,1,0.547930,0.452070
24,C01010,2026-04-10 09:36:40+00:00,0,1,0.560783,0.439217
24,C01011,2026-04-10 09:37:10+00:00,1,0,0.405548,0.594452
24,C01012,2026-04-10 09:37:40+00:00,1,0,0.345636,0.654364
24,C01013,2026-04-10 09:38:10+00:00,1,0,0.416794,0.583206
24,C01014,2026-04-10 09:38:40+00:00,1,0,0.458266,0.541734
24,C01015,2026-04-10 09:39:10+00:00,1,0,0.467867,0.532133
24,C01016,2026-04-10 09:39:40+00:00,0,0,0.413119,0.586881
24,C01017,2026-04-10 09:40:10+00:00,1,0,0.484026,0.515974
24,C01018,2026-04-10 09:40:40+00:00,1,0,0.399827,0.600173
24,C01019,2026-04-10 09:41:10+00:00,1,0,0.376193,0.623807
24,C01020,2026-04-10 09:41:40+00:00,1,1,0.622254,0.377746
24,C01021,2026-04-10 09:42:10+00:00,1,0,0.490600,0.509400
24,C01022,2026-04-10 09:42:40+00:00,1,1,0.665111,0.334889
24,C01023,2026-04-10 09:43:10+00:00,1,1,0.610165,0.389835
24,C01024,2026-04-10 09:43:40+00:00,1,1,0.546209,0.453791
24,C01025,2026-04-10 09:44:10+00:00,1,1,0.665686,0.334314
24,C01026,2026-04-10 09:44:40+00:00,1,1,0.554843,0.445157
29,C01027,2026-04-11 08:49:20+00:00,1,0,0.000000,1.000000
29,C01028,2026-04-11 08:49:50+00:00,1,1,0.744098,0.255902
29,C01029,2026-04-11 08:50:20+00:00,1,1,0.853997,0.146003
29,C01030,2026-04-11 08:50:50+00:00,1,1,0.774205,0.225795
29,C01031,2026-04-11 08:51:20+00:00,1,1,0.744591,0.255409
29,C01032,2026-04-11 08:51:50+00:00,1,1,0.638299,0.361701
29,C01033,2026-04-11 08:52:20+00:00,1,1,0.715018,0.284982
29,C01034,2026-04-11 08:52:50+00:00,1,1,0.653212,0.346788
29,C01035,2026-04-11 08:53:20+00:00,1,1,0.745108,0.254892
29,C01036,2026-04-11 08:53:50+00:00,1,1,0.616529,0.383471
29,C01037,2026-04-11 08:54:20+00:00,1,1,0.858951,0.141049
29,C01038,2026-04-11 08:54:50+00:00,1,1,0.742685,0.257315
29,C01039,2026-04-11 08:55:20+00:00,1,1,0.502986,0.497014
29,C01040,2026-04-11 08:55:50+00:00,1,1,0.753601,0.246399
29,C01041,2026-04-11 08:56:20+00:00,1,1,0.916747,0.083253
29,C01042,2026-04-11 08:56:50+00:00,1,1,0.796565,0.203435
29,C01043,2026-04-11 08:57:20+00:00,1,1,0.611072,0.388928
29,C01044,2026-04-11 08:57:50+00:00,0,1,0.670702,0.329298
29,C01045,2026-04-11 08:58:20+00:00,1,1,0.686702,0.313298
29,C01046,2026-04-11 08:58:50+00:00,1,0,0.395214,0.604786
29,C01047,2026-04-11 08:59:20+00:00,1,1,0.583749,0.416251
29,C01048,2026-04-11 08:59:50+00:00,1,1,0.516469,0.483531
29,C01049,2026-04-11 09:00:20+00:00,1,1,0.772282,0.227718
29,C01050,2026-04-11 09:00:50+00:00,1,1,0.863463,0.136537
29,C01051,2026-04-11 09:01:20+00:00,1,1,0.617216,0.382784
29,C01052,2026-04-11 09:01:50+00:00,1,1,0.748106,0.251894
29,C01053,2026-04-11 09:02:20+00:00,1,1,0.597120,0.402880
29,C01054,2026-04-11 09:02:50+00:00,1,1,0.766385,0.233615
29,C01055,2026-04-11 09:03:20+00:00,1,1,0.923866,0.076134
29,C01056,2026-04-11 09:03:50+00:00,1,1,0.706572,0.293428
29,C01057,2026-04-11 09:04:20+00:00,1,1,0.698998,0.301002
29,C01058,2026-04-11 09:04:50+00:00,1,1,0.962529,0.037471
29,C01059,2026-04-11 09:05:20+00:00,1,1,0.804327,0.195673
29,C01060,2026-04-11 09:05:50+00:00,1,1,0.595164,0.404836
29,C01061,2026-04-11 09:06:20+00:00,1,1,0.976706,0.023294
29,C01062,2026-04-11 09:06:50+00:00,1,1,0.966076,0.033924
29,C01063,2026-04-11 09:07:20+00:00,1,1,0.989877,0.010123
29,C01064,2026-04-11 09:07:50+00:00,1,1,0.879244,0.120756
29,C01065,2026-04-11 09:08:20+00:00,0,1,0.570767,0.429233
29,C01066,2026-04-11 09:08:50+00:00,1,0,0.475005,0.524995
29,C01067,2026-04-11 09:09:20+00:00,1,0,0.389596,0.610404
29,C01068,2026-04-11 09:09:50+00:00,1,0,0.498460,0.501540
29,C01069,2026-04-11 09:10:20+00:00,1,0,0.411160,0.588840
29,C01070,2026-04-11 09:10:50+00:00,1,1,0.530504,0.469496
29,C01071,2026-04-11 09:11:20+00:00,1,1,0.543995,0.456005
29,C01072,2026-04-11 09:11:50+00:00,1,1,0.525353,0.474647
29,C01073,2026-04-11 09:12:20+00:00,1,1,0.500142,0.499858
29,C01074,2026-04-11 09:12:50+00:00,1,1,0.512648,0.487352
29,C01075,2026-04-11 09:13:20+00:00,1,0,0.364730,0.635270
29,C01076,2026-04-11 09:13:50+00:00,1,0,0.380373,0.619627
29,C01077,2026-04-11 09:14:20+00:00,1,0,0.447843,0.552157
29,C01078,2026-04-11 09:14:50+00:00,1,0,0.459310,0.540690
29,C01079,2026-04-11 09:15:20+00:00,1,0,0.444726,0.555274
29,C01080,2026-04-11 09:15:50+00:00,1,0,0.473288,0.526712
29,C01081,2026-04-11 09:16:20+00:00,1,0,0.260800,0.739200
29,C01082,2026-04-11 09:16:50+00:00,1,0,0.318390,0.681610
29,C01083,2026-04-11 09:17:20+00:00,1,0,0.304642,0.695358
29,C01084,2026-04-11 09:17:50+00:00,1,0,0.308295,0.691705
29,C01085,2026-04-11 09:18:20+00:00,1,1,0.504218,0.495782
29,C01086,2026-04-11 09:18:50+00:00,1,0,0.390203,0.609797
29,C01087,2026-04-11 09:19:20+00:00,1,0,0.333692,0.666308
29,C01088,2026-04-11 09:19:50+00:00,0,0,0.424681,0.575319
29,C01089,2026-04-11 09:20:20+00:00,0,0,0.351158,0.648842
29,C01090,2026-04-11 09:20:50+00:00,1,0,0.361501,0.638499
29,C01091,2026-04-11 09:21:20+00:00,1,0,0.303181,0.696819
29,C01092,2026-04-11 09:21:50+00:00,1,0,0.357535,0.642465
29,C01093,2026-04-11 09:22:20+00:00,1,0,0.448090,0.551910
29,C01094,2026-04-11 09:22:50+00:00,1,0,0.427767,0.572233
29,C01095,2026-04-11 09:23:20+00:00,1,0,0.367374,0.632626
29,C01096,2026-04-11 09:23:50+00:00,1,0,0.413387,0.586613
29,C01097,2026-04-11 09:24:20+00:00,0,0,0.362885,0.637115
29,C01098,2026-04-11 09:24:50+00:00,0,0,0.404238,0.595762
29,C01099,2026-04-11 09:25:20+00:00,0,0,0.265740,0.734260
29,C01100,2026-04-11 09:25:50+00:00,0,0,0.261139,0.738861
29,C01101,2026-04-11 09:26:20+00:00,0,0,0.322444,0.677556
29,C01102,2026-04-11 09:26:50+00:00,1,0,0.221756,0.778244
29,C01103,2026-04-11 09:27:20+00:00,1,0,0.284836,0.715164
29,C01104,2026-04-11 09:27:50+00:00,0,0,0.378679,0.621321
29,C01105,2026-04-11 09:28:20+00:00,0,0,0.409530,0.590470
29,C01106,2026-04-11 09:28:50+00:00,0,0,0.299030,0.700970
29,C01107,2026-04-11 09:29:20+00:00,1,0,0.267077,0.732923
29,C01108,2026-04-11 09:29:50+00:00,1,0,0.271321,0.728679
29,C01109,2026-04-11 09:30:20+00:00,1,0,0.291383,0.708617
29,C01110,2026-04-11 09:30:50+00:00,0,0,0.441124,0.558876
29,C01111,2026-04-11 09:31:20+00:00,1,0,0.470567,0.529433
29,C01112,2026-04-11 09:31:50+00:00,1,0,0.319689,0.680311
29,C01113,2026-04-11 09:32:20+00:00,1,0,0.347421,0.652579
29,C01114,2026-04-11 09:32:50+00:00,1,0,0.459266,0.540734
29,C01115,2026-04-11 09:33:20+00:00,1,0,0.416149,0.583851
29,C01116,2026-04-11 09:33:50+00:00,1,0,0.360200,0.639800
29,C01117,2026-04-11 09:34:20+00:00,1,0,0.354552,0.645448
29,C01118,2026-04-11 09:34:50+00:00,1,0,0.365734,0.634266
29,C01119,2026-04-11 09:35:20+00:00,1,0,0.457724,0.542276
29,C01120,2026-04-11 09:35:50+00:00,1,1,0.658081,0.341919
29,C01121,2026-04-11 09:36:20+00:00,1,1,0.608186,0.391814
29,C01122,2026-04-11 09:36:50+00:00,1,1,0.503738,0.496262
29,C01123,2026-04-11 09:37:20+00:00,1,1,0.629432,0.370568
29,C01124,2026-04-11 09:37:50+00:00,0,1,0.735120,0.264880
34,C01125,2026-04-11 12:09:30+00:00,1,0,0.003333,0.996667
34,C01126,2026-04-11 12:10:00+00:00,1,1,0.844997,0.155003
34,C01127,2026-04-11 12:10:30+00:00,1,1,0.752333,0.247667
34,C01128,2026-04-11 12:11:00+00:00,1,1,0.849342,0.150658
34,C01129,2026-04-11 12:11:30+00:00,1,1,0.825063,0.174937
34,C01130,2026-04-11 12:12:00+00:00,1,1,0.618577,0.381423
34,C01131,2026-04-11 12:12:30+00:00,1,1,0.624117,0.375883
34,C01132,2026-04-11 12:13:00+00:00,1,1,0.642246,0.357754
34,C01133,2026-04-11 12:13:30+00:00,1,1,0.750773,0.249227
34,C01134,2026-04-11 12:14:00+00:00,1,1,0.746265,0.253735
34,C01135,2026-04-11 12:14:30+00:00,1,1,0.816312,0.183688
34,C01136,2026-04-11 12:15:00+00:00,1,1,0.673041,0.326959
34,C01137,2026-04-11 12:15:30+00:00,1,1,0.776201,0.223799
34,C01138,2026-04-11 12:16:00+00:00,1,1,0.612388,0.387612
34,C01139,2026-04-11 12:16:30+00:00,1,1,0.745928,0.254072
34,C01140,2026-04-11 12:17:00+00:00,1,1,0.778284,0.221716
34,C01141,2026-04-11 12:17:30+00:00,0,1,0.584669,0.415331
34,C01142,2026-04-11 12:18:00+00:00,1,1,0.577618,0.422382
34,C01143,2026-04-11 12:18:30+00:00,1,0,0.468802,0.531198
34,C01144,2026-04-11 12:19:00+00:00,1,1,0.534198,0.465802
34,C01145,2026-04-11 12:19:30+00:00,1,1,0.725461,0.274539
34,C01146,2026-04-11 12:20:00+00:00,1,1,0.623519,0.376481
34,C01147,2026-04-11 12:20:30+00:00,1,1,0.630419,0.369581
34,C01148,2026-04-11 12:21:00+00:00,1,1,0.676439,0.323561
34,C01149,2026-04-11 12:21:30+00:00,1,1,0.731675,0.268325
34,C01150,2026-04-11 12:22:00+00:00,1,0,0.488761,0.511239
34,C01151,2026-04-11 12:22:30+00:00,1,1,0.590386,0.409614
34,C01152,2026-04-11 12:23:00+00:00,1,1,0.619512,0.380488
34,C01153,2026-04-11 12:23:30+00:00,1,1,0.768368,0.231632
34,C01154,2026-04-11 12:24:00+00:00,1,1,0.689091,0.310909
34,C01155,2026-04-11 12:24:30+00:00,1,1,0.813035,0.186965
34,C01156,2026-04-11 12:25:00+00:00,1,1,0.738205,0.261795
34,C01157,2026-04-11 12:25:30+00:00,1,1,0.605783,0.394217
34,C01158,2026-04-11 12:26:00+00:00,1,1,0.597341,0.402659
34,C01159,2026-04-11 12:26:30+00:00,1,1,0.790953,0.209047
34,C01160,2026-04-11 12:27:00+00:00,1,1,0.765846,0.234154
34,C01161,2026-04-11 12:27:30+00:00,1,0,0.453414,0.546586
34,C01162,2026-04-11 12:28:00+00:00,1,1,0.725462,0.274538
34,C01163,2026-04-11 12:28:30+00:00,1,1,0.583207,0.416793
34,C01164,2026-04-11 12:29:00+00:00,1,1,0.612756,0.387244
34,C01165,2026-04-11 12:29:30+00:00,1,1,0.748292,0.251708
34,C01166,2026-04-11 12:30:00+00:00,1,0,0.443821,0.556179
34,C01167,2026-04-11 12:30:30+00:00,1,1,0.619522,0.380478
34,C01168,2026-04-11 12:31:00+00:00,1,1,0.570894,0.429106
34,C01169,2026-04-11 12:31:30+00:00,1,1,0.653383,0.346617
34,C01170,2026-04-11 12:32:00+00:00,1,1,0.713787,0.286213
34,C01171,2026-04-11 12:32:30+00:00,1,0,0.484918,0.515082
34,C01172,2026-04-11 12:33:00+00:00,1,1,0.596805,0.403195
34,C01173,2026-04-11 12:33:30+00:00,1,1,0.508341,0.491659
34,C01174,2026-04-11 12:34:00+00:00,1,1,0.545321,0.454679
34,C01175,2026-04-11 12:34:30+00:00,1,1,0.641509,0.358491
34,C01176,2026-04-11 12:35:00+00:00,1,0,0.454308,0.545692
34,C01177,2026-04-11 12:35:30+00:00,1,0,0.491729,0.508271
34,C01178,2026-04-11 12:36:00+00:00,1,1,0.628240,0.371760
34,C01179,2026-04-11 12:36:30+00:00,1,1,0.750855,0.249145
34,C01180,2026-04-11 12:37:00+00:00,1,1,0.714826,0.285174
34,C01181,2026-04-11 12:37:30+00:00,1,1,0.695168,0.304832
34,C01182,2026-04-11 12:38:00+00:00,1,1,0.715460,0.284540
34,C01183,2026-04-11 12:38:30+00:00,1,1,0.762533,0.237467
34,C01184,2026-04-11 12:39:00+00:00,1,1,0.670451,0.329549
34,C01185,2026-04-11 12:39:30+00:00,1,1,0.665875,0.334125
34,C01186,2026-04-11 12:40:00+00:00,1,1,0.627331,0.372669
34,C01187,2026-04-11 12:40:30+00:00,1,1,0.654320,0.345680
34,C01188,2026-04-11 12:41:00+00:00,1,1,0.612282,0.387718
34,C01189,2026-04-11 12:41:30+00:00,1,1,0.745047,0.254953
34,C01190,2026-04-11 12:42:00+00:00,1,1,0.555395,0.444605
34,C01191,2026-04-11 12:42:30+00:00,1,0,0.489398,0.510602
34,C01192,2026-04-11 12:43:00+00:00,1,1,0.525256,0.474744
34,C01193,2026-04-11 12:43:30+00:00,1,0,0.481418,0.518582
34,C01194,2026-04-11 12:44:00+00:00,1,1,0.681934,0.318066
34,C01195,2026-04-11 12:44:30+00:00,1,1,0.635989,0.364011
34,C01196,2026-04-11 12:45:00+00:00,1,1,0.903238,0.096762
34,C01197,2026-04-11 12:45:30+00:00,1,1,0.897040,0.102960
34,C01198,2026-04-11 12:46:00+00:00,1,1,0.854897,0.145103
34,C01199,2026-04-11 12:46:30+00:00,1,1,0.884096,0.115904
34,C01200,2026-04-11 12:47:00+00:00,1,1,0.861092,0.138908
34,C01201,2026-04-11 12:47:30+00:00,1,1,0.601764,0.398236
34,C01202,2026-04-11 12:48:00+00:00,1,1,0.627017,0.372983
34,C01203,2026-04-11 12:48:30+00:00,1,1,0.791793,0.208207
34,C01204,2026-04-11 12:49:00+00:00,1,1,0.709244,0.290756
34,C01205,2026-04-11 12:49:30+00:00,1,1,0.724205,0.275795
34,C01206,2026-04-11 12:50:00+00:00,1,1,0.703075,0.296925
34,C01207,2026-04-11 12:50:30+00:00,1,1,0.567711,0.432289
34,C01208,2026-04-11 12:51:00+00:00,1,1,0.549070,0.450930
34,C01209,2026-04-11 12:51:30+00:00,1,1,0.613647,0.386353
34,C01210,2026-04-11 12:52:00+00:00,1,1,0.717524,0.282476
34,C01211,2026-04-11 12:52:30+00:00,1,1,0.683253,0.316747
34,C01212,2026-04-11 12:53:00+00:00,1,1,0.882448,0.117552
34,C01213,2026-04-11 12:53:30+00:00,1,1,0.855177,0.144823
34,C01214,2026-04-11 12:54:00+00:00,1,1,0.638277,0.361723
34,C01215,2026-04-11 12:54:30+00:00,1,1,0.518351,0.481649
34,C01216,2026-04-11 12:55:00+00:00,1,1,0.665377,0.334623
34,C01217,2026-04-11 12:55:30+00:00,1,1,0.544298,0.455702
34,C01218,2026-04-11 12:56:00+00:00,1,1,0.608811,0.391189
34,C01219,2026-04-11 12:56:30+00:00,1,1,0.871648,0.128352
34,C01220,2026-04-11 12:57:00+00:00,1,1,0.911250,0.088750
34,C01221,2026-04-11 12:57:30+00:00,1,1,0.738134,0.261866
34,C01222,2026-04-11 12:58:00+00:00,1,1,0.611791,0.388209
34,C01223,2026-04-11 12:58:30+00:00,1,1,0.716219,0.283781
34,C01224,2026-04-11 12:59:00+00:00,1,1,0.781341,0.218659
39,C01225,2026-04-12 08:17:00+00:00,1,0,0.028734,0.971266
39,C01226,2026-04-12 08:17:30+00:00,1,1,0.784478,0.215522
39,C01227,2026-04-12 08:18:00+00:00,1,1,0.974706,0.025294
39,C01228,2026-04-12 08:18:30+00:00,1,1,0.984561,0.015439
39,C01229,2026-04-12 08:19:00+00:00,1,1,0.764764,0.235236
39,C01230,2026-04-12 08:19:30+00:00,1,1,0.965911,0.034089
39,C01231,2026-04-12 08:20:00+00:00,1,1,0.700485,0.299515
39,C01232,2026-04-12 08:20:30+00:00,1,1,0.644766,0.355234
39,C01233,2026-04-12 08:21:00+00:00,1,0,0.334727,0.665273
39,C01234,2026-04-12 08:21:30+00:00,1,1,0.688515,0.311485
39,C01235,2026-04-12 08:22:00+00:00,1,1,0.550683,0.449317
39,C01236,2026-04-12 08:22:30+00:00,1,1,0.668491,0.331509
39,C01237,2026-04-12 08:23:00+00:00,1,1,0.782894,0.217106
39,C01238,2026-04-12 08:23:30+00:00,1,1,0.755033,0.244967
39,C01239,2026-04-12 08:24:00+00:00,1,1,0.743175,0.256825
39,C01240,2026-04-12 08:24:30+00:00,1,1,0.814773,0.185227
39,C01241,2026-04-12 08:25:00+00:00,1,1,0.872543,0.127457
39,C01242,2026-04-12 08:25:30+00:00,1,1,0.880444,0.119556
39,C01243,2026-04-12 08:26:00+00:00,1,1,0.650407,0.349593
39,C01244,2026-04-12 08:26:30+00:00,1,1,0.890550,0.109450
39,C01245,2026-04-12 08:27:00+00:00,0,1,0.581979,0.418021
39,C01246,2026-04-12 08:27:30+00:00,1,1,0.553360,0.446640
39,C01247,2026-04-12 08:28:00+00:00,1,1,0.502145,0.497855
39,C01248,2026-04-12 08:28:30+00:00,1,1,0.781186,0.218814
39,C01249,2026-04-12 08:29:00+00:00,1,1,0.700744,0.299256
39,C01250,2026-04-12 08:29:30+00:00,1,1,0.657976,0.342024
39,C01251,2026-04-12 08:30:00+00:00,1,1,0.718318,0.281682
39,C01252,2026-04-12 08:30:30+00:00,1,1,0.978706,0.021294
39,C01253,2026-04-12 08:31:00+00:00,1,1,0.872832,0.127168
39,C01254,2026-04-12 08:31:30+00:00,1,1,0.901967,0.098033
39,C01255,2026-04-12 08:32:00+00:00,1,1,0.998017,0.001983
39,C01256,2026-04-12 08:32:30+00:00,1,1,0.913419,0.086581
39,C01257,2026-04-12 08:33:00+00:00,1,1,0.567798,0.432202
39,C01258,2026-04-12 08:33:30+00:00,1,1,0.663764,0.336236
39,C01259,2026-04-12 08:34:00+00:00,1,1,0.757896,0.242104
39,C01260,2026-04-12 08:34:30+00:00,1,1,0.947268,0.052732
39,C01261,2026-04-12 08:35:00+00:00,1,1,0.921659,0.078341
39,C01262,2026-04-12 08:35:30+00:00,1,1,0.523871,0.476129
39,C01263,2026-04-12 08:36:00+00:00,1,1,0.872280,0.127720
39,C01264,2026-04-12 08:36:30+00:00,1,1,0.915680,0.084320
39,C01265,2026-04-12 08:37:00+00:00,1,1,0.780564,0.219436
39,C01266,2026-04-12 08:37:30+00:00,1,1,0.566066,0.433934
39,C01267,2026-04-12 08:38:00+00:00,1,1,0.635996,0.364004
39,C01268,2026-04-12 08:38:30+00:00,1,1,0.522349,0.477651
39,C01269,2026-04-12 08:39:00+00:00,1,1,0.849958,0.150042
39,C01270,2026-04-12 08:39:30+00:00,1,1,0.936131,0.063869
39,C01271,2026-04-12 08:40:00+00:00,1,1,0.796861,0.203139
39,C01272,2026-04-12 08:40:30+00:00,1,1,0.749020,0.250980
39,C01273,2026-04-12 08:41:00+00:00,1,1,0.665731,0.334269
39,C01274,2026-04-12 08:41:30+00:00,1,1,0.789180,0.210820
39,C01275,2026-04-12 08:42:00+00:00,1,1,0.677250,0.322750
39,C01276,2026-04-12 08:42:30+00:00,1,0,0.423128,0.576872
39,C01277,2026-04-12 08:43:00+00:00,1,1,0.761266,0.238734
39,C01278,2026-04-12 08:43:30+00:00,1,1,0.706569,0.293431
39,C01279,2026-04-12 08:44:00+00:00,1,1,0.774525,0.225475
39,C01280,2026-04-12 08:44:30+00:00,1,1,0.933216,0.066784
39,C01281,2026-04-12 08:45:00+00:00,1,1,0.847275,0.152725
39,C01282,2026-04-12 08:45:30+00:00,1,1,0.969872,0.030128
39,C01283,2026-04-12 08:46:00+00:00,1,1,0.774342,0.225658
39,C01284,2026-04-12 08:46:30+00:00,1,1,0.838252,0.161748
39,C01285,2026-04-12 08:47:00+00:00,1,1,0.893302,0.106698
39,C01286,2026-04-12 08:47:30+00:00,1,1,0.738227,0.261773
39,C01287,2026-04-12 08:48:00+00:00,1,1,0.944139,0.055861
39,C01288,2026-04-12 08:48:30+00:00,1,1,0.994683,0.005317
39,C01289,2026-04-12 08:49:00+00:00,1,1,0.798140,0.201860
39,C01290,2026-04-12 08:49:30+00:00,1,1,0.783587,0.216413
39,C01291,2026-04-12 08:50:00+00:00,1,1,0.644493,0.355507
39,C01292,2026-04-12 08:50:30+00:00,1,1,0.618393,0.381607
39,C01293,2026-04-12 08:51:00+00:00,1,1,0.553372,0.446628
39,C01294,2026-04-12 08:51:30+00:00,1,1,0.759878,0.240122
39,C01295,2026-04-12 08:52:00+00:00,1,1,0.505012,0.494988
39,C01296,2026-04-12 08:52:30+00:00,1,1,0.558416,0.441584
39,C01297,2026-04-12 08:53:00+00:00,1,0,0.373079,0.626921
39,C01298,2026-04-12 08:53:30+00:00,1,1,0.593103,0.406897
39,C01299,2026-04-12 08:54:00+00:00,1,1,0.942349,0.057651
39,C01300,2026-04-12 08:54:30+00:00,1,1,0.644389,0.355611
39,C01301,2026-04-12 08:55:00+00:00,1,1,0.648864,0.351136
39,C01302,2026-04-12 08:55:30+00:00,1,1,0.569367,0.430633
39,C01303,2026-04-12 08:56:00+00:00,1,1,0.558419,0.441581
39,C01304,2026-04-12 08:56:30+00:00,1,1,0.675000,0.325000
39,C01305,2026-04-12 08:57:00+00:00,1,1,0.740696,0.259304
39,C01306,2026-04-12 08:57:30+00:00,1,1,0.696692,0.303308
39,C01307,2026-04-12 08:58:00+00:00,1,1,0.851719,0.148281
39,C01308,2026-04-12 08:58:30+00:00,1,1,0.618754,0.381246
39,C01309,2026-04-12 08:59:00+00:00,1,0,0.489405,0.510595
39,C01310,2026-04-12 08:59:30+00:00,1,0,0.466858,0.533142
39,C01311,2026-04-12 09:00:00+00:00,1,0,0.471405,0.528595
39,C01312,2026-04-12 09:00:30+00:00,1,0,0.389477,0.610523
39,C01313,2026-04-12 09:01:00+00:00,1,0,0.399092,0.600908
39,C01314,2026-04-12 09:01:30+00:00,1,0,0.454540,0.545460
39,C01315,2026-04-12 09:02:00+00:00,1,1,0.535561,0.464439
39,C01316,2026-04-12 09:02:30+00:00,1,1,0.615695,0.384305
39,C01317,2026-04-12 09:03:00+00:00,1,1,0.767929,0.232071
39,C01318,2026-04-12 09:03:30+00:00,1,1,0.729158,0.270842
39,C01319,2026-04-12 09:04:00+00:00,1,1,0.821957,0.178043
39,C01320,2026-04-12 09:04:30+00:00,1,1,0.581036,0.418964
39,C01321,2026-04-12 09:05:00+00:00,1,1,0.752080,0.247920
39,C01322,2026-04-12 09:05:30+00:00,1,1,0.564507,0.435493
39,C01323,2026-04-12 09:06:00+00:00,1,1,0.635789,0.364211
39,C01324,2026-04-12 09:06:30+00:00,1,1,0.632827,0.367173
39,C01325,2026-04-12 09:07:00+00:00,1,1,0.550385,0.449615
44,C01326,2026-04-13 08:47:10+00:00,1,0,0.021202,0.978798
44,C01327,2026-04-13 08:47:40+00:00,1,1,0.890567,0.109433
44,C01328,2026-04-13 08:48:10+00:00,1,1,0.823325,0.176675
44,C01329,2026-04-13 08:48:40+00:00,1,1,0.835871,0.164129
44,C01330,2026-04-13 08:49:10+00:00,1,1,0.830829,0.169171
44,C01331,2026-04-13 08:49:40+00:00,1,1,0.770529,0.229471
44,C01332,2026-04-13 08:50:10+00:00,1,1,0.671473,0.328527
44,C01333,2026-04-13 08:50:40+00:00,1,1,0.682350,0.317650
44,C01334,2026-04-13 08:51:10+00:00,1,1,0.670346,0.329654
44,C01335,2026-04-13 08:51:40+00:00,1,1,0.771632,0.228368
44,C01336,2026-04-13 08:52:10+00:00,1,1,0.876699,0.123301
44,C01337,2026-04-13 08:52:40+00:00,1,1,0.610373,0.389627
44,C01338,2026-04-13 08:53:10+00:00,1,1,0.744744,0.255256
44,C01339,2026-04-13 08:53:40+00:00,1,1,0.867284,0.132716
44,C01340,2026-04-13 08:54:10+00:00,1,1,0.575998,0.424002
44,C01341,2026-04-13 08:54:40+00:00,1,1,0.589933,0.410067
44,C01342,2026-04-13 08:55:10+00:00,1,1,0.684377,0.315623
44,C01343,2026-04-13 08:55:40+00:00,1,1,0.595485,0.404515
44,C01344,2026-04-13 08:56:10+00:00,1,1,0.840921,0.159079
44,C01345,2026-04-13 08:56:40+00:00,1,1,0.701645,0.298355
44,C01346,2026-04-13 08:57:10+00:00,1,1,0.677546,0.322454
44,C01347,2026-04-13 08:57:40+00:00,1,1,0.806960,0.193040
44,C01348,2026-04-13 08:58:10+00:00,1,1,0.897897,0.102103
44,C01349,2026-04-13 08:58:40+00:00,1,1,0.677674,0.322326
44,C01350,2026-04-13 08:59:10+00:00,1,1,0.578852,0.421148
44,C01351,2026-04-13 08:59:40+00:00,1,1,0.898882,0.101118
44,C01352,2026-04-13 09:00:10+00:00,1,1,0.601455,0.398545
44,C01353,2026-04-13 09:00:40+00:00,1,1,0.701161,0.298839
44,C01354,2026-04-13 09:01:10+00:00,1,1,0.547108,0.452892
44,C01355,2026-04-13 09:01:40+00:00,1,1,0.902150,0.097850
44,C01356,2026-04-13 09:02:10+00:00,1,1,0.876687,0.123313
44,C01357,2026-04-13 09:02:40+00:00,1,1,0.911856,0.088144
44,C01358,2026-04-13 09:03:10+00:00,1,1,0.896205,0.103795
44,C01359,2026-04-13 09:03:40+00:00,1,1,0.902907,0.097093
44,C01360,2026-04-13 09:04:10+00:00,1,1,0.930649,0.069351
44,C01361,2026-04-13 09:04:40+00:00,1,1,0.902872,0.097128
44,C01362,2026-04-13 09:05:10+00:00,1,1,0.804341,0.195659
44,C01363,2026-04-13 09:05:40+00:00,1,1,0.797871,0.202129
44,C01364,2026-04-13 09:06:10+00:00,1,1,0.643952,0.356048
44,C01365,2026-04-13 09:06:40+00:00,1,1,0.600075,0.399925
44,C01366,2026-04-13 09:07:10+00:00,1,1,0.826387,0.173613
44,C01367,2026-04-13 09:07:40+00:00,1,1,0.725926,0.274074
44,C01368,2026-04-13 09:08:10+00:00,1,1,0.895006,0.104994
44,C01369,2026-04-13 09:08:40+00:00,1,1,0.863224,0.136776
44,C01370,2026-04-13 09:09:10+00:00,1,0,0.491629,0.508371
44,C01371,2026-04-13 09:09:40+00:00,1,1,0.807514,0.192486
44,C01372,2026-04-13 09:10:10+00:00,1,1,0.900889,0.099111
44,C01373,2026-04-13 09:10:40+00:00,1,1,0.887822,0.112178
44,C01374,2026-04-13 09:11:10+00:00,1,1,0.904305,0.095695
44,C01375,2026-04-13 09:11:40+00:00,1,1,0.913817,0.086183
44,C01376,2026-04-13 09:12:10+00:00,1,1,0.803532,0.196468
44,C01377,2026-04-13 09:12:40+00:00,1,1,0.824157,0.175843
44,C01378,2026-04-13 09:13:10+00:00,1,1,0.624604,0.375396
44,C01379,2026-04-13 09:13:40+00:00,1,1,0.707424,0.292576
44,C01380,2026-04-13 09:14:10+00:00,1,1,0.901959,0.098041
44,C01381,2026-04-13 09:14:40+00:00,1,1,0.927326,0.072674
44,C01382,2026-04-13 09:15:10+00:00,1,1,0.635045,0.364955
44,C01383,2026-04-13 09:15:40+00:00,1,1,0.626016,0.373984
44,C01384,2026-04-13 09:16:10+00:00,1,1,0.710827,0.289173
44,C01385,2026-04-13 09:16:40+00:00,1,1,0.794285,0.205715
44,C01386,2026-04-13 09:17:10+00:00,1,1,0.661144,0.338856
44,C01387,2026-04-13 09:17:40+00:00,1,1,0.750752,0.249248
44,C01388,2026-04-13 09:18:10+00:00,1,1,0.776743,0.223257
44,C01389,2026-04-13 09:18:40+00:00,1,1,0.920468,0.079532
44,C01390,2026-04-13 09:19:10+00:00,1,1,0.847722,0.152278
44,C01391,2026-04-13 09:19:40+00:00,1,1,0.762405,0.237595
44,C01392,2026-04-13 09:20:10+00:00,1,1,0.572060,0.427940
44,C01393,2026-04-13 09:20:40+00:00,1,1,0.690653,0.309347
44,C01394,2026-04-13 09:21:10+00:00,0,1,0.609866,0.390134
44,C01395,2026-04-13 09:21:40+00:00,1,0,0.369245,0.630755
44,C01396,2026-04-13 09:22:10+00:00,1,0,0.346539,0.653461
44,C01397,2026-04-13 09:22:40+00:00,1,0,0.435150,0.564850
44,C01398,2026-04-13 09:23:10+00:00,1,1,0.715807,0.284193
44,C01399,2026-04-13 09:23:40+00:00,1,0,0.474194,0.525806
44,C01400,2026-04-13 09:24:10+00:00,1,0,0.379342,0.620658
44,C01401,2026-04-13 09:24:40+00:00,1,1,0.708347,0.291653
44,C01402,2026-04-13 09:25:10+00:00,1,1,0.745285,0.254715
44,C01403,2026-04-13 09:25:40+00:00,1,1,0.855526,0.144474
44,C01404,2026-04-13 09:26:10+00:00,1,1,0.899433,0.100567
44,C01405,2026-04-13 09:26:40+00:00,1,1,0.676587,0.323413
44,C01406,2026-04-13 09:27:10+00:00,1,1,0.535246,0.464754
44,C01407,2026-04-13 09:27:40+00:00,1,1,0.509619,0.490381
44,C01408,2026-04-13 09:28:10+00:00,1,1,0.508818,0.491182
44,C01409,2026-04-13 09:28:40+00:00,1,0,0.338843,0.661157
44,C01410,2026-04-13 09:29:10+00:00,1,0,0.398164,0.601836
44,C01411,2026-04-13 09:29:40+00:00,1,1,0.583801,0.416199
44,C01412,2026-04-13 09:30:10+00:00,1,1,0.617974,0.382026
44,C01413,2026-04-13 09:30:40+00:00,1,1,0.596423,0.403577
44,C01414,2026-04-13 09:31:10+00:00,1,0,0.450256,0.549744
44,C01415,2026-04-13 09:31:40+00:00,1,1,0.539191,0.460809
44,C01416,2026-04-13 09:32:10+00:00,1,0,0.331264,0.668736
44,C01417,2026-04-13 09:32:40+00:00,1,1,0.518402,0.481598
44,C01418,2026-04-13 09:33:10+00:00,1,0,0.409296,0.590704
44,C01419,2026-04-13 09:33:40+00:00,1,0,0.312320,0.687680
44,C01420,2026-04-13 09:34:10+00:00,1,0,0.395175,0.604825
44,C01421,2026-04-13 09:34:40+00:00,1,0,0.470459,0.529541
44,C01422,2026-04-13 09:35:10+00:00,1,0,0.451766,0.548234
44,C01423,2026-04-13 09:35:40+00:00,1,1,0.625691,0.374309
44,C01424,2026-04-13 09:36:10+00:00,1,0,0.408755,0.591245
44,C01425,2026-04-13 09:36:40+00:00,1,0,0.413373,0.586627
44,C01426,2026-04-13 09:37:10+00:00,1,1,0.538771,0.461229
44,C01427,2026-04-13 09:37:40+00:00,1,1,0.719035,0.280965
44,C01428,2026-04-13 09:38:10+00:00,1,1,0.533252,0.466748
44,C01429,2026-04-13 09:38:40+00:00,1,0,0.485456,0.514544
44,C01430,2026-04-13 09:39:10+00:00,1,1,0.590357,0.409643
44,C01431,2026-04-13 09:39:40+00:00,1,1,0.518734,0.481266
44,C01432,2026-04-13 09:40:10+00:00,1,0,0.448215,0.551785
44,C01433,2026-04-13 09:40:40+00:00,1,0,0.453071,0.546929
44,C01434,2026-04-13 09:41:10+00:00,1,0,0.469139,0.530861
44,C01435,2026-04-13 09:41:40+00:00,1,1,0.522893,0.477107
44,C01436,2026-04-13 09:42:10+00:00,1,1,0.554993,0.445007
44,C01437,2026-04-13 09:42:40+00:00,1,1,0.588049,0.411951
44,C01438,2026-04-13 09:43:10+00:00,1,1,0.585489,0.414511
44,C01439,2026-04-13 09:43:40+00:00,1,0,0.481548,0.518452
44,C01440,2026-04-13 09:44:10+00:00,1,0,0.480675,0.519325
44,C01441,2026-04-13 09:44:40+00:00,1,0,0.355098,0.644902
44,C01442,2026-04-13 09:45:10+00:00,1,1,0.707541,0.292459
44,C01443,2026-04-13 09:45:40+00:00,1,1,0.606419,0.393581
44,C01444,2026-04-13 09:46:10+00:00,1,1,0.636679,0.363321
44,C01445,2026-04-13 09:46:40+00:00,1,1,0.584254,0.415746
44,C01446,2026-04-13 09:47:10+00:00,1,1,0.671567,0.328433
44,C01447,2026-04-13 09:47:40+00:00,1,1,0.678241,0.321759
44,C01448,2026-04-13 09:48:10+00:00,1,1,0.722962,0.277038
44,C01449,2026-04-13 09:48:40+00:00,1,1,0.861864,0.138136
44,C01450,2026-04-13 09:49:10+00:00,1,1,0.825682,0.174318
44,C01451,2026-04-13 09:49:40+00:00,1,1,0.816357,0.183643
44,C01452,2026-04-13 09:50:10+00:00,1,1,0.835305,0.164695
44,C01453,2026-04-13 09:50:40+00:00,1,1,0.656327,0.343673
44,C01454,2026-04-13 09:51:10+00:00,1,0,0.466323,0.533677
44,C01455,2026-04-13 09:51:40+00:00,1,1,0.522601,0.477399
44,C01456,2026-04-13 09:52:10+00:00,0,1,0.621666,0.378334
44,C01457,2026-04-13 09:52:40+00:00,1,1,0.539955,0.460045
44,C01458,2026-04-13 09:53:10+00:00,1,0,0.429159,0.570841
44,C01459,2026-04-13 09:53:40+00:00,0,1,0.657857,0.342143
44,C01460,2026-04-13 09:54:10+00:00,1,1,0.792020,0.207980
44,C01461,2026-04-13 09:54:40+00:00,1,1,0.601819,0.398181
44,C01462,2026-04-13 09:55:10+00:00,1,1,0.566772,0.433228
44,C01463,2026-04-13 09:55:40+00:00,1,1,0.840904,0.159096
44,C01464,2026-04-13 09:56:10+00:00,1,1,0.691855,0.308145
44,C01465,2026-04-13 09:56:40+00:00,1,1,0.585330,0.414670
49,C01466,2026-04-13 12:08:10+00:00,1,0,0.000000,1.000000
49,C01467,2026-04-13 12:08:40+00:00,1,1,0.782452,0.217548
49,C01468,2026-04-13 12:09:10+00:00,1,1,0.976570,0.023430
49,C01469,2026-04-13 12:09:40+00:00,1,1,0.573673,0.426327
49,C01470,2026-04-13 12:10:10+00:00,1,1,0.503630,0.496370
49,C01471,2026-04-13 12:10:40+00:00,1,1,0.769346,0.230654
49,C01472,2026-04-13 12:11:10+00:00,1,1,0.766248,0.233752
49,C01473,2026-04-13 12:11:40+00:00,1,1,0.832744,0.167256
49,C01474,2026-04-13 12:12:10+00:00,1,1,0.770964,0.229036
49,C01475,2026-04-13 12:12:40+00:00,1,1,0.868619,0.131381
49,C01476,2026-04-13 12:13:10+00:00,1,1,0.768593,0.231407
49,C01477,2026-04-13 12:13:40+00:00,1,1,0.673179,0.326821
49,C01478,2026-04-13 12:14:10+00:00,1,1,0.770296,0.229704
49,C01479,2026-04-13 12:14:40+00:00,1,1,0.664100,0.335900
49,C01480,2026-04-13 12:15:10+00:00,1,1,0.713364,0.286636
49,C01481,2026-04-13 12:15:40+00:00,1,1,0.963485,0.036515
49,C01482,2026-04-13 12:16:10+00:00,1,1,0.895995,0.104005
49,C01483,2026-04-13 12:16:40+00:00,1,1,0.766671,0.233329
49,C01484,2026-04-13 12:17:10+00:00,1,1,0.816131,0.183869
49,C01485,2026-04-13 12:17:40+00:00,1,1,0.884865,0.115135
49,C01486,2026-04-13 12:18:10+00:00,1,1,0.706052,0.293948
49,C01487,2026-04-13 12:18:40+00:00,1,1,0.640439,0.359561
49,C01488,2026-04-13 12:19:10+00:00,1,1,0.867814,0.132186
49,C01489,2026-04-13 12:19:40+00:00,1,1,0.768306,0.231694
49,C01490,2026-04-13 12:20:10+00:00,1,1,0.662368,0.337632
49,C01491,2026-04-13 12:20:40+00:00,1,1,0.648552,0.351448
49,C01492,2026-04-13 12:21:10+00:00,1,1,0.933994,0.066006
49,C01493,2026-04-13 12:21:40+00:00,1,1,0.973996,0.026004
49,C01494,2026-04-13 12:22:10+00:00,1,1,0.935094,0.064906
49,C01495,2026-04-13 12:22:40+00:00,1,1,0.936048,0.063952
49,C01496,2026-04-13 12:23:10+00:00,1,1,0.858285,0.141715
49,C01497,2026-04-13 12:23:40+00:00,1,1,0.687946,0.312054
49,C01498,2026-04-13 12:24:10+00:00,1,1,0.530818,0.469182
49,C01499,2026-04-13 12:24:40+00:00,1,1,0.860995,0.139005
49,C01500,2026-04-13 12:25:10+00:00,1,1,0.826354,0.173646
49,C01501,2026-04-13 12:25:40+00:00,1,1,0.857811,0.142189
49,C01502,2026-04-13 12:26:10+00:00,1,1,0.856504,0.143496
49,C01503,2026-04-13 12:26:40+00:00,1,1,0.763940,0.236060
49,C01504,2026-04-13 12:27:10+00:00,1,1,0.699800,0.300200
49,C01505,2026-04-13 12:27:40+00:00,1,1,0.818314,0.181686
49,C01506,2026-04-13 12:28:10+00:00,1,1,0.975475,0.024525
49,C01507,2026-04-13 12:28:40+00:00,1,1,0.796337,0.203663
49,C01508,2026-04-13 12:29:10+00:00,1,1,0.631789,0.368211
49,C01509,2026-04-13 12:29:40+00:00,1,1,0.959430,0.040570
49,C01510,2026-04-13 12:30:10+00:00,1,1,0.690891,0.309109
49,C01511,2026-04-13 12:30:40+00:00,1,1,0.712239,0.287761
49,C01512,2026-04-13 12:31:10+00:00,1,1,0.709967,0.290033
49,C01513,2026-04-13 12:31:40+00:00,1,1,0.931930,0.068070
49,C01514,2026-04-13 12:32:10+00:00,1,1,0.914254,0.085746
49,C01515,2026-04-13 12:32:40+00:00,1,1,0.819932,0.180068
49,C01516,2026-04-13 12:33:10+00:00,1,1,0.839281,0.160719
49,C01517,2026-04-13 12:33:40+00:00,1,1,0.695019,0.304981
49,C01518,2026-04-13 12:34:10+00:00,1,1,0.707704,0.292296
49,C01519,2026-04-13 12:34:40+00:00,0,1,0.847672,0.152328
49,C01520,2026-04-13 12:35:10+00:00,1,1,0.719359,0.280641
49,C01521,2026-04-13 12:35:40+00:00,1,0,0.284917,0.715083
49,C01522,2026-04-13 12:36:10+00:00,1,1,0.793976,0.206024
49,C01523,2026-04-13 12:36:40+00:00,1,1,0.974768,0.025232
49,C01524,2026-04-13 12:37:10+00:00,0,1,0.734627,0.265373
49,C01525,2026-04-13 12:37:40+00:00,1,1,0.860453,0.139547
49,C01526,2026-04-13 12:38:10+00:00,1,0,0.438326,0.561674
49,C01527,2026-04-13 12:38:40+00:00,1,0,0.485310,0.514690
49,C01528,2026-04-13 12:39:10+00:00,1,1,0.693532,0.306468
49,C01529,2026-04-13 12:39:40+00:00,1,1,0.798921,0.201079
49,C01530,2026-04-13 12:40:10+00:00,1,1,0.779372,0.220628
49,C01531,2026-04-13 12:40:40+00:00,1,1,0.697316,0.302684
49,C01532,2026-04-13 12:41:10+00:00,1,1,0.974622,0.025378
49,C01533,2026-04-13 12:41:40+00:00,1,1,0.921509,0.078491
49,C01534,2026-04-13 12:42:10+00:00,1,1,0.955407,0.044593
49,C01535,2026-04-13 12:42:40+00:00,1,1,0.872640,0.127360
49,C01536,2026-04-13 12:43:10+00:00,1,1,0.981682,0.018318
49,C01537,2026-04-13 12:43:40+00:00,1,1,0.829605,0.170395
49,C01538,2026-04-13 12:44:10+00:00,1,1,0.774021,0.225979
49,C01539,2026-04-13 12:44:40+00:00,1,1,0.762640,0.237360
49,C01540,2026-04-13 12:45:10+00:00,1,1,0.777661,0.222339
49,C01541,2026-04-13 12:45:40+00:00,1,1,0.893097,0.106903
49,C01542,2026-04-13 12:46:10+00:00,1,1,0.703251,0.296749
49,C01543,2026-04-13 12:46:40+00:00,1,0,0.471516,0.528484
49,C01544,2026-04-13 12:47:10+00:00,1,1,0.598107,0.401893
49,C01545,2026-04-13 12:47:40+00:00,1,1,0.855064,0.144936
49,C01546,2026-04-13 12:48:10+00:00,1,1,0.814687,0.185313
49,C01547,2026-04-13 12:48:40+00:00,1,1,0.985138,0.014862
49,C01548,2026-04-13 12:49:10+00:00,1,1,0.993272,0.006728
49,C01549,2026-04-13 12:49:40+00:00,1,1,0.980213,0.019787
49,C01550,2026-04-13 12:50:10+00:00,1,1,0.888275,0.111725
49,C01551,2026-04-13 12:50:40+00:00,1,1,0.958874,0.041126
49,C01552,2026-04-13 12:51:10+00:00,1,1,0.944571,0.055429
49,C01553,2026-04-13 12:51:40+00:00,1,1,0.582466,0.417534
49,C01554,2026-04-13 12:52:10+00:00,1,1,0.592726,0.407274
49,C01555,2026-04-13 12:52:40+00:00,1,1,0.976948,0.023052
49,C01556,2026-04-13 12:53:10+00:00,1,1,0.967727,0.032273
49,C01557,2026-04-13 12:53:40+00:00,0,1,0.958524,0.041476
49,C01558,2026-04-13 12:54:10+00:00,0,1,0.763375,0.236625
49,C01559,2026-04-13 12:54:40+00:00,1,0,0.252752,0.747248
49,C01560,2026-04-13 12:55:10+00:00,1,0,0.365551,0.634449
49,C01561,2026-04-13 12:55:40+00:00,1,1,0.505906,0.494094
49,C01562,2026-04-13 12:56:10+00:00,1,1,0.703217,0.296783
49,C01563,2026-04-13 12:56:40+00:00,1,1,0.900552,0.099448
49,C01564,2026-04-13 12:57:10+00:00,1,1,0.935718,0.064282
49,C01565,2026-04-13 12:57:40+00:00,1,1,0.930140,0.069860
49,C01566,2026-04-13 12:58:10+00:00,1,1,0.913877,0.086123
49,C01567,2026-04-13 12:58:40+00:00,1,1,0.609327,0.390673
49,C01568,2026-04-13 12:59:10+00:00,1,1,0.565569,0.434431
49,C01569,2026-04-13 12:59:40+00:00,1,1,0.649219,0.350781
49,C01570,2026-04-13 13:00:10+00:00,1,1,0.979755,0.020245
49,C01571,2026-04-13 13:00:40+00:00,1,1,0.813498,0.186502
49,C01572,2026-04-13 13:01:10+00:00,1,1,0.835671,0.164329
49,C01573,2026-04-13 13:01:40+00:00,1,1,0.822998,0.177002
49,C01574,2026-04-13 13:02:10+00:00,1,1,0.848834,0.151166
49,C01575,2026-04-13 13:02:40+00:00,1,1,0.592091,0.407909
49,C01576,2026-04-13 13:03:10+00:00,1,1,0.602531,0.397469
49,C01577,2026-04-13 13:03:40+00:00,1,1,0.841275,0.158725
49,C01578,2026-04-13 13:04:10+00:00,1,0,0.476155,0.523845
49,C01579,2026-04-13 13:04:40+00:00,1,1,0.617806,0.382194
49,C01580,2026-04-13 13:05:10+00:00,1,1,0.585269,0.414731
49,C01581,2026-04-13 13:05:40+00:00,1,1,0.733293,0.266707
49,C01582,2026-04-13 13:06:10+00:00,1,1,0.712059,0.287941
49,C01583,2026-04-13 13:06:40+00:00,1,1,0.610975,0.389025
49,C01584,2026-04-13 13:07:10+00:00,1,1,0.649130,0.350870
49,C01585,2026-04-13 13:07:40+00:00,1,1,0.644634,0.355366
49,C01586,2026-04-13 13:08:10+00:00,1,1,0.775072,0.224928
49,C01587,2026-04-13 13:08:40+00:00,1,1,0.804087,0.195913
49,C01588,2026-04-13 13:09:10+00:00,1,1,0.738343,0.261657
49,C01589,2026-04-13 13:09:40+00:00,1,1,0.948222,0.051778
49,C01590,2026-04-13 13:10:10+00:00,1,1,0.763889,0.236111
49,C01591,2026-04-13 13:10:40+00:00,1,1,0.819625,0.180375
49,C01592,2026-04-13 13:11:10+00:00,1,1,0.588052,0.411948
49,C01593,2026-04-13 13:11:40+00:00,1,0,0.492120,0.507880
49,C01594,2026-04-13 13:12:10+00:00,1,0,0.343817,0.656183
49,C01595,2026-04-13 13:12:40+00:00,1,1,0.748251,0.251749
49,C01596,2026-04-13 13:13:10+00:00,1,1,0.525175,0.474825
49,C01597,2026-04-13 13:13:40+00:00,1,1,0.680993,0.319007
49,C01598,2026-04-13 13:14:10+00:00,1,1,0.865811,0.134189
49,C01599,2026-04-13 13:14:40+00:00,1,1,0.643263,0.356737
49,C01600,2026-04-13 13:15:10+00:00,1,1,0.606414,0.393586
49,C01601,2026-04-13 13:15:40+00:00,1,1,0.672154,0.327846
49,C01602,2026-04-13 13:16:10+00:00,1,1,0.839730,0.160270
49,C01603,2026-04-13 13:16:40+00:00,1,1,0.926352,0.073648
49,C01604,2026-04-13 13:17:10+00:00,1,1,0.862193,0.137807
49,C01605,2026-04-13 13:17:40+00:00,1,1,0.850191,0.149809
49,C01606,2026-04-13 13:18:10+00:00,1,1,0.808950,0.191050
49,C01607,2026-04-13 13:18:40+00:00,1,1,0.973457,0.026543
49,C01608,2026-04-13 13:19:10+00:00,1,1,0.855058,0.144942
49,C01609,2026-04-13 13:19:40+00:00,1,1,0.979205,0.020795
49,C01610,2026-04-13 13:20:10+00:00,1,1,0.938642,0.061358
49,C01611,2026-04-13 13:20:40+00:00,0,1,0.566328,0.433672
49,C01612,2026-04-13 13:21:10+00:00,1,1,0.739347,0.260653
49,C01613,2026-04-13 13:21:40+00:00,1,0,0.456002,0.543998
49,C01614,2026-04-13 13:22:10+00:00,1,1,0.603153,0.396847
49,C01615,2026-04-13 13:22:40+00:00,1,1,0.597636,0.402364
49,C01616,2026-04-13 13:23:10+00:00,1,1,0.587200,0.412800
49,C01617,2026-04-13 13:23:40+00:00,1,1,0.614397,0.385603
49,C01618,2026-04-13 13:24:10+00:00,1,1,0.796572,0.203428
49,C01619,2026-04-13 13:24:40+00:00,1,1,0.695745,0.304255
49,C01620,2026-04-13 13:25:10+00:00,1,1,0.743240,0.256760
49,C01621,2026-04-13 13:25:40+00:00,1,1,0.839767,0.160233
49,C01622,2026-04-13 13:26:10+00:00,1,1,0.897164,0.102836
49,C01623,2026-04-13 13:26:40+00:00,1,1,0.929632,0.070368
49,C01624,2026-04-13 13:27:10+00:00,1,1,0.614646,0.385354
49,C01625,2026-04-13 13:27:40+00:00,1,1,0.775078,0.224922
49,C01626,2026-04-13 13:28:10+00:00,1,1,0.878733,0.121267
49,C01627,2026-04-13 13:28:40+00:00,1,1,0.930140,0.069860
49,C01628,2026-04-13 13:29:10+00:00,1,1,0.863151,0.136849
49,C01629,2026-04-13 13:29:40+00:00,1,1,0.919590,0.080410
49,C01630,2026-04-13 13:30:10+00:00,1,1,0.949484,0.050516
49,C01631,2026-04-13 13:30:40+00:00,1,1,0.628342,0.371658
49,C01632,2026-04-13 13:31:10+00:00,1,1,0.608620,0.391380
49,C01633,2026-04-13 13:31:40+00:00,1,1,0.789662,0.210338
49,C01634,2026-04-13 13:32:10+00:00,1,1,0.790075,0.209925
49,C01635,2026-04-13 13:32:40+00:00,1,1,0.515153,0.484847
49,C01636,2026-04-13 13:33:10+00:00,1,0,0.453332,0.546668
49,C01637,2026-04-13 13:33:40+00:00,1,0,0.442733,0.557267
49,C01638,2026-04-13 13:34:10+00:00,1,1,0.627583,0.372417
49,C01639,2026-04-13 13:34:40+00:00,1,1,0.548243,0.451757
49,C01640,2026-04-13 13:35:10+00:00,1,0,0.448605,0.551395
49,C01641,2026-04-13 13:35:40+00:00,1,1,0.546457,0.453543
49,C01642,2026-04-13 13:36:10+00:00,1,0,0.490126,0.509874
49,C01643,2026-04-13 13:36:40+00:00,1,0,0.320650,0.679350
49,C01644,2026-04-13 13:37:10+00:00,1,0,0.419810,0.580190
49,C01645,2026-04-13 13:37:40+00:00,1,1,0.560041,0.439959
49,C01646,2026-04-13 13:38:10+00:00,1,1,0.612117,0.387883
49,C01647,2026-04-13 13:38:40+00:00,1,1,0.588528,0.411472
49,C01648,2026-04-13 13:39:10+00:00,1,1,0.531716,0.468284
49,C01649,2026-04-13 13:39:40+00:00,1,0,0.492840,0.507160
49,C01650,2026-04-13 13:40:10+00:00,1,1,0.592613,0.407387
49,C01651,2026-04-13 13:40:40+00:00,0,1,0.506828,0.493172
49,C01652,2026-04-13 13:41:10+00:00,1,0,0.400587,0.599413
49,C01653,2026-04-13 13:41:40+00:00,1,0,0.287374,0.712626
49,C01654,2026-04-13 13:42:10+00:00,1,1,0.640483,0.359517
49,C01655,2026-04-13 13:42:40+00:00,1,1,0.554303,0.445697
49,C01656,2026-04-13 13:43:10+00:00,1,1,0.540446,0.459554
49,C01657,2026-04-13 13:43:40+00:00,1,0,0.359272,0.640728
49,C01658,2026-04-13 13:44:10+00:00,1,0,0.395364,0.604636
49,C01659,2026-04-13 13:44:40+00:00,1,1,0.626090,0.373910
49,C01660,2026-04-13 13:45:10+00:00,1,1,0.565501,0.434499
49,C01661,2026-04-13 13:45:40+00:00,1,0,0.421095,0.578905
49,C01662,2026-04-13 13:46:10+00:00,1,0,0.271298,0.728702
49,C01663,2026-04-13 13:46:40+00:00,1,0,0.270445,0.729555
49,C01664,2026-04-13 13:47:10+00:00,1,1,0.573782,0.426218
49,C01665,2026-04-13 13:47:40+00:00,1,1,0.600931,0.399069
49,C01666,2026-04-13 13:48:10+00:00,1,1,0.518366,0.481634
49,C01667,2026-04-13 13:48:40+00:00,0,0,0.482980,0.517020
49,C01668,2026-04-13 13:49:10+00:00,1,0,0.472026,0.527974
49,C01669,2026-04-13 13:49:40+00:00,1,0,0.336248,0.663752
49,C01670,2026-04-13 13:50:10+00:00,1,0,0.339691,0.660309
49,C01671,2026-04-13 13:50:40+00:00,1,0,0.326072,0.673928
49,C01672,2026-04-13 13:51:10+00:00,1,0,0.269888,0.730112
49,C01673,2026-04-13 13:51:40+00:00,1,0,0.421183,0.578817
49,C01674,2026-04-13 13:52:10+00:00,1,0,0.473543,0.526457
49,C01675,2026-04-13 13:52:40+00:00,1,0,0.490348,0.509652
49,C01676,2026-04-13 13:53:10+00:00,1,0,0.438551,0.561449
49,C01677,2026-04-13 13:53:40+00:00,1,1,0.644961,0.355039
49,C01678,2026-04-13 13:54:10+00:00,1,1,0.537805,0.462195
49,C01679,2026-04-13 13:54:40+00:00,1,0,0.371648,0.628352
49,C01680,2026-04-13 13:55:10+00:00,1,1,0.541299,0.458701
49,C01681,2026-04-13 13:55:40+00:00,0,0,0.432765,0.567235
49,C01682,2026-04-13 13:56:10+00:00,0,0,0.381626,0.618374
49,C01683,2026-04-13 13:56:40+00:00,0,0,0.273944,0.726056
49,C01684,2026-04-13 13:57:10+00:00,1,0,0.477327,0.522673
49,C01685,2026-04-13 13:57:40+00:00,1,0,0.460839,0.539161
49,C01686,2026-04-13 13:58:10+00:00,1,0,0.477697,0.522303
49,C01687,2026-04-13 13:58:40+00:00,1,1,0.564865,0.435135
49,C01688,2026-04-13 13:59:10+00:00,1,0,0.481916,0.518084
49,C01689,2026-04-13 13:59:40+00:00,1,1,0.613070,0.386930
49,C01690,2026-04-13 14:00:10+00:00,1,1,0.631736,0.368264
49,C01691,2026-04-13 14:00:40+00:00,1,1,0.529030,0.470970
49,C01692,2026-04-13 14:01:10+00:00,1,1,0.567000,0.433000
49,C01693,2026-04-13 14:01:40+00:00,1,1,0.542802,0.457198
49,C01694,2026-04-13 14:02:10+00:00,1,1,0.542478,0.457522
49,C01695,2026-04-13 14:02:40+00:00,1,0,0.467846,0.532154
49,C01696,2026-04-13 14:03:10+00:00,1,0,0.493335,0.506665
49,C01697,2026-04-13 14:03:40+00:00,1,1,0.600939,0.399061
49,C01698,2026-04-13 14:04:10+00:00,1,0,0.469587,0.530413
49,C01699,2026-04-13 14:04:40+00:00,1,1,0.518656,0.481344
49,C01700,2026-04-13 14:05:10+00:00,0,1,0.573339,0.426661
49,C01701,2026-04-13 14:05:40+00:00,1,1,0.535552,0.464448
49,C01702,2026-04-13 14:06:10+00:00,0,0,0.383377,0.616623
49,C01703,2026-04-13 14:06:40+00:00,1,0,0.395575,0.604425
49,C01704,2026-04-13 14:07:10+00:00,1,0,0.398789,0.601211
49,C01705,2026-04-13 14:07:40+00:00,1,0,0.346976,0.653024
49,C01706,2026-04-13 14:08:10+00:00,1,0,0.302837,0.697163
49,C01707,2026-04-13 14:08:40+00:00,1,0,0.294092,0.705908
49,C01708,2026-04-13 14:09:10+00:00,1,1,0.591077,0.408923
49,C01709,2026-04-13 14:09:40+00:00,1,1,0.861174,0.138826
54,C01710,2026-04-14 09:00:30+00:00,1,0,0.025772,0.974228
54,C01711,2026-04-14 09:01:00+00:00,1,1,0.918977,0.081023
54,C01712,2026-04-14 09:01:30+00:00,1,1,0.920104,0.079896
54,C01713,2026-04-14 09:02:00+00:00,0,1,0.634830,0.365170
54,C01714,2026-04-14 09:02:30+00:00,1,1,0.656452,0.343548
54,C01715,2026-04-14 09:03:00+00:00,1,0,0.441655,0.558345
54,C01716,2026-04-14 09:03:30+00:00,1,1,0.518932,0.481068
54,C01717,2026-04-14 09:04:00+00:00,1,1,0.857453,0.142547
54,C01718,2026-04-14 09:04:30+00:00,1,1,0.642568,0.357432
54,C01719,2026-04-14 09:05:00+00:00,1,1,0.785246,0.214754
54,C01720,2026-04-14 09:05:30+00:00,1,1,0.739419,0.260581
54,C01721,2026-04-14 09:06:00+00:00,1,1,0.844544,0.155456
54,C01722,2026-04-14 09:06:30+00:00,1,1,0.978661,0.021339
54,C01723,2026-04-14 09:07:00+00:00,1,1,0.942749,0.057251
54,C01724,2026-04-14 09:07:30+00:00,1,1,0.940329,0.059671
54,C01725,2026-04-14 09:08:00+00:00,1,1,0.988017,0.011983
54,C01726,2026-04-14 09:08:30+00:00,1,1,0.940796,0.059204
54,C01727,2026-04-14 09:09:00+00:00,1,1,0.943027,0.056973
54,C01728,2026-04-14 09:09:30+00:00,1,1,0.966768,0.033232
54,C01729,2026-04-14 09:10:00+00:00,1,1,0.980423,0.019577
54,C01730,2026-04-14 09:10:30+00:00,1,1,0.917065,0.082935
54,C01731,2026-04-14 09:11:00+00:00,1,1,0.886296,0.113704
54,C01732,2026-04-14 09:11:30+00:00,1,1,0.877886,0.122114
54,C01733,2026-04-14 09:12:00+00:00,1,1,0.973989,0.026011
54,C01734,2026-04-14 09:12:30+00:00,1,1,0.573950,0.426050
54,C01735,2026-04-14 09:13:00+00:00,1,0,0.444127,0.555873
54,C01736,2026-04-14 09:13:30+00:00,1,1,0.565301,0.434699
54,C01737,2026-04-14 09:14:00+00:00,1,1,0.702389,0.297611
54,C01738,2026-04-14 09:14:30+00:00,1,1,0.640827,0.359173
54,C01739,2026-04-14 09:15:00+00:00,1,1,0.560790,0.439210
54,C01740,2026-04-14 09:15:30+00:00,1,1,0.823650,0.176350
54,C01741,2026-04-14 09:16:00+00:00,0,1,0.795296,0.204704
54,C01742,2026-04-14 09:16:30+00:00,1,1,0.933923,0.066077
54,C01743,2026-04-14 09:17:00+00:00,0,1,0.662798,0.337202
54,C01744,2026-04-14 09:17:30+00:00,1,1,0.681925,0.318075
54,C01745,2026-04-14 09:18:00+00:00,1,1,0.735589,0.264411
54,C01746,2026-04-14 09:18:30+00:00,1,1,0.920065,0.079935
54,C01747,2026-04-14 09:19:00+00:00,1,1,0.769907,0.230093
54,C01748,2026-04-14 09:19:30+00:00,1,1,0.741147,0.258853
54,C01749,2026-04-14 09:20:00+00:00,1,1,0.868333,0.131667
54,C01750,2026-04-14 09:20:30+00:00,1,1,0.939640,0.060360
54,C01751,2026-04-14 09:21:00+00:00,1,1,0.749066,0.250934
54,C01752,2026-04-14 09:21:30+00:00,1,1,0.765715,0.234285
54,C01753,2026-04-14 09:22:00+00:00,1,1,0.969486,0.030514
54,C01754,2026-04-14 09:22:30+00:00,1,1,0.973485,0.026515
54,C01755,2026-04-14 09:23:00+00:00,1,1,0.895398,0.104602
54,C01756,2026-04-14 09:23:30+00:00,1,1,0.615474,0.384526
54,C01757,2026-04-14 09:24:00+00:00,1,1,0.812193,0.187807
54,C01758,2026-04-14 09:24:30+00:00,1,1,0.731399,0.268601
54,C01759,2026-04-14 09:25:00+00:00,1,0,0.440730,0.559270
54,C01760,2026-04-14 09:25:30+00:00,1,1,0.636872,0.363128
54,C01761,2026-04-14 09:26:00+00:00,1,1,0.744868,0.255132
54,C01762,2026-04-14 09:26:30+00:00,1,1,0.768528,0.231472
54,C01763,2026-04-14 09:27:00+00:00,1,1,0.723292,0.276708
54,C01764,2026-04-14 09:27:30+00:00,1,1,0.758162,0.241838
54,C01765,2026-04-14 09:28:00+00:00,1,1,0.660409,0.339591
54,C01766,2026-04-14 09:28:30+00:00,1,1,0.565145,0.434855
54,C01767,2026-04-14 09:29:00+00:00,1,1,0.728525,0.271475
54,C01768,2026-04-14 09:29:30+00:00,1,1,0.715370,0.284630
54,C01769,2026-04-14 09:30:00+00:00,1,1,0.620976,0.379024
54,C01770,2026-04-14 09:30:30+00:00,1,1,0.687067,0.312933
54,C01771,2026-04-14 09:31:00+00:00,1,1,0.528356,0.471644
54,C01772,2026-04-14 09:31:30+00:00,1,1,0.516744,0.483256
54,C01773,2026-04-14 09:32:00+00:00,1,1,0.714994,0.285006
54,C01774,2026-04-14 09:32:30+00:00,1,1,0.528652,0.471348
54,C01775,2026-04-14 09:33:00+00:00,0,1,0.558590,0.441410
54,C01776,2026-04-14 09:33:30+00:00,0,1,0.518310,0.481690
54,C01777,2026-04-14 09:34:00+00:00,1,0,0.376117,0.623883
54,C01778,2026-04-14 09:34:30+00:00,1,0,0.406755,0.593245
54,C01779,2026-04-14 09:35:00+00:00,1,1,0.631759,0.368241
54,C01780,2026-04-14 09:35:30+00:00,1,1,0.543999,0.456001
54,C01781,2026-04-14 09:36:00+00:00,1,0,0.435484,0.564516
54,C01782,2026-04-14 09:36:30+00:00,1,1,0.512884,0.487116
54,C01783,2026-04-14 09:37:00+00:00,1,0,0.378463,0.621537
54,C01784,2026-04-14 09:37:30+00:00,1,1,0.533516,0.466484
54,C01785,2026-04-14 09:38:00+00:00,1,0,0.495053,0.504947
54,C01786,2026-04-14 09:38:30+00:00,1,1,0.609769,0.390231
54,C01787,2026-04-14 09:39:00+00:00,1,1,0.663464,0.336536
54,C01788,2026-04-14 09:39:30+00:00,1,0,0.427158,0.572842
54,C01789,2026-04-14 09:40:00+00:00,1,0,0.492244,0.507756
54,C01790,2026-04-14 09:40:30+00:00,1,0,0.466395,0.533605
54,C01791,2026-04-14 09:41:00+00:00,1,0,0.455999,0.544001
54,C01792,2026-04-14 09:41:30+00:00,0,1,0.601527,0.398473
54,C01793,2026-04-14 09:42:00+00:00,1,1,0.673470,0.326530
54,C01794,2026-04-14 09:42:30+00:00,1,0,0.438396,0.561604
54,C01795,2026-04-14 09:43:00+00:00,0,0,0.473474,0.526526
54,C01796,2026-04-14 09:43:30+00:00,0,1,0.645304,0.354696
54,C01797,2026-04-14 09:44:00+00:00,1,0,0.440757,0.559243
54,C01798,2026-04-14 09:44:30+00:00,1,0,0.273769,0.726231
54,C01799,2026-04-14 09:45:00+00:00,1,0,0.422973,0.577027
54,C01800,2026-04-14 09:45:30+00:00,1,0,0.488794,0.511206
54,C01801,2026-04-14 09:46:00+00:00,1,0,0.290821,0.709179
54,C01802,2026-04-14 09:46:30+00:00,1,1,0.628650,0.371350
54,C01803,2026-04-14 09:47:00+00:00,1,0,0.442702,0.557298
54,C01804,2026-04-14 09:47:30+00:00,1,1,0.555521,0.444479
54,C01805,2026-04-14 09:48:00+00:00,1,0,0.432363,0.567637
54,C01806,2026-04-14 09:48:30+00:00,1,1,0.566875,0.433125
54,C01807,2026-04-14 09:49:00+00:00,1,1,0.601990,0.398010
54,C01808,2026-04-14 09:49:30+00:00,1,1,0.546130,0.453870
54,C01809,2026-04-14 09:50:00+00:00,1,0,0.462312,0.537688
54,C01810,2026-04-14 09:50:30+00:00,1,0,0.445425,0.554575
54,C01811,2026-04-14 09:51:00+00:00,0,1,0.635917,0.364083
54,C01812,2026-04-14 09:51:30+00:00,1,0,0.458606,0.541394
54,C01813,2026-04-14 09:52:00+00:00,1,0,0.382222,0.617778
54,C01814,2026-04-14 09:52:30+00:00,1,0,0.383084,0.616916
54,C01815,2026-04-14 09:53:00+00:00,0,1,0.664379,0.335621
54,C01816,2026-04-14 09:53:30+00:00,1,1,0.521791,0.478209
54,C01817,2026-04-14 09:54:00+00:00,1,0,0.410620,0.589380
54,C01818,2026-04-14 09:54:30+00:00,1,0,0.462793,0.537207
54,C01819,2026-04-14 09:55:00+00:00,1,1,0.691069,0.308931
54,C01820,2026-04-14 09:55:30+00:00,1,0,0.395014,0.604986
54,C01821,2026-04-14 09:56:00+00:00,0,0,0.490619,0.509381
54,C01822,2026-04-14 09:56:30+00:00,1,1,0.655657,0.344343
54,C01823,2026-04-14 09:57:00+00:00,1,0,0.462398,0.537602
54,C01824,2026-04-14 09:57:30+00:00,1,0,0.448156,0.551844
54,C01825,2026-04-14 09:58:00+00:00,1,1,0.731647,0.268353
54,C01826,2026-04-14 09:58:30+00:00,1,0,0.353606,0.646394
54,C01827,2026-04-14 09:59:00+00:00,1,1,0.668081,0.331919
54,C01828,2026-04-14 09:59:30+00:00,1,1,0.500443,0.499557
54,C01829,2026-04-14 10:00:00+00:00,0,1,0.766903,0.233097
54,C01830,2026-04-14 10:00:30+00:00,1,1,0.607526,0.392474
54,C01831,2026-04-14 10:01:00+00:00,0,1,0.513457,0.486543
54,C01832,2026-04-14 10:01:30+00:00,0,1,0.534279,0.465721
54,C01833,2026-04-14 10:02:00+00:00,1,0,0.301569,0.698431
54,C01834,2026-04-14 10:02:30+00:00,0,0,0.389359,0.610641
54,C01835,2026-04-14 10:03:00+00:00,1,1,0.748442,0.251558
54,C01836,2026-04-14 10:03:30+00:00,1,1,0.691093,0.308907
54,C01837,2026-04-14 10:04:00+00:00,1,1,0.667015,0.332985
54,C01838,2026-04-14 10:04:30+00:00,1,1,0.830472,0.169528
54,C01839,2026-04-14 10:05:00+00:00,1,1,0.784487,0.215513
54,C01840,2026-04-14 10:05:30+00:00,1,1,0.637580,0.362420
54,C01841,2026-04-14 10:06:00+00:00,1,1,0.666234,0.333766
54,C01842,2026-04-14 10:06:30+00:00,1,1,0.714586,0.285414
54,C01843,2026-04-14 10:07:00+00:00,1,1,0.595076,0.404924
54,C01844,2026-04-14 10:07:30+00:00,1,1,0.649232,0.350768
54,C01845,2026-04-14 10:08:00+00:00,1,1,0.775088,0.224912
54,C01846,2026-04-14 10:08:30+00:00,1,1,0.700839,0.299161
54,C01847,2026-04-14 10:09:00+00:00,1,1,0.981153,0.018847
54,C01848,2026-04-14 10:09:30+00:00,1,1,0.978825,0.021175
54,C01849,2026-04-14 10:10:00+00:00,1,1,0.732131,0.267869
54,C01850,2026-04-14 10:10:30+00:00,1,0,0.495711,0.504289
54,C01851,2026-04-14 10:11:00+00:00,1,1,0.689201,0.310799
54,C01852,2026-04-14 10:11:30+00:00,1,1,0.784914,0.215086
54,C01853,2026-04-14 10:12:00+00:00,1,1,0.951373,0.048627
54,C01854,2026-04-14 10:12:30+00:00,1,1,0.916146,0.083854
54,C01855,2026-04-14 10:13:00+00:00,1,1,0.703203,0.296797
54,C01856,2026-04-14 10:13:30+00:00,1,1,0.919699,0.080301
54,C01857,2026-04-14 10:14:00+00:00,1,1,0.646899,0.353101
54,C01858,2026-04-14 10:14:30+00:00,1,1,0.843074,0.156926
54,C01859,2026-04-14 10:15:00+00:00,1,1,0.843554,0.156446
54,C01860,2026-04-14 10:15:30+00:00,1,0,0.372557,0.627443
54,C01861,2026-04-14 10:16:00+00:00,1,0,0.475141,0.524859
54,C01862,2026-04-14 10:16:30+00:00,1,1,0.569368,0.430632
54,C01863,2026-04-14 10:17:00+00:00,1,0,0.437454,0.562546
54,C01864,2026-04-14 10:17:30+00:00,1,1,0.716856,0.283144
54,C01865,2026-04-14 10:18:00+00:00,1,0,0.487099,0.512901
54,C01866,2026-04-14 10:18:30+00:00,1,0,0.469654,0.530346
54,C01867,2026-04-14 10:19:00+00:00,1,1,0.620982,0.379018
54,C01868,2026-04-14 10:19:30+00:00,1,0,0.397589,0.602411
54,C01869,2026-04-14 10:20:00+00:00,1,1,0.802806,0.197194
54,C01870,2026-04-14 10:20:30+00:00,1,0,0.458958,0.541042
54,C01871,2026-04-14 10:21:00+00:00,1,0,0.477933,0.522067
54,C01872,2026-04-14 10:21:30+00:00,1,1,0.567686,0.432314
54,C01873,2026-04-14 10:22:00+00:00,0,1,0.537425,0.462575
54,C01874,2026-04-14 10:22:30+00:00,0,1,0.705470,0.294530
54,C01875,2026-04-14 10:23:00+00:00,0,0,0.162955,0.837045
54,C01876,2026-04-14 10:23:30+00:00,0,0,0.273035,0.726965
54,C01877,2026-04-14 10:24:00+00:00,0,0,0.257224,0.742776
54,C01878,2026-04-14 10:24:30+00:00,1,0,0.224380,0.775620
54,C01879,2026-04-14 10:25:00+00:00,1,0,0.287716,0.712284
54,C01880,2026-04-14 10:25:30+00:00,0,0,0.388022,0.611978
54,C01881,2026-04-14 10:26:00+00:00,1,0,0.393935,0.606065
54,C01882,2026-04-14 10:26:30+00:00,1,0,0.247993,0.752007
54,C01883,2026-04-14 10:27:00+00:00,1,0,0.324853,0.675147
54,C01884,2026-04-14 10:27:30+00:00,1,0,0.416335,0.583665
54,C01885,2026-04-14 10:28:00+00:00,0,0,0.365597,0.634403
54,C01886,2026-04-14 10:28:30+00:00,1,1,0.550190,0.449810
54,C01887,2026-04-14 10:29:00+00:00,1,0,0.313419,0.686581
54,C01888,2026-04-14 10:29:30+00:00,1,0,0.446890,0.553110
54,C01889,2026-04-14 10:30:00+00:00,1,1,0.584150,0.415850
54,C01890,2026-04-14 10:30:30+00:00,1,1,0.841939,0.158061
54,C01891,2026-04-14 10:31:00+00:00,1,0,0.473390,0.526610
54,C01892,2026-04-14 10:31:30+00:00,1,1,0.562622,0.437378
54,C01893,2026-04-14 10:32:00+00:00,1,0,0.430262,0.569738
54,C01894,2026-04-14 10:32:30+00:00,1,1,0.783202,0.216798
54,C01895,2026-04-14 10:33:00+00:00,1,0,0.404077,0.595923
54,C01896,2026-04-14 10:33:30+00:00,1,1,0.621253,0.378747
54,C01897,2026-04-14 10:34:00+00:00,1,1,0.590267,0.409733
54,C01898,2026-04-14 10:34:30+00:00,1,0,0.467016,0.532984
54,C01899,2026-04-14 10:35:00+00:00,1,1,0.765564,0.234436
54,C01900,2026-04-14 10:35:30+00:00,1,1,0.940284,0.059716
54,C01901,2026-04-14 10:36:00+00:00,1,1,0.515513,0.484487
54,C01902,2026-04-14 10:36:30+00:00,1,1,0.603348,0.396652
54,C01903,2026-04-14 10:37:00+00:00,1,1,0.983262,0.016738
54,C01904,2026-04-14 10:37:30+00:00,1,1,0.753639,0.246361
54,C01905,2026-04-14 10:38:00+00:00,1,1,0.687716,0.312284
54,C01906,2026-04-14 10:38:30+00:00,1,1,0.616964,0.383036
54,C01907,2026-04-14 10:39:00+00:00,1,1,0.575394,0.424606
54,C01908,2026-04-14 10:39:30+00:00,1,1,0.614636,0.385364
54,C01909,2026-04-14 10:40:00+00:00,1,1,0.586822,0.413178
54,C01910,2026-04-14 10:40:30+00:00,1,1,0.615664,0.384336
54,C01911,2026-04-14 10:41:00+00:00,1,1,0.630045,0.369955
54,C01912,2026-04-14 10:41:30+00:00,1,1,0.758815,0.241185
54,C01913,2026-04-14 10:42:00+00:00,1,1,0.618079,0.381921
54,C01914,2026-04-14 10:42:30+00:00,1,0,0.421147,0.578853
54,C01915,2026-04-14 10:43:00+00:00,1,1,0.660967,0.339033
54,C01916,2026-04-14 10:43:30+00:00,1,1,0.612814,0.387186
54,C01917,2026-04-14 10:44:00+00:00,1,1,0.559092,0.440908
54,C01918,2026-04-14 10:44:30+00:00,1,1,0.542929,0.457071
54,C01919,2026-04-14 10:45:00+00:00,1,0,0.473874,0.526126
54,C01920,2026-04-14 10:45:30+00:00,1,1,0.521212,0.478788
54,C01921,2026-04-14 10:46:00+00:00,1,1,0.563840,0.436160
54,C01922,2026-04-14 10:46:30+00:00,1,0,0.408894,0.591106
54,C01923,2026-04-14 10:47:00+00:00,1,0,0.425379,0.574621
54,C01924,2026-04-14 10:47:30+00:00,0,0,0.499500,0.500500
54,C01925,2026-04-14 10:48:00+00:00,0,0,0.383249,0.616751
54,C01926,2026-04-14 10:48:30+00:00,1,0,0.334905,0.665095
54,C01927,2026-04-14 10:49:00+00:00,1,0,0.382660,0.617340
54,C01928,2026-04-14 10:49:30+00:00,0,0,0.390212,0.609788
54,C01929,2026-04-14 10:50:00+00:00,0,0,0.415956,0.584044
54,C01930,2026-04-14 10:50:30+00:00,0,0,0.318300,0.681700
54,C01931,2026-04-14 10:51:00+00:00,1,1,0.514598,0.485402
54,C01932,2026-04-14 10:51:30+00:00,1,0,0.308251,0.691749
54,C01933,2026-04-14 10:52:00+00:00,1,0,0.382876,0.617124
54,C01934,2026-04-14 10:52:30+00:00,0,0,0.325897,0.674103
54,C01935,2026-04-14 10:53:00+00:00,1,0,0.312092,0.687908
54,C01936,2026-04-14 10:53:30+00:00,0,0,0.207959,0.792041
54,C01937,2026-04-14 10:54:00+00:00,1,0,0.200656,0.799344
54,C01938,2026-04-14 10:54:30+00:00,1,0,0.367995,0.632005
54,C01939,2026-04-14 10:55:00+00:00,1,0,0.313266,0.686734
54,C01940,2026-04-14 10:55:30+00:00,1,0,0.432228,0.567772
54,C01941,2026-04-14 10:56:00+00:00,1,0,0.283710,0.716290
54,C01942,2026-04-14 10:56:30+00:00,0,0,0.322870,0.677130
54,C01943,2026-04-14 10:57:00+00:00,0,0,0.340765,0.659235
54,C01944,2026-04-14 10:57:30+00:00,1,0,0.152945,0.847055
54,C01945,2026-04-14 10:58:00+00:00,1,0,0.191722,0.808278
54,C01946,2026-04-14 10:58:30+00:00,0,0,0.298106,0.701894
54,C01947,2026-04-14 10:59:00+00:00,1,0,0.343507,0.656493
54,C01948,2026-04-14 10:59:30+00:00,1,0,0.278982,0.721018
54,C01949,2026-04-14 11:00:00+00:00,1,0,0.322577,0.677423
54,C01950,2026-04-14 11:00:30+00:00,0,0,0.295536,0.704464
54,C01951,2026-04-14 11:01:00+00:00,1,0,0.246346,0.753654
54,C01952,2026-04-14 11:01:30+00:00,1,0,0.257669,0.742331
54,C01953,2026-04-14 11:02:00+00:00,1,0,0.329048,0.670952
54,C01954,2026-04-14 11:02:30+00:00,1,0,0.296021,0.703979
54,C01955,2026-04-14 11:03:00+00:00,0,0,0.243709,0.756291
54,C01956,2026-04-14 11:03:30+00:00,1,0,0.211676,0.788324
54,C01957,2026-04-14 11:04:00+00:00,0,0,0.148374,0.851626
54,C01958,2026-04-14 11:04:30+00:00,0,0,0.258981,0.741019
54,C01959,2026-04-14 11:05:00+00:00,0,0,0.208274,0.791726
54,C01960,2026-04-14 11:05:30+00:00,1,0,0.218353,0.781647
54,C01961,2026-04-14 11:06:00+00:00,1,0,0.244394,0.755606
54,C01962,2026-04-14 11:06:30+00:00,0,0,0.304672,0.695328
54,C01963,2026-04-14 11:07:00+00:00,1,0,0.206974,0.793026
54,C01964,2026-04-14 11:07:30+00:00,0,0,0.211183,0.788817
54,C01965,2026-04-14 11:08:00+00:00,0,0,0.291833,0.708167
54,C01966,2026-04-14 11:08:30+00:00,1,0,0.202828,0.797172
54,C01967,2026-04-14 11:09:00+00:00,0,0,0.223567,0.776433
54,C01968,2026-04-14 11:09:30+00:00,0,0,0.208922,0.791078
54,C01969,2026-04-14 11:10:00+00:00,0,0,0.136004,0.863996
54,C01970,2026-04-14 11:10:30+00:00,0,0,0.112980,0.887020
54,C01971,2026-04-14 11:11:00+00:00,0,0,0.154887,0.845113
54,C01972,2026-04-14 11:11:30+00:00,0,0,0.162357,0.837643
54,C01973,2026-04-14 11:12:00+00:00,1,0,0.133077,0.866923
54,C01974,2026-04-14 11:12:30+00:00,1,0,0.350221,0.649779
54,C01975,2026-04-14 11:13:00+00:00,1,0,0.413334,0.586666
54,C01976,2026-04-14 11:13:30+00:00,1,0,0.371659,0.628341
54,C01977,2026-04-14 11:14:00+00:00,1,0,0.390754,0.609246
54,C01978,2026-04-14 11:14:30+00:00,1,1,0.632286,0.367714
54,C01979,2026-04-14 11:15:00+00:00,1,1,0.668924,0.331076
54,C01980,2026-04-14 11:15:30+00:00,1,1,0.556005,0.443995
54,C01981,2026-04-14 11:16:00+00:00,1,1,0.682570,0.317430
54,C01982,2026-04-14 11:16:30+00:00,1,1,0.817693,0.182307
54,C01983,2026-04-14 11:17:00+00:00,1,1,0.838925,0.161075
54,C01984,2026-04-14 11:17:30+00:00,1,1,0.852975,0.147025
54,C01985,2026-04-14 11:18:00+00:00,1,1,0.582012,0.417988
54,C01986,2026-04-14 11:18:30+00:00,1,1,0.686701,0.313299
54,C01987,2026-04-14 11:19:00+00:00,1,1,0.841001,0.158999
54,C01988,2026-04-14 11:19:30+00:00,1,1,0.707663,0.292337
54,C01989,2026-04-14 11:20:00+00:00,1,1,0.820967,0.179033
54,C01990,2026-04-14 11:20:30+00:00,1,1,0.936988,0.063012
54,C01991,2026-04-14 11:21:00+00:00,1,1,0.741685,0.258315
54,C01992,2026-04-14 11:21:30+00:00,1,1,0.965892,0.034108
54,C01993,2026-04-14 11:22:00+00:00,1,1,0.862427,0.137573
54,C01994,2026-04-14 11:22:30+00:00,0,1,0.946193,0.053807
54,C01995,2026-04-14 11:23:00+00:00,0,1,0.742372,0.257628
54,C01996,2026-04-14 11:23:30+00:00,0,1,0.588283,0.411717
54,C01997,2026-04-14 11:24:00+00:00,0,0,0.387586,0.612414
54,C01998,2026-04-14 11:24:30+00:00,0,0,0.240220,0.759780
54,C01999,2026-04-14 11:25:00+00:00,1,0,0.313049,0.686951
54,C02000,2026-04-14 11:25:30+00:00,1,0,0.434006,0.565994
54,C02001,2026-04-14 11:26:00+00:00,1,1,0.561849,0.438151
54,C02002,2026-04-14 11:26:30+00:00,1,1,0.619500,0.380500
54,C02003,2026-04-14 11:27:00+00:00,1,1,0.568044,0.431956
54,C02004,2026-04-14 11:27:30+00:00,0,1,0.566237,0.433763
54,C02005,2026-04-14 11:28:00+00:00,1,1,0.532138,0.467862
54,C02006,2026-04-14 11:28:30+00:00,1,1,0.588648,0.411352
54,C02007,2026-04-14 11:29:00+00:00,0,1,0.668738,0.331262
54,C02008,2026-04-14 11:29:30+00:00,0,1,0.638839,0.361161
54,C02009,2026-04-14 11:30:00+00:00,0,0,0.496814,0.503186
54,C02010,2026-04-14 11:30:30+00:00,0,0,0.423642,0.576358
54,C02011,2026-04-14 11:31:00+00:00,0,0,0.394488,0.605512
54,C02012,2026-04-14 11:31:30+00:00,1,0,0.391485,0.608515
54,C02013,2026-04-14 11:32:00+00:00,1,0,0.225942,0.774058
54,C02014,2026-04-14 11:32:30+00:00,1,0,0.455279,0.544721
54,C02015,2026-04-14 11:33:00+00:00,1,1,0.722709,0.277291
54,C02016,2026-04-14 11:33:30+00:00,1,1,0.663204,0.336796
54,C02017,2026-04-14 11:34:00+00:00,1,1,0.658489,0.341511
54,C02018,2026-04-14 11:34:30+00:00,1,1,0.752359,0.247641
54,C02019,2026-04-14 11:35:00+00:00,1,1,0.780628,0.219372
54,C02020,2026-04-14 11:35:30+00:00,1,1,0.714578,0.285422
54,C02021,2026-04-14 11:36:00+00:00,1,1,0.638117,0.361883
54,C02022,2026-04-14 11:36:30+00:00,1,1,0.585608,0.414392
54,C02023,2026-04-14 11:37:00+00:00,1,1,0.545503,0.454497
54,C02024,2026-04-14 11:37:30+00:00,1,1,0.668953,0.331047
54,C02025,2026-04-14 11:38:00+00:00,1,1,0.625204,0.374796
54,C02026,2026-04-14 11:38:30+00:00,1,1,0.609050,0.390950
54,C02027,2026-04-14 11:39:00+00:00,1,1,0.695813,0.304187
54,C02028,2026-04-14 11:39:30+00:00,1,1,0.718687,0.281313
54,C02029,2026-04-14 11:40:00+00:00,1,1,0.692049,0.307951
54,C02030,2026-04-14 11:40:30+00:00,1,1,0.547439,0.452561
54,C02031,2026-04-14 11:41:00+00:00,1,0,0.481380,0.518620
54,C02032,2026-04-14 11:41:30+00:00,1,1,0.625116,0.374884
54,C02033,2026-04-14 11:42:00+00:00,1,1,0.594120,0.405880
54,C02034,2026-04-14 11:42:30+00:00,0,1,0.639165,0.360835
54,C02035,2026-04-14 11:43:00+00:00,1,0,0.474729,0.525271
54,C02036,2026-04-14 11:43:30+00:00,1,0,0.389705,0.610295
54,C02037,2026-04-14 11:44:00+00:00,1,1,0.569836,0.430164
54,C02038,2026-04-14 11:44:30+00:00,1,1,0.569789,0.430211
54,C02039,2026-04-14 11:45:00+00:00,1,1,0.607148,0.392852
54,C02040,2026-04-14 11:45:30+00:00,1,1,0.671623,0.328377
54,C02041,2026-04-14 11:46:00+00:00,1,1,0.774670,0.225330
54,C02042,2026-04-14 11:46:30+00:00,0,1,0.734255,0.265745
54,C02043,2026-04-14 11:47:00+00:00,1,1,0.811554,0.188446
54,C02044,2026-04-14 11:47:30+00:00,0,0,0.349438,0.650562
54,C02045,2026-04-14 11:48:00+00:00,1,0,0.363981,0.636019
54,C02046,2026-04-14 11:48:30+00:00,1,0,0.316610,0.683390
54,C02047,2026-04-14 11:49:00+00:00,1,1,0.503815,0.496185
54,C02048,2026-04-14 11:49:30+00:00,1,1,0.532589,0.467411
54,C02049,2026-04-14 11:50:00+00:00,1,1,0.584198,0.415802
54,C02050,2026-04-14 11:50:30+00:00,1,1,0.698085,0.301915
54,C02051,2026-04-14 11:51:00+00:00,1,1,0.883879,0.116121
54,C02052,2026-04-14 11:51:30+00:00,1,1,0.842624,0.157376
54,C02053,2026-04-14 11:52:00+00:00,1,1,0.720860,0.279140
54,C02054,2026-04-14 11:52:30+00:00,1,1,0.837769,0.162231
54,C02055,2026-04-14 11:53:00+00:00,1,1,0.884579,0.115421
54,C02056,2026-04-14 11:53:30+00:00,1,0,0.492453,0.507547
54,C02057,2026-04-14 11:54:00+00:00,1,1,0.523282,0.476718
54,C02058,2026-04-14 11:54:30+00:00,1,1,0.610040,0.389960
54,C02059,2026-04-14 11:55:00+00:00,1,1,0.503833,0.496167
54,C02060,2026-04-14 11:55:30+00:00,1,1,0.513988,0.486012
54,C02061,2026-04-14 11:56:00+00:00,1,0,0.455974,0.544026
54,C02062,2026-04-14 11:56:30+00:00,1,0,0.348131,0.651869
54,C02063,2026-04-14 11:57:00+00:00,1,1,0.621218,0.378782
54,C02064,2026-04-14 11:57:30+00:00,1,1,0.747398,0.252602
54,C02065,2026-04-14 11:58:00+00:00,0,1,0.673664,0.326336
54,C02066,2026-04-14 11:58:30+00:00,1,0,0.493337,0.506663
54,C02067,2026-04-14 11:59:00+00:00,0,1,0.640760,0.359240
54,C02068,2026-04-14 11:59:30+00:00,1,1,0.551638,0.448362
54,C02069,2026-04-14 12:00:00+00:00,1,0,0.458222,0.541778
54,C02070,2026-04-14 12:00:30+00:00,1,1,0.575216,0.424784
54,C02071,2026-04-14 12:01:00+00:00,1,1,0.769146,0.230854
54,C02072,2026-04-14 12:01:30+00:00,1,0,0.496822,0.503178
54,C02073,2026-04-14 12:02:00+00:00,1,1,0.510285,0.489715
54,C02074,2026-04-14 12:02:30+00:00,1,1,0.560024,0.439976
54,C02075,2026-04-14 12:03:00+00:00,1,1,0.688594,0.311406
54,C02076,2026-04-14 12:03:30+00:00,1,1,0.705798,0.294202
54,C02077,2026-04-14 12:04:00+00:00,1,1,0.546983,0.453017
54,C02078,2026-04-14 12:04:30+00:00,1,1,0.694320,0.305680
54,C02079,2026-04-14 12:05:00+00:00,1,1,0.628893,0.371107
54,C02080,2026-04-14 12:05:30+00:00,1,1,0.512573,0.487427
54,C02081,2026-04-14 12:06:00+00:00,1,1,0.550716,0.449284
54,C02082,2026-04-14 12:06:30+00:00,1,1,0.699536,0.300464
54,C02083,2026-04-14 12:07:00+00:00,1,1,0.706016,0.293984
54,C02084,2026-04-14 12:07:30+00:00,1,1,0.696918,0.303082
54,C02085,2026-04-14 12:08:00+00:00,1,1,0.731974,0.268026
54,C02086,2026-04-14 12:08:30+00:00,1,1,0.646512,0.353488
54,C02087,2026-04-14 12:09:00+00:00,1,1,0.614038,0.385962
54,C02088,2026-04-14 12:09:30+00:00,1,1,0.679201,0.320799
54,C02089,2026-04-14 12:10:00+00:00,1,1,0.694326,0.305674
54,C02090,2026-04-14 12:10:30+00:00,1,1,0.719035,0.280965
54,C02091,2026-04-14 12:11:00+00:00,1,1,0.658797,0.341203
54,C02092,2026-04-14 12:11:30+00:00,1,1,0.500336,0.499664
54,C02093,2026-04-14 12:12:00+00:00,0,1,0.666724,0.333276
54,C02094,2026-04-14 12:12:30+00:00,1,1,0.687179,0.312821
54,C02095,2026-04-14 12:13:00+00:00,0,1,0.593285,0.406715
54,C02096,2026-04-14 12:13:30+00:00,0,0,0.498217,0.501783
54,C02097,2026-04-14 12:14:00+00:00,0,0,0.448143,0.551857
54,C02098,2026-04-14 12:14:30+00:00,0,0,0.381581,0.618419
54,C02099,2026-04-14 12:15:00+00:00,0,0,0.345743,0.654257
54,C02100,2026-04-14 12:15:30+00:00,0,0,0.315646,0.684354
54,C02101,2026-04-14 12:16:00+00:00,0,0,0.351292,0.648708
54,C02102,2026-04-14 12:16:30+00:00,0,0,0.391033,0.608967
54,C02103,2026-04-14 12:17:00+00:00,1,0,0.359076,0.640924
54,C02104,2026-04-14 12:17:30+00:00,0,0,0.408710,0.591290
54,C02105,2026-04-14 12:18:00+00:00,0,0,0.369156,0.630844
54,C02106,2026-04-14 12:18:30+00:00,0,0,0.368858,0.631142
54,C02107,2026-04-14 12:19:00+00:00,0,0,0.385794,0.614206
54,C02108,2026-04-14 12:19:30+00:00,0,0,0.359481,0.640519
54,C02109,2026-04-14 12:20:00+00:00,1,0,0.313269,0.686731
54,C02110,2026-04-14 12:20:30+00:00,1,0,0.437476,0.562524
54,C02111,2026-04-14 12:21:00+00:00,1,0,0.431674,0.568326
54,C02112,2026-04-14 12:21:30+00:00,0,0,0.424124,0.575876
54,C02113,2026-04-14 12:22:00+00:00,1,0,0.410090,0.589910
54,C02114,2026-04-14 12:22:30+00:00,0,0,0.343009,0.656991
54,C02115,2026-04-14 12:23:00+00:00,1,0,0.433951,0.566049
54,C02116,2026-04-14 12:23:30+00:00,1,1,0.511185,0.488815
54,C02117,2026-04-14 12:24:00+00:00,1,1,0.783955,0.216045
54,C02118,2026-04-14 12:24:30+00:00,1,1,0.606160,0.393840
54,C02119,2026-04-14 12:25:00+00:00,1,1,0.567611,0.432389
54,C02120,2026-04-14 12:25:30+00:00,0,1,0.738280,0.261720
54,C02121,2026-04-14 12:26:00+00:00,0,1,0.527933,0.472067
54,C02122,2026-04-14 12:26:30+00:00,1,0,0.374894,0.625106
54,C02123,2026-04-14 12:27:00+00:00,1,0,0.350191,0.649809
54,C02124,2026-04-14 12:27:30+00:00,0,0,0.335382,0.664618
54,C02125,2026-04-14 12:28:00+00:00,1,0,0.441693,0.558307
54,C02126,2026-04-14 12:28:30+00:00,1,0,0.341937,0.658063
54,C02127,2026-04-14 12:29:00+00:00,1,1,0.500789,0.499211
54,C02128,2026-04-14 12:29:30+00:00,1,1,0.724384,0.275616
54,C02129,2026-04-14 12:30:00+00:00,0,1,0.562805,0.437195
54,C02130,2026-04-14 12:30:30+00:00,0,0,0.429300,0.570700
54,C02131,2026-04-14 12:31:00+00:00,1,0,0.360451,0.639549
54,C02132,2026-04-14 12:31:30+00:00,1,0,0.242295,0.757705
54,C02133,2026-04-14 12:32:00+00:00,1,0,0.458671,0.541329
54,C02134,2026-04-14 12:32:30+00:00,0,1,0.620325,0.379675
54,C02135,2026-04-14 12:33:00+00:00,0,0,0.499531,0.500469
54,C02136,2026-04-14 12:33:30+00:00,0,0,0.358632,0.641368
54,C02137,2026-04-14 12:34:00+00:00,1,0,0.394587,0.605413
54,C02138,2026-04-14 12:34:30+00:00,1,0,0.342516,0.657484
54,C02139,2026-04-14 12:35:00+00:00,1,1,0.654718,0.345282
54,C02140,2026-04-14 12:35:30+00:00,1,1,0.550861,0.449139
54,C02141,2026-04-14 12:36:00+00:00,1,1,0.653679,0.346321
59,C02142,2026-04-15 09:03:10+00:00,1,0,0.020775,0.979225
59,C02143,2026-04-15 09:03:40+00:00,0,1,0.566809,0.433191
59,C02144,2026-04-15 09:04:10+00:00,0,0,0.466821,0.533179
59,C02145,2026-04-15 09:04:40+00:00,1,0,0.420998,0.579002
59,C02146,2026-04-15 09:05:10+00:00,1,0,0.443614,0.556386
59,C02147,2026-04-15 09:05:40+00:00,1,1,0.528243,0.471757
59,C02148,2026-04-15 09:06:10+00:00,1,1,0.697283,0.302717
59,C02149,2026-04-15 09:06:40+00:00,1,1,0.881725,0.118275
59,C02150,2026-04-15 09:07:10+00:00,1,1,0.851976,0.148024
59,C02151,2026-04-15 09:07:40+00:00,1,1,0.670134,0.329866
59,C02152,2026-04-15 09:08:10+00:00,1,1,0.734398,0.265602
59,C02153,2026-04-15 09:08:40+00:00,1,1,0.903491,0.096509
59,C02154,2026-04-15 09:09:10+00:00,1,1,0.698371,0.301629
59,C02155,2026-04-15 09:09:40+00:00,1,1,0.563672,0.436328
59,C02156,2026-04-15 09:10:10+00:00,1,1,0.787513,0.212487
59,C02157,2026-04-15 09:10:40+00:00,1,1,0.829517,0.170483
59,C02158,2026-04-15 09:11:10+00:00,1,0,0.413951,0.586049
59,C02159,2026-04-15 09:11:40+00:00,1,0,0.497009,0.502991
59,C02160,2026-04-15 09:12:10+00:00,1,1,0.867930,0.132070
59,C02161,2026-04-15 09:12:40+00:00,1,1,0.691507,0.308493
59,C02162,2026-04-15 09:13:10+00:00,1,0,0.477510,0.522490
59,C02163,2026-04-15 09:13:40+00:00,0,0,0.369748,0.630252
59,C02164,2026-04-15 09:14:10+00:00,1,1,0.600590,0.399410
59,C02165,2026-04-15 09:14:40+00:00,0,1,0.500424,0.499576
59,C02166,2026-04-15 09:15:10+00:00,1,1,0.707722,0.292278
59,C02167,2026-04-15 09:15:40+00:00,1,1,0.620536,0.379464
59,C02168,2026-04-15 09:16:10+00:00,1,1,0.890318,0.109682
59,C02169,2026-04-15 09:16:40+00:00,1,1,0.973706,0.026294
59,C02170,2026-04-15 09:17:10+00:00,1,1,0.933312,0.066688
59,C02171,2026-04-15 09:17:40+00:00,1,1,0.812028,0.187972
59,C02172,2026-04-15 09:18:10+00:00,1,1,0.853849,0.146151
59,C02173,2026-04-15 09:18:40+00:00,1,1,0.667612,0.332388
59,C02174,2026-04-15 09:19:10+00:00,1,0,0.420451,0.579549
59,C02175,2026-04-15 09:19:40+00:00,1,1,0.514899,0.485101
59,C02176,2026-04-15 09:20:10+00:00,0,1,0.543758,0.456242
59,C02177,2026-04-15 09:20:40+00:00,0,0,0.350057,0.649943
59,C02178,2026-04-15 09:21:10+00:00,0,0,0.233217,0.766783
59,C02179,2026-04-15 09:21:40+00:00,0,0,0.273150,0.726850
59,C02180,2026-04-15 09:22:10+00:00,0,0,0.265700,0.734300
59,C02181,2026-04-15 09:22:40+00:00,0,0,0.165167,0.834833
59,C02182,2026-04-15 09:23:10+00:00,0,0,0.234020,0.765980
59,C02183,2026-04-15 09:23:40+00:00,0,0,0.327138,0.672862
59,C02184,2026-04-15 09:24:10+00:00,1,0,0.221332,0.778668
59,C02185,2026-04-15 09:24:40+00:00,1,0,0.242318,0.757682
59,C02186,2026-04-15 09:25:10+00:00,0,0,0.240848,0.759152
59,C02187,2026-04-15 09:25:40+00:00,0,0,0.275705,0.724295
59,C02188,2026-04-15 09:26:10+00:00,0,0,0.343371,0.656629
59,C02189,2026-04-15 09:26:40+00:00,0,0,0.268104,0.731896
59,C02190,2026-04-15 09:27:10+00:00,1,0,0.189129,0.810871
59,C02191,2026-04-15 09:27:40+00:00,0,0,0.286160,0.713840
59,C02192,2026-04-15 09:28:10+00:00,0,0,0.323420,0.676580
59,C02193,2026-04-15 09:28:40+00:00,0,0,0.380760,0.619240
59,C02194,2026-04-15 09:29:10+00:00,1,0,0.243680,0.756320
59,C02195,2026-04-15 09:29:40+00:00,1,0,0.234345,0.765655
59,C02196,2026-04-15 09:30:10+00:00,0,0,0.387041,0.612959
59,C02197,2026-04-15 09:30:40+00:00,0,0,0.442643,0.557357
59,C02198,2026-04-15 09:31:10+00:00,0,0,0.268484,0.731516
59,C02199,2026-04-15 09:31:40+00:00,1,0,0.289174,0.710826
59,C02200,2026-04-15 09:32:10+00:00,1,0,0.342725,0.657275
59,C02201,2026-04-15 09:32:40+00:00,1,0,0.390921,0.609079
59,C02202,2026-04-15 09:33:10+00:00,0,0,0.435985,0.564015
59,C02203,2026-04-15 09:33:40+00:00,0,0,0.323154,0.676846
59,C02204,2026-04-15 09:34:10+00:00,1,0,0.269946,0.730054
59,C02205,2026-04-15 09:34:40+00:00,1,0,0.258850,0.741150
59,C02206,2026-04-15 09:35:10+00:00,0,0,0.435056,0.564944
59,C02207,2026-04-15 09:35:40+00:00,1,0,0.348759,0.651241
59,C02208,2026-04-15 09:36:10+00:00,1,0,0.227250,0.772750
59,C02209,2026-04-15 09:36:40+00:00,1,0,0.412578,0.587422
59,C02210,2026-04-15 09:37:10+00:00,0,0,0.436814,0.563186
59,C02211,2026-04-15 09:37:40+00:00,0,1,0.508224,0.491776
59,C02212,2026-04-15 09:38:10+00:00,0,0,0.184331,0.815669
59,C02213,2026-04-15 09:38:40+00:00,0,0,0.319586,0.680414
59,C02214,2026-04-15 09:39:10+00:00,0,0,0.303441,0.696559
59,C02215,2026-04-15 09:39:40+00:00,0,0,0.308569,0.691431
59,C02216,2026-04-15 09:40:10+00:00,0,0,0.349144,0.650856
59,C02217,2026-04-15 09:40:40+00:00,0,0,0.197239,0.802761
59,C02218,2026-04-15 09:41:10+00:00,0,0,0.323257,0.676743
59,C02219,2026-04-15 09:41:40+00:00,0,0,0.185450,0.814550
59,C02220,2026-04-15 09:42:10+00:00,0,0,0.241367,0.758633
59,C02221,2026-04-15 09:42:40+00:00,1,0,0.168269,0.831731
59,C02222,2026-04-15 09:43:10+00:00,0,0,0.118506,0.881494
59,C02223,2026-04-15 09:43:40+00:00,0,0,0.387390,0.612610
59,C02224,2026-04-15 09:44:10+00:00,0,0,0.279283,0.720717
59,C02225,2026-04-15 09:44:40+00:00,1,0,0.244571,0.755429
59,C02226,2026-04-15 09:45:10+00:00,1,0,0.397763,0.602237
59,C02227,2026-04-15 09:45:40+00:00,1,0,0.441135,0.558865
59,C02228,2026-04-15 09:46:10+00:00,1,1,0.578340,0.421660
59,C02229,2026-04-15 09:46:40+00:00,1,0,0.494147,0.505853
59,C02230,2026-04-15 09:47:10+00:00,1,0,0.445552,0.554448
59,C02231,2026-04-15 09:47:40+00:00,1,0,0.492194,0.507806
59,C02232,2026-04-15 09:48:10+00:00,1,0,0.498138,0.501862
59,C02233,2026-04-15 09:48:40+00:00,1,1,0.524393,0.475607
59,C02234,2026-04-15 09:49:10+00:00,1,1,0.524246,0.475754
59,C02235,2026-04-15 09:49:40+00:00,1,1,0.587373,0.412627
59,C02236,2026-04-15 09:50:10+00:00,1,0,0.445704,0.554296
59,C02237,2026-04-15 09:50:40+00:00,0,1,0.837162,0.162838
59,C02238,2026-04-15 09:51:10+00:00,0,0,0.400642,0.599358
59,C02239,2026-04-15 09:51:40+00:00,0,0,0.176870,0.823130
59,C02240,2026-04-15 09:52:10+00:00,0,0,0.420404,0.579596
59,C02241,2026-04-15 09:52:40+00:00,1,0,0.337113,0.662887
59,C02242,2026-04-15 09:53:10+00:00,0,0,0.442585,0.557415
59,C02243,2026-04-15 09:53:40+00:00,1,0,0.350130,0.649870
59,C02244,2026-04-15 09:54:10+00:00,0,0,0.346310,0.653690
59,C02245,2026-04-15 09:54:40+00:00,1,0,0.498954,0.501046
59,C02246,2026-04-15 09:55:10+00:00,1,0,0.262266,0.737734
59,C02247,2026-04-15 09:55:40+00:00,1,1,0.662660,0.337340
59,C02248,2026-04-15 09:56:10+00:00,1,0,0.491261,0.508739
59,C02249,2026-04-15 09:56:40+00:00,0,1,0.809685,0.190315
59,C02250,2026-04-15 09:57:10+00:00,1,0,0.474150,0.525850
59,C02251,2026-04-15 09:57:40+00:00,1,0,0.354621,0.645379
59,C02252,2026-04-15 09:58:10+00:00,1,0,0.452713,0.547287
59,C02253,2026-04-15 09:58:40+00:00,1,0,0.418336,0.581664
59,C02254,2026-04-15 09:59:10+00:00,1,0,0.494637,0.505363
59,C02255,2026-04-15 09:59:40+00:00,1,0,0.441170,0.558830
59,C02256,2026-04-15 10:00:10+00:00,1,1,0.600880,0.399120
59,C02257,2026-04-15 10:00:40+00:00,1,0,0.452586,0.547414
59,C02258,2026-04-15 10:01:10+00:00,1,0,0.413571,0.586429
59,C02259,2026-04-15 10:01:40+00:00,1,1,0.522865,0.477135
59,C02260,2026-04-15 10:02:10+00:00,1,0,0.453370,0.546630
59,C02261,2026-04-15 10:02:40+00:00,1,1,0.564629,0.435371
59,C02262,2026-04-15 10:03:10+00:00,1,1,0.571174,0.428826
59,C02263,2026-04-15 10:03:40+00:00,1,1,0.501209,0.498791
59,C02264,2026-04-15 10:04:10+00:00,0,1,0.687337,0.312663
59,C02265,2026-04-15 10:04:40+00:00,1,1,0.646290,0.353710
59,C02266,2026-04-15 10:05:10+00:00,1,0,0.377389,0.622611
59,C02267,2026-04-15 10:05:40+00:00,1,0,0.317252,0.682748
59,C02268,2026-04-15 10:06:10+00:00,1,0,0.449008,0.550992
59,C02269,2026-04-15 10:06:40+00:00,1,1,0.859455,0.140545
59,C02270,2026-04-15 10:07:10+00:00,0,1,0.601976,0.398024
59,C02271,2026-04-15 10:07:40+00:00,1,1,0.531927,0.468073
59,C02272,2026-04-15 10:08:10+00:00,1,0,0.392790,0.607210
59,C02273,2026-04-15 10:08:40+00:00,1,1,0.802647,0.197353
59,C02274,2026-04-15 10:09:10+00:00,1,1,0.703789,0.296211
59,C02275,2026-04-15 10:09:40+00:00,1,0,0.354593,0.645407
59,C02276,2026-04-15 10:10:10+00:00,1,1,0.738887,0.261113
59,C02277,2026-04-15 10:10:40+00:00,1,1,0.789757,0.210243
59,C02278,2026-04-15 10:11:10+00:00,1,0,0.469797,0.530203
59,C02279,2026-04-15 10:11:40+00:00,1,0,0.417344,0.582656
59,C02280,2026-04-15 10:12:10+00:00,1,0,0.373752,0.626248
59,C02281,2026-04-15 10:12:40+00:00,1,1,0.639185,0.360815
59,C02282,2026-04-15 10:13:10+00:00,1,1,0.707825,0.292175
59,C02283,2026-04-15 10:13:40+00:00,1,1,0.942816,0.057184
59,C02284,2026-04-15 10:14:10+00:00,1,1,0.876487,0.123513
59,C02285,2026-04-15 10:14:40+00:00,1,1,0.891481,0.108519
59,C02286,2026-04-15 10:15:10+00:00,1,1,0.942327,0.057673
59,C02287,2026-04-15 10:15:40+00:00,1,1,0.812795,0.187205
59,C02288,2026-04-15 10:16:10+00:00,1,1,0.727172,0.272828
59,C02289,2026-04-15 10:16:40+00:00,1,1,0.633755,0.366245
59,C02290,2026-04-15 10:17:10+00:00,1,1,0.613300,0.386700
59,C02291,2026-04-15 10:17:40+00:00,1,1,0.960237,0.039763
59,C02292,2026-04-15 10:18:10+00:00,1,1,0.969022,0.030978
59,C02293,2026-04-15 10:18:40+00:00,1,1,0.946336,0.053664
59,C02294,2026-04-15 10:19:10+00:00,1,1,0.944167,0.055833
59,C02295,2026-04-15 10:19:40+00:00,1,1,0.655867,0.344133
59,C02296,2026-04-15 10:20:10+00:00,1,1,0.770489,0.229511
59,C02297,2026-04-15 10:20:40+00:00,1,0,0.423162,0.576838
59,C02298,2026-04-15 10:21:10+00:00,1,0,0.436164,0.563836
59,C02299,2026-04-15 10:21:40+00:00,1,0,0.467124,0.532876
59,C02300,2026-04-15 10:22:10+00:00,1,1,0.740884,0.259116
59,C02301,2026-04-15 10:22:40+00:00,1,1,0.901364,0.098636
59,C02302,2026-04-15 10:23:10+00:00,1,1,0.961012,0.038988
59,C02303,2026-04-15 10:23:40+00:00,1,0,0.398403,0.601597
59,C02304,2026-04-15 10:24:10+00:00,0,1,0.506590,0.493410
59,C02305,2026-04-15 10:24:40+00:00,1,1,0.906027,0.093973
59,C02306,2026-04-15 10:25:10+00:00,1,1,0.616685,0.383315
59,C02307,2026-04-15 10:25:40+00:00,1,0,0.460779,0.539221
59,C02308,2026-04-15 10:26:10+00:00,1,1,0.819368,0.180632
59,C02309,2026-04-15 10:26:40+00:00,1,1,0.933970,0.066030
59,C02310,2026-04-15 10:27:10+00:00,1,1,0.950659,0.049341
59,C02311,2026-04-15 10:27:40+00:00,1,1,0.564570,0.435430
59,C02312,2026-04-15 10:28:10+00:00,1,0,0.434399,0.565601
59,C02313,2026-04-15 10:28:40+00:00,1,1,0.759927,0.240073
59,C02314,2026-04-15 10:29:10+00:00,1,1,0.958863,0.041137
59,C02315,2026-04-15 10:29:40+00:00,1,1,0.946726,0.053274
59,C02316,2026-04-15 10:30:10+00:00,1,1,0.734323,0.265677
59,C02317,2026-04-15 10:30:40+00:00,1,1,0.551811,0.448189
59,C02318,2026-04-15 10:31:10+00:00,1,1,0.541675,0.458325
59,C02319,2026-04-15 10:31:40+00:00,1,1,0.816126,0.183874
59,C02320,2026-04-15 10:32:10+00:00,1,1,0.686276,0.313724
59,C02321,2026-04-15 10:32:40+00:00,1,1,0.971605,0.028395
59,C02322,2026-04-15 10:33:10+00:00,1,1,0.769938,0.230062
59,C02323,2026-04-15 10:33:40+00:00,1,1,0.507896,0.492104
59,C02324,2026-04-15 10:34:10+00:00,1,0,0.462944,0.537056
59,C02325,2026-04-15 10:34:40+00:00,1,1,0.655716,0.344284
59,C02326,2026-04-15 10:35:10+00:00,1,1,0.959341,0.040659
59,C02327,2026-04-15 10:35:40+00:00,1,1,0.839535,0.160465
59,C02328,2026-04-15 10:36:10+00:00,1,1,0.806308,0.193692
59,C02329,2026-04-15 10:36:40+00:00,1,1,0.746713,0.253287
59,C02330,2026-04-15 10:37:10+00:00,1,1,0.754383,0.245617
59,C02331,2026-04-15 10:37:40+00:00,1,1,0.866171,0.133829
59,C02332,2026-04-15 10:38:10+00:00,1,1,0.687224,0.312776
59,C02333,2026-04-15 10:38:40+00:00,1,1,0.882961,0.117039
59,C02334,2026-04-15 10:39:10+00:00,1,1,0.834709,0.165291
59,C02335,2026-04-15 10:39:40+00:00,1,1,0.648182,0.351818
59,C02336,2026-04-15 10:40:10+00:00,1,1,0.722654,0.277346
59,C02337,2026-04-15 10:40:40+00:00,1,1,0.778076,0.221924
59,C02338,2026-04-15 10:41:10+00:00,1,1,0.953259,0.046741
59,C02339,2026-04-15 10:41:40+00:00,1,1,0.928760,0.071240
59,C02340,2026-04-15 10:42:10+00:00,1,1,0.939739,0.060261
59,C02341,2026-04-15 10:42:40+00:00,1,1,0.694670,0.305330
59,C02342,2026-04-15 10:43:10+00:00,1,1,0.786818,0.213182
59,C02343,2026-04-15 10:43:40+00:00,1,1,0.761791,0.238209
59,C02344,2026-04-15 10:44:10+00:00,1,1,0.708031,0.291969
59,C02345,2026-04-15 10:44:40+00:00,1,1,0.908102,0.091898
59,C02346,2026-04-15 10:45:10+00:00,1,1,0.803948,0.196052
59,C02347,2026-04-15 10:45:40+00:00,1,1,0.653175,0.346825
59,C02348,2026-04-15 10:46:10+00:00,1,1,0.760902,0.239098
59,C02349,2026-04-15 10:46:40+00:00,1,1,0.910556,0.089444
59,C02350,2026-04-15 10:47:10+00:00,1,1,0.669685,0.330315
59,C02351,2026-04-15 10:47:40+00:00,1,1,0.626235,0.373765
59,C02352,2026-04-15 10:48:10+00:00,1,1,0.947225,0.052775
59,C02353,2026-04-15 10:48:40+00:00,1,1,0.527868,0.472132
59,C02354,2026-04-15 10:49:10+00:00,1,1,0.643532,0.356468
59,C02355,2026-04-15 10:49:40+00:00,1,0,0.403415,0.596585
59,C02356,2026-04-15 10:50:10+00:00,1,1,0.754020,0.245980
59,C02357,2026-04-15 10:50:40+00:00,1,1,0.891665,0.108335
59,C02358,2026-04-15 10:51:10+00:00,1,1,0.962831,0.037169
59,C02359,2026-04-15 10:51:40+00:00,1,1,0.830069,0.169931
59,C02360,2026-04-15 10:52:10+00:00,0,0,0.449746,0.550254
59,C02361,2026-04-15 10:52:40+00:00,1,1,0.747198,0.252802
59,C02362,2026-04-15 10:53:10+00:00,1,0,0.414140,0.585860
59,C02363,2026-04-15 10:53:40+00:00,1,0,0.457239,0.542761
59,C02364,2026-04-15 10:54:10+00:00,1,1,0.874874,0.125126
59,C02365,2026-04-15 10:54:40+00:00,1,1,0.797047,0.202953
59,C02366,2026-04-15 10:55:10+00:00,1,1,0.949616,0.050384
59,C02367,2026-04-15 10:55:40+00:00,1,1,0.892678,0.107322
59,C02368,2026-04-15 10:56:10+00:00,1,1,0.750731,0.249269
59,C02369,2026-04-15 10:56:40+00:00,1,1,0.690927,0.309073
59,C02370,2026-04-15 10:57:10+00:00,1,1,0.891053,0.108947
59,C02371,2026-04-15 10:57:40+00:00,1,1,0.765250,0.234750
59,C02372,2026-04-15 10:58:10+00:00,1,1,0.801145,0.198855
59,C02373,2026-04-15 10:58:40+00:00,1,1,0.901832,0.098168
59,C02374,2026-04-15 10:59:10+00:00,1,1,0.784632,0.215368
59,C02375,2026-04-15 10:59:40+00:00,1,1,0.943704,0.056296
59,C02376,2026-04-15 11:00:10+00:00,1,1,0.814100,0.185900
59,C02377,2026-04-15 11:00:40+00:00,1,1,0.960921,0.039079
59,C02378,2026-04-15 11:01:10+00:00,1,1,0.954988,0.045012
59,C02379,2026-04-15 11:01:40+00:00,1,0,0.470571,0.529429
59,C02380,2026-04-15 11:02:10+00:00,1,0,0.499271,0.500729
59,C02381,2026-04-15 11:02:40+00:00,1,1,0.608812,0.391188
59,C02382,2026-04-15 11:03:10+00:00,1,1,0.649381,0.350619
59,C02383,2026-04-15 11:03:40+00:00,1,1,0.711743,0.288257
59,C02384,2026-04-15 11:04:10+00:00,1,1,0.702731,0.297269
59,C02385,2026-04-15 11:04:40+00:00,1,1,0.882439,0.117561
59,C02386,2026-04-15 11:05:10+00:00,1,1,0.576998,0.423002
59,C02387,2026-04-15 11:05:40+00:00,0,1,0.881414,0.118586
59,C02388,2026-04-15 11:06:10+00:00,0,1,0.747248,0.252752
59,C02389,2026-04-15 11:06:40+00:00,0,1,0.803288,0.196712
59,C02390,2026-04-15 11:07:10+00:00,1,1,0.701414,0.298586
59,C02391,2026-04-15 11:07:40+00:00,0,1,0.664967,0.335033
59,C02392,2026-04-15 11:08:10+00:00,1,1,0.558427,0.441573
59,C02393,2026-04-15 11:08:40+00:00,1,0,0.454756,0.545244
59,C02394,2026-04-15 11:09:10+00:00,1,1,0.682855,0.317145
59,C02395,2026-04-15 11:09:40+00:00,0,1,0.523354,0.476646
59,C02396,2026-04-15 11:10:10+00:00,1,0,0.482895,0.517105
59,C02397,2026-04-15 11:10:40+00:00,1,0,0.441675,0.558325
59,C02398,2026-04-15 11:11:10+00:00,1,0,0.350251,0.649749
59,C02399,2026-04-15 11:11:40+00:00,1,0,0.392260,0.607740
59,C02400,2026-04-15 11:12:10+00:00,1,1,0.629233,0.370767
59,C02401,2026-04-15 11:12:40+00:00,1,1,0.553256,0.446744
59,C02402,2026-04-15 11:13:10+00:00,1,1,0.712133,0.287867
59,C02403,2026-04-15 11:13:40+00:00,1,1,0.689546,0.310454
59,C02404,2026-04-15 11:14:10+00:00,1,1,0.628990,0.371010
59,C02405,2026-04-15 11:14:40+00:00,1,1,0.538788,0.461212
59,C02406,2026-04-15 11:15:10+00:00,1,1,0.580696,0.419304
59,C02407,2026-04-15 11:15:40+00:00,0,1,0.576784,0.423216
59,C02408,2026-04-15 11:16:10+00:00,1,1,0.589961,0.410039
59,C02409,2026-04-15 11:16:40+00:00,1,1,0.576090,0.423910
59,C02410,2026-04-15 11:17:10+00:00,1,1,0.555567,0.444433
59,C02411,2026-04-15 11:17:40+00:00,0,1,0.745902,0.254098
59,C02412,2026-04-15 11:18:10+00:00,0,0,0.469976,0.530024
59,C02413,2026-04-15 11:18:40+00:00,0,0,0.286447,0.713553
59,C02414,2026-04-15 11:19:10+00:00,1,0,0.223716,0.776284
59,C02415,2026-04-15 11:19:40+00:00,0,0,0.265253,0.734747
59,C02416,2026-04-15 11:20:10+00:00,0,0,0.472919,0.527081
59,C02417,2026-04-15 11:20:40+00:00,0,0,0.472134,0.527866
59,C02418,2026-04-15 11:21:10+00:00,0,0,0.372082,0.627918
59,C02419,2026-04-15 11:21:40+00:00,0,0,0.353517,0.646483
59,C02420,2026-04-15 11:22:10+00:00,1,0,0.434670,0.565330
59,C02421,2026-04-15 11:22:40+00:00,0,0,0.260838,0.739162
59,C02422,2026-04-15 11:23:10+00:00,1,0,0.360924,0.639076
59,C02423,2026-04-15 11:23:40+00:00,1,0,0.307360,0.692640
59,C02424,2026-04-15 11:24:10+00:00,0,1,0.821593,0.178407
59,C02425,2026-04-15 11:24:40+00:00,0,1,0.655042,0.344958
59,C02426,2026-04-15 11:25:10+00:00,0,0,0.428359,0.571641
59,C02427,2026-04-15 11:25:40+00:00,1,0,0.279219,0.720781
59,C02428,2026-04-15 11:26:10+00:00,1,1,0.557381,0.442619
59,C02429,2026-04-15 11:26:40+00:00,0,1,0.900211,0.099789
59,C02430,2026-04-15 11:27:10+00:00,1,1,0.898299,0.101701
59,C02431,2026-04-15 11:27:40+00:00,1,1,0.621571,0.378429
59,C02432,2026-04-15 11:28:10+00:00,1,1,0.729292,0.270708
59,C02433,2026-04-15 11:28:40+00:00,1,1,0.904753,0.095247
59,C02434,2026-04-15 11:29:10+00:00,1,1,0.887397,0.112603
59,C02435,2026-04-15 11:29:40+00:00,1,1,0.949297,0.050703
59,C02436,2026-04-15 11:30:10+00:00,1,1,0.565166,0.434834
59,C02437,2026-04-15 11:30:40+00:00,1,1,0.513722,0.486278
59,C02438,2026-04-15 11:31:10+00:00,1,1,0.530109,0.469891
59,C02439,2026-04-15 11:31:40+00:00,1,1,0.822714,0.177286
59,C02440,2026-04-15 11:32:10+00:00,1,1,0.872201,0.127799
59,C02441,2026-04-15 11:32:40+00:00,1,1,0.889441,0.110559
59,C02442,2026-04-15 11:33:10+00:00,1,1,0.621599,0.378401
59,C02443,2026-04-15 11:33:40+00:00,0,0,0.495147,0.504853
59,C02444,2026-04-15 11:34:10+00:00,1,1,0.737695,0.262305
59,C02445,2026-04-15 11:34:40+00:00,1,0,0.291737,0.708263
59,C02446,2026-04-15 11:35:10+00:00,1,0,0.380957,0.619043
59,C02447,2026-04-15 11:35:40+00:00,1,1,0.510872,0.489128
59,C02448,2026-04-15 11:36:10+00:00,1,1,0.976529,0.023471
59,C02449,2026-04-15 11:36:40+00:00,1,1,0.612023,0.387977
59,C02450,2026-04-15 11:37:10+00:00,1,1,0.664097,0.335903
59,C02451,2026-04-15 11:37:40+00:00,1,1,0.780465,0.219535
59,C02452,2026-04-15 11:38:10+00:00,1,1,0.822716,0.177284
59,C02453,2026-04-15 11:38:40+00:00,1,1,0.652306,0.347694
59,C02454,2026-04-15 11:39:10+00:00,1,1,0.953314,0.046686
59,C02455,2026-04-15 11:39:40+00:00,1,1,0.937427,0.062573
59,C02456,2026-04-15 11:40:10+00:00,1,1,0.873274,0.126726
59,C02457,2026-04-15 11:40:40+00:00,1,1,0.805490,0.194510
59,C02458,2026-04-15 11:41:10+00:00,1,1,0.595188,0.404812
59,C02459,2026-04-15 11:41:40+00:00,1,1,0.679698,0.320302
59,C02460,2026-04-15 11:42:10+00:00,1,1,0.578476,0.421524
59,C02461,2026-04-15 11:42:40+00:00,1,1,0.904351,0.095649
59,C02462,2026-04-15 11:43:10+00:00,1,1,0.606262,0.393738
59,C02463,2026-04-15 11:43:40+00:00,1,1,0.711540,0.288460
59,C02464,2026-04-15 11:44:10+00:00,1,1,0.567199,0.432801
59,C02465,2026-04-15 11:44:40+00:00,1,1,0.885618,0.114382
59,C02466,2026-04-15 11:45:10+00:00,1,1,0.930834,0.069166
64,C02467,2026-04-16 09:08:20+00:00,1,0,0.021124,0.978876
64,C02468,2026-04-16 09:08:50+00:00,1,1,0.828817,0.171183
64,C02469,2026-04-16 09:09:20+00:00,1,1,0.909930,0.090070
64,C02470,2026-04-16 09:09:50+00:00,1,0,0.444156,0.555844
64,C02471,2026-04-16 09:10:20+00:00,1,1,0.566910,0.433090
64,C02472,2026-04-16 09:10:50+00:00,1,1,0.629479,0.370521
64,C02473,2026-04-16 09:11:20+00:00,1,1,0.805739,0.194261
64,C02474,2026-04-16 09:11:50+00:00,1,1,0.732549,0.267451
64,C02475,2026-04-16 09:12:20+00:00,1,1,0.601620,0.398380
64,C02476,2026-04-16 09:12:50+00:00,1,1,0.929289,0.070711
64,C02477,2026-04-16 09:13:20+00:00,1,1,0.965598,0.034402
64,C02478,2026-04-16 09:13:50+00:00,1,1,0.877564,0.122436
64,C02479,2026-04-16 09:14:20+00:00,1,1,0.841584,0.158416
64,C02480,2026-04-16 09:14:50+00:00,1,1,0.817419,0.182581
64,C02481,2026-04-16 09:15:20+00:00,1,1,0.724060,0.275940
64,C02482,2026-04-16 09:15:50+00:00,1,1,0.645655,0.354345
64,C02483,2026-04-16 09:16:20+00:00,1,1,0.970445,0.029555
64,C02484,2026-04-16 09:16:50+00:00,1,1,0.984561,0.015439
64,C02485,2026-04-16 09:17:20+00:00,1,1,0.783203,0.216797
64,C02486,2026-04-16 09:17:50+00:00,1,1,0.778274,0.221726
64,C02487,2026-04-16 09:18:20+00:00,1,1,0.924451,0.075549
64,C02488,2026-04-16 09:18:50+00:00,1,1,0.725449,0.274551
64,C02489,2026-04-16 09:19:20+00:00,1,1,0.775980,0.224020
64,C02490,2026-04-16 09:19:50+00:00,1,1,0.921909,0.078091
64,C02491,2026-04-16 09:20:20+00:00,1,1,0.911368,0.088632
64,C02492,2026-04-16 09:20:50+00:00,1,1,0.738618,0.261382
64,C02493,2026-04-16 09:21:20+00:00,1,1,0.598750,0.401250
64,C02494,2026-04-16 09:21:50+00:00,1,1,0.613451,0.386549
64,C02495,2026-04-16 09:22:20+00:00,1,1,0.807514,0.192486
64,C02496,2026-04-16 09:22:50+00:00,1,1,0.618915,0.381085
64,C02497,2026-04-16 09:23:20+00:00,1,1,0.981750,0.018250
64,C02498,2026-04-16 09:23:50+00:00,1,1,0.792445,0.207555
64,C02499,2026-04-16 09:24:20+00:00,1,1,0.796211,0.203789
64,C02500,2026-04-16 09:24:50+00:00,1,1,0.798809,0.201191
64,C02501,2026-04-16 09:25:20+00:00,1,1,0.926768,0.073232
64,C02502,2026-04-16 09:25:50+00:00,1,1,0.925444,0.074556
64,C02503,2026-04-16 09:26:20+00:00,1,1,0.853249,0.146751
64,C02504,2026-04-16 09:26:50+00:00,1,1,0.892824,0.107176
64,C02505,2026-04-16 09:27:20+00:00,1,1,0.563298,0.436702
64,C02506,2026-04-16 09:27:50+00:00,1,1,0.565682,0.434318
64,C02507,2026-04-16 09:28:20+00:00,1,1,0.568684,0.431316
64,C02508,2026-04-16 09:28:50+00:00,1,1,0.777715,0.222285
64,C02509,2026-04-16 09:29:20+00:00,1,1,0.982684,0.017316
64,C02510,2026-04-16 09:29:50+00:00,1,1,0.875363,0.124637
64,C02511,2026-04-16 09:30:20+00:00,1,1,0.628448,0.371552
64,C02512,2026-04-16 09:30:50+00:00,1,1,0.880299,0.119701
64,C02513,2026-04-16 09:31:20+00:00,1,1,0.845123,0.154877
64,C02514,2026-04-16 09:31:50+00:00,1,1,0.953844,0.046156
64,C02515,2026-04-16 09:32:20+00:00,1,0,0.496311,0.503689
64,C02516,2026-04-16 09:32:50+00:00,1,1,0.601247,0.398753
64,C02517,2026-04-16 09:33:20+00:00,1,1,0.597171,0.402829
64,C02518,2026-04-16 09:33:50+00:00,1,1,0.837232,0.162768
64,C02519,2026-04-16 09:34:20+00:00,1,1,0.941345,0.058655
64,C02520,2026-04-16 09:34:50+00:00,1,1,0.636906,0.363094
64,C02521,2026-04-16 09:35:20+00:00,1,1,0.624910,0.375090
64,C02522,2026-04-16 09:35:50+00:00,1,1,0.758118,0.241882
64,C02523,2026-04-16 09:36:20+00:00,1,1,0.947862,0.052138
64,C02524,2026-04-16 09:36:50+00:00,1,1,0.965398,0.034602
64,C02525,2026-04-16 09:37:20+00:00,1,1,0.928273,0.071727
64,C02526,2026-04-16 09:37:50+00:00,1,1,0.850865,0.149135
64,C02527,2026-04-16 09:38:20+00:00,1,1,0.575256,0.424744
64,C02528,2026-04-16 09:38:50+00:00,1,1,0.506967,0.493033
64,C02529,2026-04-16 09:39:20+00:00,1,1,0.871136,0.128864
64,C02530,2026-04-16 09:39:50+00:00,1,1,0.943869,0.056131
64,C02531,2026-04-16 09:40:20+00:00,1,1,0.908349,0.091651
64,C02532,2026-04-16 09:40:50+00:00,1,1,0.886572,0.113428
64,C02533,2026-04-16 09:41:20+00:00,1,1,0.966731,0.033269
64,C02534,2026-04-16 09:41:50+00:00,1,1,0.757907,0.242093
64,C02535,2026-04-16 09:42:20+00:00,1,1,0.701471,0.298529
64,C02536,2026-04-16 09:42:50+00:00,1,1,0.530186,0.469814
64,C02537,2026-04-16 09:43:20+00:00,1,1,0.593825,0.406175
64,C02538,2026-04-16 09:43:50+00:00,1,1,0.504725,0.495275
64,C02539,2026-04-16 09:44:20+00:00,1,1,0.703989,0.296011
64,C02540,2026-04-16 09:44:50+00:00,1,1,0.670225,0.329775
64,C02541,2026-04-16 09:45:20+00:00,1,1,0.889460,0.110540
64,C02542,2026-04-16 09:45:50+00:00,1,1,0.761885,0.238115
64,C02543,2026-04-16 09:46:20+00:00,1,1,0.852685,0.147315
64,C02544,2026-04-16 09:46:50+00:00,1,1,0.900553,0.099447
64,C02545,2026-04-16 09:47:20+00:00,0,1,0.568020,0.431980
64,C02546,2026-04-16 09:47:50+00:00,1,1,0.759695,0.240305
64,C02547,2026-04-16 09:48:20+00:00,1,0,0.418364,0.581636
64,C02548,2026-04-16 09:48:50+00:00,1,0,0.392983,0.607017
64,C02549,2026-04-16 09:49:20+00:00,1,0,0.413794,0.586206
64,C02550,2026-04-16 09:49:50+00:00,1,1,0.564851,0.435149
64,C02551,2026-04-16 09:50:20+00:00,1,1,0.608824,0.391176
64,C02552,2026-04-16 09:50:50+00:00,1,0,0.440023,0.559977
64,C02553,2026-04-16 09:51:20+00:00,1,0,0.436292,0.563708
64,C02554,2026-04-16 09:51:50+00:00,1,1,0.561467,0.438533
64,C02555,2026-04-16 09:52:20+00:00,1,1,0.507854,0.492146
64,C02556,2026-04-16 09:52:50+00:00,0,0,0.340333,0.659667
64,C02557,2026-04-16 09:53:20+00:00,0,1,0.516894,0.483106
64,C02558,2026-04-16 09:53:50+00:00,1,0,0.275095,0.724905
64,C02559,2026-04-16 09:54:20+00:00,1,0,0.285268,0.714732
64,C02560,2026-04-16 09:54:50+00:00,1,1,0.634207,0.365793
64,C02561,2026-04-16 09:55:20+00:00,0,1,0.578110,0.421890
64,C02562,2026-04-16 09:55:50+00:00,0,0,0.303362,0.696638
64,C02563,2026-04-16 09:56:20+00:00,0,0,0.204368,0.795632
64,C02564,2026-04-16 09:56:50+00:00,0,0,0.243741,0.756259
64,C02565,2026-04-16 09:57:20+00:00,0,0,0.272029,0.727971
64,C02566,2026-04-16 09:57:50+00:00,1,0,0.172968,0.827032
64,C02567,2026-04-16 09:58:20+00:00,0,0,0.391772,0.608228
64,C02568,2026-04-16 09:58:50+00:00,1,1,0.602635,0.397365
64,C02569,2026-04-16 09:59:20+00:00,0,0,0.286612,0.713388
64,C02570,2026-04-16 09:59:50+00:00,1,0,0.279835,0.720165
64,C02571,2026-04-16 10:00:20+00:00,0,1,0.561375,0.438625
64,C02572,2026-04-16 10:00:50+00:00,0,1,0.578444,0.421556
64,C02573,2026-04-16 10:01:20+00:00,0,0,0.294005,0.705995
64,C02574,2026-04-16 10:01:50+00:00,0,0,0.268919,0.731081
64,C02575,2026-04-16 10:02:20+00:00,1,0,0.316803,0.683197
64,C02576,2026-04-16 10:02:50+00:00,1,0,0.330042,0.669958
64,C02577,2026-04-16 10:03:20+00:00,1,0,0.455293,0.544707
64,C02578,2026-04-16 10:03:50+00:00,1,0,0.296469,0.703531
64,C02579,2026-04-16 10:04:20+00:00,0,0,0.384789,0.615211
64,C02580,2026-04-16 10:04:50+00:00,0,0,0.473684,0.526316
64,C02581,2026-04-16 10:05:20+00:00,0,0,0.440589,0.559411
64,C02582,2026-04-16 10:05:50+00:00,1,0,0.311227,0.688773
64,C02583,2026-04-16 10:06:20+00:00,0,0,0.323606,0.676394
64,C02584,2026-04-16 10:06:50+00:00,0,1,0.576071,0.423929
64,C02585,2026-04-16 10:07:20+00:00,0,0,0.428041,0.571959
64,C02586,2026-04-16 10:07:50+00:00,0,0,0.302701,0.697299
64,C02587,2026-04-16 10:08:20+00:00,1,0,0.357995,0.642005
64,C02588,2026-04-16 10:08:50+00:00,0,0,0.497932,0.502068
64,C02589,2026-04-16 10:09:20+00:00,0,1,0.542926,0.457074
64,C02590,2026-04-16 10:09:50+00:00,0,0,0.265520,0.734480
64,C02591,2026-04-16 10:10:20+00:00,0,0,0.440945,0.559055
64,C02592,2026-04-16 10:10:50+00:00,0,0,0.383782,0.616218
64,C02593,2026-04-16 10:11:20+00:00,0,0,0.313603,0.686397
64,C02594,2026-04-16 10:11:50+00:00,1,0,0.283362,0.716638
64,C02595,2026-04-16 10:12:20+00:00,1,0,0.413219,0.586781
64,C02596,2026-04-16 10:12:50+00:00,0,0,0.432356,0.567644
64,C02597,2026-04-16 10:13:20+00:00,1,0,0.374045,0.625955
64,C02598,2026-04-16 10:13:50+00:00,1,1,0.562412,0.437588
64,C02599,2026-04-16 10:14:20+00:00,1,1,0.676506,0.323494
64,C02600,2026-04-16 10:14:50+00:00,1,1,0.531743,0.468257
64,C02601,2026-04-16 10:15:20+00:00,1,0,0.487149,0.512851
64,C02602,2026-04-16 10:15:50+00:00,1,1,0.709539,0.290461
64,C02603,2026-04-16 10:16:20+00:00,1,1,0.756381,0.243619
64,C02604,2026-04-16 10:16:50+00:00,1,1,0.664772,0.335228
64,C02605,2026-04-16 10:17:20+00:00,1,1,0.816373,0.183627
64,C02606,2026-04-16 10:17:50+00:00,1,1,0.799507,0.200493
64,C02607,2026-04-16 10:18:20+00:00,1,1,0.912381,0.087619
64,C02608,2026-04-16 10:18:50+00:00,1,1,0.774819,0.225181
64,C02609,2026-04-16 10:19:20+00:00,1,1,0.831241,0.168759
64,C02610,2026-04-16 10:19:50+00:00,1,1,0.835172,0.164828
64,C02611,2026-04-16 10:20:20+00:00,1,1,0.810607,0.189393
64,C02612,2026-04-16 10:20:50+00:00,1,1,0.816681,0.183319
64,C02613,2026-04-16 10:21:20+00:00,1,1,0.685224,0.314776
64,C02614,2026-04-16 10:21:50+00:00,1,1,0.748296,0.251704
64,C02615,2026-04-16 10:22:20+00:00,1,1,0.544412,0.455588
64,C02616,2026-04-16 10:22:50+00:00,0,0,0.493063,0.506937
64,C02617,2026-04-16 10:23:20+00:00,1,0,0.388591,0.611409
64,C02618,2026-04-16 10:23:50+00:00,1,0,0.259999,0.740001
64,C02619,2026-04-16 10:24:20+00:00,1,1,0.814896,0.185104
64,C02620,2026-04-16 10:24:50+00:00,1,1,0.874808,0.125192
64,C02621,2026-04-16 10:25:20+00:00,1,1,0.741649,0.258351
64,C02622,2026-04-16 10:25:50+00:00,1,1,0.610906,0.389094
64,C02623,2026-04-16 10:26:20+00:00,1,1,0.720631,0.279369
64,C02624,2026-04-16 10:26:50+00:00,1,0,0.424964,0.575036
64,C02625,2026-04-16 10:27:20+00:00,1,1,0.676610,0.323390
64,C02626,2026-04-16 10:27:50+00:00,1,1,0.739083,0.260917
64,C02627,2026-04-16 10:28:20+00:00,0,0,0.423803,0.576197
64,C02628,2026-04-16 10:28:50+00:00,1,1,0.536998,0.463002
64,C02629,2026-04-16 10:29:20+00:00,1,0,0.455301,0.544699
64,C02630,2026-04-16 10:29:50+00:00,1,1,0.527246,0.472754
64,C02631,2026-04-16 10:30:20+00:00,1,1,0.657668,0.342332
64,C02632,2026-04-16 10:30:50+00:00,1,0,0.387686,0.612314
64,C02633,2026-04-16 10:31:20+00:00,1,1,0.594295,0.405705
64,C02634,2026-04-16 10:31:50+00:00,1,1,0.644809,0.355191
64,C02635,2026-04-16 10:32:20+00:00,1,1,0.570213,0.429787
64,C02636,2026-04-16 10:32:50+00:00,1,1,0.669041,0.330959
64,C02637,2026-04-16 10:33:20+00:00,1,1,0.821100,0.178900
64,C02638,2026-04-16 10:33:50+00:00,1,1,0.620760,0.379240
64,C02639,2026-04-16 10:34:20+00:00,1,1,0.710683,0.289317
64,C02640,2026-04-16 10:34:50+00:00,1,1,0.723570,0.276430
64,C02641,2026-04-16 10:35:20+00:00,1,1,0.855405,0.144595
64,C02642,2026-04-16 10:35:50+00:00,1,1,0.737598,0.262402
64,C02643,2026-04-16 10:36:20+00:00,1,1,0.738341,0.261659
64,C02644,2026-04-16 10:36:50+00:00,1,1,0.742179,0.257821
64,C02645,2026-04-16 10:37:20+00:00,1,1,0.741270,0.258730
64,C02646,2026-04-16 10:37:50+00:00,1,1,0.558901,0.441099
64,C02647,2026-04-16 10:38:20+00:00,1,1,0.871028,0.128972
64,C02648,2026-04-16 10:38:50+00:00,1,1,0.843287,0.156713
64,C02649,2026-04-16 10:39:20+00:00,1,1,0.563721,0.436279
64,C02650,2026-04-16 10:39:50+00:00,1,1,0.817151,0.182849
64,C02651,2026-04-16 10:40:20+00:00,1,1,0.831696,0.168304
64,C02652,2026-04-16 10:40:50+00:00,1,1,0.867569,0.132431
64,C02653,2026-04-16 10:41:20+00:00,1,1,0.793190,0.206810
64,C02654,2026-04-16 10:41:50+00:00,1,1,0.525822,0.474178
64,C02655,2026-04-16 10:42:20+00:00,1,1,0.979332,0.020668
64,C02656,2026-04-16 10:42:50+00:00,1,1,0.873521,0.126479
64,C02657,2026-04-16 10:43:20+00:00,1,1,0.744366,0.255634
64,C02658,2026-04-16 10:43:50+00:00,1,1,0.953408,0.046592
64,C02659,2026-04-16 10:44:20+00:00,1,1,0.689663,0.310337
64,C02660,2026-04-16 10:44:50+00:00,1,1,0.950610,0.049390
64,C02661,2026-04-16 10:45:20+00:00,1,1,0.949906,0.050094
64,C02662,2026-04-16 10:45:50+00:00,1,1,0.912932,0.087068
64,C02663,2026-04-16 10:46:20+00:00,1,1,0.605057,0.394943
64,C02664,2026-04-16 10:46:50+00:00,1,1,0.536393,0.463607
64,C02665,2026-04-16 10:47:20+00:00,1,1,0.567406,0.432594
64,C02666,2026-04-16 10:47:50+00:00,1,1,0.934551,0.065449
64,C02667,2026-04-16 10:48:20+00:00,1,1,0.583236,0.416764
64,C02668,2026-04-16 10:48:50+00:00,1,0,0.428476,0.571524
64,C02669,2026-04-16 10:49:20+00:00,1,1,0.823551,0.176449
64,C02670,2026-04-16 10:49:50+00:00,1,1,0.577656,0.422344
64,C02671,2026-04-16 10:50:20+00:00,1,1,0.548952,0.451048
64,C02672,2026-04-16 10:50:50+00:00,1,0,0.475448,0.524552
64,C02673,2026-04-16 10:51:20+00:00,1,1,0.697600,0.302400
64,C02674,2026-04-16 10:51:50+00:00,1,1,0.779236,0.220764
64,C02675,2026-04-16 10:52:20+00:00,1,1,0.844613,0.155387
64,C02676,2026-04-16 10:52:50+00:00,1,1,0.797872,0.202128
64,C02677,2026-04-16 10:53:20+00:00,1,1,0.918299,0.081701
64,C02678,2026-04-16 10:53:50+00:00,1,1,0.547149,0.452851
64,C02679,2026-04-16 10:54:20+00:00,1,1,0.579704,0.420296
64,C02680,2026-04-16 10:54:50+00:00,1,1,0.772233,0.227767
64,C02681,2026-04-16 10:55:20+00:00,1,1,0.703352,0.296648
64,C02682,2026-04-16 10:55:50+00:00,1,1,0.715161,0.284839
64,C02683,2026-04-16 10:56:20+00:00,1,1,0.739642,0.260358
64,C02684,2026-04-16 10:56:50+00:00,1,1,0.749260,0.250740
64,C02685,2026-04-16 10:57:20+00:00,1,1,0.650746,0.349254
64,C02686,2026-04-16 10:57:50+00:00,1,1,0.945276,0.054724
64,C02687,2026-04-16 10:58:20+00:00,0,1,0.780662,0.219338
64,C02688,2026-04-16 10:58:50+00:00,1,1,0.934870,0.065130
64,C02689,2026-04-16 10:59:20+00:00,1,0,0.406130,0.593870
64,C02690,2026-04-16 10:59:50+00:00,1,1,0.596584,0.403416
64,C02691,2026-04-16 11:00:20+00:00,1,1,0.868557,0.131443
64,C02692,2026-04-16 11:00:50+00:00,1,1,0.658741,0.341259
64,C02693,2026-04-16 11:01:20+00:00,1,1,0.789817,0.210183
64,C02694,2026-04-16 11:01:50+00:00,1,1,0.880065,0.119935
64,C02695,2026-04-16 11:02:20+00:00,1,0,0.449645,0.550355
64,C02696,2026-04-16 11:02:50+00:00,1,1,0.677689,0.322311
64,C02697,2026-04-16 11:03:20+00:00,1,0,0.481974,0.518026
64,C02698,2026-04-16 11:03:50+00:00,1,1,0.653902,0.346098
64,C02699,2026-04-16 11:04:20+00:00,1,1,0.771343,0.228657
64,C02700,2026-04-16 11:04:50+00:00,1,1,0.782427,0.217573
64,C02701,2026-04-16 11:05:20+00:00,1,1,0.779833,0.220167
64,C02702,2026-04-16 11:05:50+00:00,1,1,0.915086,0.084914
64,C02703,2026-04-16 11:06:20+00:00,1,1,0.977435,0.022565
64,C02704,2026-04-16 11:06:50+00:00,1,1,0.930282,0.069718
64,C02705,2026-04-16 11:07:20+00:00,1,1,0.562867,0.437133
64,C02706,2026-04-16 11:07:50+00:00,1,1,0.504016,0.495984
64,C02707,2026-04-16 11:08:20+00:00,1,1,0.866808,0.133192
64,C02708,2026-04-16 11:08:50+00:00,1,1,0.953281,0.046719
64,C02709,2026-04-16 11:09:20+00:00,1,1,0.801939,0.198061
64,C02710,2026-04-16 11:09:50+00:00,1,1,0.912533,0.087467
64,C02711,2026-04-16 11:10:20+00:00,1,1,0.773748,0.226252
64,C02712,2026-04-16 11:10:50+00:00,1,1,0.703139,0.296861
64,C02713,2026-04-16 11:11:20+00:00,1,1,0.653348,0.346652
64,C02714,2026-04-16 11:11:50+00:00,0,1,0.942610,0.057390
64,C02715,2026-04-16 11:12:20+00:00,0,1,0.986993,0.013007
64,C02716,2026-04-16 11:12:50+00:00,1,0,0.477175,0.522825
64,C02717,2026-04-16 11:13:20+00:00,1,0,0.427027,0.572973
64,C02718,2026-04-16 11:13:50+00:00,1,1,0.962219,0.037781
64,C02719,2026-04-16 11:14:20+00:00,1,1,0.975684,0.024316
64,C02720,2026-04-16 11:14:50+00:00,1,1,0.884150,0.115850
64,C02721,2026-04-16 11:15:20+00:00,1,1,0.707727,0.292273
64,C02722,2026-04-16 11:15:50+00:00,1,1,0.576864,0.423136
64,C02723,2026-04-16 11:16:20+00:00,1,1,0.554552,0.445448
64,C02724,2026-04-16 11:16:50+00:00,1,1,0.573824,0.426176
64,C02725,2026-04-16 11:17:20+00:00,1,1,0.596110,0.403890
64,C02726,2026-04-16 11:17:50+00:00,1,1,0.721748,0.278252
64,C02727,2026-04-16 11:18:20+00:00,1,1,0.828742,0.171258
64,C02728,2026-04-16 11:18:50+00:00,1,1,0.715302,0.284698
64,C02729,2026-04-16 11:19:20+00:00,1,1,0.745392,0.254608
64,C02730,2026-04-16 11:19:50+00:00,1,1,0.958166,0.041834
64,C02731,2026-04-16 11:20:20+00:00,1,1,0.875867,0.124133
64,C02732,2026-04-16 11:20:50+00:00,1,1,0.856931,0.143069
64,C02733,2026-04-16 11:21:20+00:00,1,1,0.629997,0.370003
64,C02734,2026-04-16 11:21:50+00:00,1,1,0.766853,0.233147
64,C02735,2026-04-16 11:22:20+00:00,1,1,0.808636,0.191364
64,C02736,2026-04-16 11:22:50+00:00,1,1,0.743014,0.256986
64,C02737,2026-04-16 11:23:20+00:00,1,1,0.923812,0.076188
64,C02738,2026-04-16 11:23:50+00:00,1,1,0.955559,0.044441
64,C02739,2026-04-16 11:24:20+00:00,1,1,0.734377,0.265623
64,C02740,2026-04-16 11:24:50+00:00,1,1,0.853879,0.146121
64,C02741,2026-04-16 11:25:20+00:00,1,1,0.750053,0.249947
64,C02742,2026-04-16 11:25:50+00:00,1,0,0.421328,0.578672
64,C02743,2026-04-16 11:26:20+00:00,1,1,0.565205,0.434795
64,C02744,2026-04-16 11:26:50+00:00,1,0,0.435595,0.564405
69,C02745,2026-04-17 08:52:10+00:00,1,0,0.014244,0.985756
69,C02746,2026-04-17 08:52:40+00:00,1,1,0.926921,0.073079
69,C02747,2026-04-17 08:53:10+00:00,1,1,0.756173,0.243827
69,C02748,2026-04-17 08:53:40+00:00,1,1,0.684359,0.315641
69,C02749,2026-04-17 08:54:10+00:00,1,1,0.972752,0.027248
69,C02750,2026-04-17 08:54:40+00:00,1,1,0.956255,0.043745
69,C02751,2026-04-17 08:55:10+00:00,1,1,0.758143,0.241857
69,C02752,2026-04-17 08:55:40+00:00,1,1,0.696998,0.303002
69,C02753,2026-04-17 08:56:10+00:00,1,1,0.793101,0.206899
69,C02754,2026-04-17 08:56:40+00:00,1,1,0.890922,0.109078
69,C02755,2026-04-17 08:57:10+00:00,1,1,0.862342,0.137658
69,C02756,2026-04-17 08:57:40+00:00,1,1,0.880793,0.119207
69,C02757,2026-04-17 08:58:10+00:00,1,1,0.736562,0.263438
69,C02758,2026-04-17 08:58:40+00:00,1,1,0.834123,0.165877
69,C02759,2026-04-17 08:59:10+00:00,1,1,0.657544,0.342456
69,C02760,2026-04-17 08:59:40+00:00,1,1,0.562985,0.437015
69,C02761,2026-04-17 09:00:10+00:00,1,1,0.831296,0.168704
69,C02762,2026-04-17 09:00:40+00:00,1,1,0.774770,0.225230
69,C02763,2026-04-17 09:01:10+00:00,1,0,0.408583,0.591417
69,C02764,2026-04-17 09:01:40+00:00,1,1,0.747622,0.252378
69,C02765,2026-04-17 09:02:10+00:00,1,1,0.551231,0.448769
69,C02766,2026-04-17 09:02:40+00:00,1,1,0.627295,0.372705
69,C02767,2026-04-17 09:03:10+00:00,1,1,0.894129,0.105871
69,C02768,2026-04-17 09:03:40+00:00,1,1,0.807419,0.192581
69,C02769,2026-04-17 09:04:10+00:00,1,1,0.762010,0.237990
69,C02770,2026-04-17 09:04:40+00:00,1,1,0.720801,0.279199
69,C02771,2026-04-17 09:05:10+00:00,1,1,0.658695,0.341305
69,C02772,2026-04-17 09:05:40+00:00,1,1,0.621899,0.378101
69,C02773,2026-04-17 09:06:10+00:00,1,0,0.398411,0.601589
69,C02774,2026-04-17 09:06:40+00:00,1,0,0.385796,0.614204
69,C02775,2026-04-17 09:07:10+00:00,1,1,0.768861,0.231139
69,C02776,2026-04-17 09:07:40+00:00,1,1,0.603351,0.396649
69,C02777,2026-04-17 09:08:10+00:00,1,1,0.682419,0.317581
69,C02778,2026-04-17 09:08:40+00:00,1,0,0.383068,0.616932
69,C02779,2026-04-17 09:09:10+00:00,1,1,0.696497,0.303503
69,C02780,2026-04-17 09:09:40+00:00,1,1,0.976819,0.023181
69,C02781,2026-04-17 09:10:10+00:00,1,1,0.831034,0.168966
69,C02782,2026-04-17 09:10:40+00:00,1,1,0.729655,0.270345
69,C02783,2026-04-17 09:11:10+00:00,1,1,0.833007,0.166993
69,C02784,2026-04-17 09:11:40+00:00,1,1,0.822990,0.177010
69,C02785,2026-04-17 09:12:10+00:00,1,1,0.954254,0.045746
69,C02786,2026-04-17 09:12:40+00:00,1,1,0.871324,0.128676
69,C02787,2026-04-17 09:13:10+00:00,1,1,0.619546,0.380454
69,C02788,2026-04-17 09:13:40+00:00,1,1,0.825403,0.174597
69,C02789,2026-04-17 09:14:10+00:00,1,1,0.878160,0.121840
69,C02790,2026-04-17 09:14:40+00:00,1,1,0.783712,0.216288
69,C02791,2026-04-17 09:15:10+00:00,1,1,0.634929,0.365071
69,C02792,2026-04-17 09:15:40+00:00,1,1,0.692794,0.307206
69,C02793,2026-04-17 09:16:10+00:00,1,1,0.925133,0.074867
69,C02794,2026-04-17 09:16:40+00:00,1,1,0.848446,0.151554
69,C02795,2026-04-17 09:17:10+00:00,1,1,0.959728,0.040272
69,C02796,2026-04-17 09:17:40+00:00,1,1,0.779700,0.220300
69,C02797,2026-04-17 09:18:10+00:00,1,0,0.448783,0.551217
69,C02798,2026-04-17 09:18:40+00:00,1,1,0.695905,0.304095
69,C02799,2026-04-17 09:19:10+00:00,1,1,0.669482,0.330518
69,C02800,2026-04-17 09:19:40+00:00,1,1,0.525610,0.474390
69,C02801,2026-04-17 09:20:10+00:00,1,1,0.944056,0.055944
69,C02802,2026-04-17 09:20:40+00:00,1,1,0.751833,0.248167
69,C02803,2026-04-17 09:21:10+00:00,1,1,0.698347,0.301653
69,C02804,2026-04-17 09:21:40+00:00,1,1,0.659457,0.340543
69,C02805,2026-04-17 09:22:10+00:00,1,0,0.488350,0.511650
69,C02806,2026-04-17 09:22:40+00:00,1,1,0.687756,0.312244
69,C02807,2026-04-17 09:23:10+00:00,1,1,0.875392,0.124608
69,C02808,2026-04-17 09:23:40+00:00,1,1,0.948124,0.051876
69,C02809,2026-04-17 09:24:10+00:00,1,1,0.952095,0.047905
69,C02810,2026-04-17 09:24:40+00:00,0,1,0.812603,0.187397
69,C02811,2026-04-17 09:25:10+00:00,1,1,0.874145,0.125855
69,C02812,2026-04-17 09:25:40+00:00,1,1,0.652226,0.347774
69,C02813,2026-04-17 09:26:10+00:00,1,0,0.395099,0.604901
69,C02814,2026-04-17 09:26:40+00:00,1,1,0.548139,0.451861
69,C02815,2026-04-17 09:27:10+00:00,1,1,0.798635,0.201365
69,C02816,2026-04-17 09:27:40+00:00,1,1,0.734473,0.265527
69,C02817,2026-04-17 09:28:10+00:00,1,1,0.748315,0.251685
69,C02818,2026-04-17 09:28:40+00:00,1,1,0.604697,0.395303
69,C02819,2026-04-17 09:29:10+00:00,1,1,0.723416,0.276584
69,C02820,2026-04-17 09:29:40+00:00,1,1,0.673780,0.326220
69,C02821,2026-04-17 09:30:10+00:00,1,0,0.362660,0.637340
69,C02822,2026-04-17 09:30:40+00:00,1,0,0.399572,0.600428
69,C02823,2026-04-17 09:31:10+00:00,1,0,0.494424,0.505576
69,C02824,2026-04-17 09:31:40+00:00,1,1,0.919122,0.080878
69,C02825,2026-04-17 09:32:10+00:00,1,1,0.902519,0.097481
69,C02826,2026-04-17 09:32:40+00:00,1,0,0.396848,0.603152
69,C02827,2026-04-17 09:33:10+00:00,1,1,0.579043,0.420957
69,C02828,2026-04-17 09:33:40+00:00,1,1,0.534324,0.465676
69,C02829,2026-04-17 09:34:10+00:00,1,1,0.664676,0.335324
69,C02830,2026-04-17 09:34:40+00:00,1,1,0.641651,0.358349
69,C02831,2026-04-17 09:35:10+00:00,1,1,0.661427,0.338573
69,C02832,2026-04-17 09:35:40+00:00,1,1,0.909820,0.090180
69,C02833,2026-04-17 09:36:10+00:00,1,1,0.873413,0.126587
69,C02834,2026-04-17 09:36:40+00:00,1,1,0.897862,0.102138
69,C02835,2026-04-17 09:37:10+00:00,1,1,0.899399,0.100601
69,C02836,2026-04-17 09:37:40+00:00,1,1,0.876734,0.123266
69,C02837,2026-04-17 09:38:10+00:00,1,1,0.794269,0.205731
69,C02838,2026-04-17 09:38:40+00:00,1,1,0.862775,0.137225
69,C02839,2026-04-17 09:39:10+00:00,1,1,0.773292,0.226708
74,C02840,2026-04-18 08:44:10+00:00,1,0,0.000000,1.000000
74,C02841,2026-04-18 08:44:40+00:00,1,1,0.590523,0.409477
74,C02842,2026-04-18 08:45:10+00:00,1,1,0.628499,0.371501
74,C02843,2026-04-18 08:45:40+00:00,1,1,0.527354,0.472646
74,C02844,2026-04-18 08:46:10+00:00,1,1,0.584585,0.415415
74,C02845,2026-04-18 08:46:40+00:00,1,1,0.789954,0.210046
74,C02846,2026-04-18 08:47:10+00:00,1,1,0.921634,0.078366
74,C02847,2026-04-18 08:47:40+00:00,1,1,0.883831,0.116169
74,C02848,2026-04-18 08:48:10+00:00,1,1,0.699376,0.300624
74,C02849,2026-04-18 08:48:40+00:00,0,1,0.712284,0.287716
74,C02850,2026-04-18 08:49:10+00:00,1,1,0.722636,0.277364
74,C02851,2026-04-18 08:49:40+00:00,1,0,0.463683,0.536317
74,C02852,2026-04-18 08:50:10+00:00,1,1,0.747713,0.252287
74,C02853,2026-04-18 08:50:40+00:00,1,1,0.714995,0.285005
74,C02854,2026-04-18 08:51:10+00:00,1,1,0.745377,0.254623
74,C02855,2026-04-18 08:51:40+00:00,1,1,0.679754,0.320246
74,C02856,2026-04-18 08:52:10+00:00,1,0,0.497975,0.502025
74,C02857,2026-04-18 08:52:40+00:00,1,0,0.403352,0.596648
74,C02858,2026-04-18 08:53:10+00:00,1,0,0.462804,0.537196
74,C02859,2026-04-18 08:53:40+00:00,1,1,0.700535,0.299465
74,C02860,2026-04-18 08:54:10+00:00,1,1,0.772296,0.227704
74,C02861,2026-04-18 08:54:40+00:00,1,0,0.430073,0.569927
74,C02862,2026-04-18 08:55:10+00:00,1,1,0.589835,0.410165
74,C02863,2026-04-18 08:55:40+00:00,1,1,0.604256,0.395744
74,C02864,2026-04-18 08:56:10+00:00,1,1,0.532896,0.467104
74,C02865,2026-04-18 08:56:40+00:00,1,0,0.497438,0.502562
74,C02866,2026-04-18 08:57:10+00:00,1,1,0.576835,0.423165
74,C02867,2026-04-18 08:57:40+00:00,1,1,0.688870,0.311130
74,C02868,2026-04-18 08:58:10+00:00,1,1,0.556648,0.443352
74,C02869,2026-04-18 08:58:40+00:00,1,1,0.666560,0.333440
74,C02870,2026-04-18 08:59:10+00:00,1,1,0.663961,0.336039
74,C02871,2026-04-18 08:59:40+00:00,1,1,0.524643,0.475357
74,C02872,2026-04-18 09:00:10+00:00,1,1,0.667346,0.332654
74,C02873,2026-04-18 09:00:40+00:00,1,1,0.682258,0.317742
74,C02874,2026-04-18 09:01:10+00:00,1,1,0.628730,0.371270
74,C02875,2026-04-18 09:01:40+00:00,1,1,0.558658,0.441342
74,C02876,2026-04-18 09:02:10+00:00,0,1,0.826183,0.173817
74,C02877,2026-04-18 09:02:40+00:00,1,1,0.845559,0.154441
74,C02878,2026-04-18 09:03:10+00:00,1,1,0.591529,0.408471
74,C02879,2026-04-18 09:03:40+00:00,1,1,0.587694,0.412306
74,C02880,2026-04-18 09:04:10+00:00,1,1,0.613351,0.386649
74,C02881,2026-04-18 09:04:40+00:00,1,1,0.894888,0.105112
74,C02882,2026-04-18 09:05:10+00:00,1,1,0.899194,0.100806
74,C02883,2026-04-18 09:05:40+00:00,0,1,0.851781,0.148219
74,C02884,2026-04-18 09:06:10+00:00,1,1,0.869978,0.130022
74,C02885,2026-04-18 09:06:40+00:00,0,0,0.369812,0.630188
74,C02886,2026-04-18 09:07:10+00:00,1,0,0.465555,0.534445
74,C02887,2026-04-18 09:07:40+00:00,1,0,0.402320,0.597680
74,C02888,2026-04-18 09:08:10+00:00,1,1,0.647596,0.352404
74,C02889,2026-04-18 09:08:40+00:00,1,1,0.709403,0.290597
74,C02890,2026-04-18 09:09:10+00:00,1,1,0.584790,0.415210
74,C02891,2026-04-18 09:09:40+00:00,1,1,0.710067,0.289933
74,C02892,2026-04-18 09:10:10+00:00,1,1,0.561531,0.438469
74,C02893,2026-04-18 09:10:40+00:00,1,1,0.533677,0.466323
74,C02894,2026-04-18 09:11:10+00:00,1,1,0.536610,0.463390
74,C02895,2026-04-18 09:11:40+00:00,1,0,0.397081,0.602919
74,C02896,2026-04-18 09:12:10+00:00,1,1,0.688385,0.311615
74,C02897,2026-04-18 09:12:40+00:00,1,1,0.711885,0.288115
74,C02898,2026-04-18 09:13:10+00:00,1,1,0.644452,0.355548
74,C02899,2026-04-18 09:13:40+00:00,1,1,0.576103,0.423897
74,C02900,2026-04-18 09:14:10+00:00,1,1,0.717574,0.282426
74,C02901,2026-04-18 09:14:40+00:00,1,1,0.713053,0.286947
74,C02902,2026-04-18 09:15:10+00:00,1,0,0.472137,0.527863
74,C02903,2026-04-18 09:15:40+00:00,1,1,0.557129,0.442871
74,C02904,2026-04-18 09:16:10+00:00,1,1,0.783880,0.216120
74,C02905,2026-04-18 09:16:40+00:00,1,1,0.675980,0.324020
74,C02906,2026-04-18 09:17:10+00:00,1,1,0.848166,0.151834
74,C02907,2026-04-18 09:17:40+00:00,1,1,0.646564,0.353436
74,C02908,2026-04-18 09:18:10+00:00,1,1,0.528564,0.471436
74,C02909,2026-04-18 09:18:40+00:00,1,1,0.762342,0.237658
74,C02910,2026-04-18 09:19:10+00:00,1,1,0.729772,0.270228
74,C02911,2026-04-18 09:19:40+00:00,1,1,0.844104,0.155896
74,C02912,2026-04-18 09:20:10+00:00,1,1,0.558819,0.441181
74,C02913,2026-04-18 09:20:40+00:00,0,0,0.474165,0.525835
74,C02914,2026-04-18 09:21:10+00:00,1,1,0.551494,0.448506
74,C02915,2026-04-18 09:21:40+00:00,1,0,0.378142,0.621858
74,C02916,2026-04-18 09:22:10+00:00,1,0,0.400261,0.599739
74,C02917,2026-04-18 09:22:40+00:00,1,1,0.533519,0.466481
74,C02918,2026-04-18 09:23:10+00:00,1,0,0.447439,0.552561
74,C02919,2026-04-18 09:23:40+00:00,1,0,0.439099,0.560901
74,C02920,2026-04-18 09:24:10+00:00,1,1,0.517423,0.482577
74,C02921,2026-04-18 09:24:40+00:00,1,1,0.696588,0.303412
74,C02922,2026-04-18 09:25:10+00:00,1,0,0.489753,0.510247
74,C02923,2026-04-18 09:25:40+00:00,1,1,0.561615,0.438385
74,C02924,2026-04-18 09:26:10+00:00,1,0,0.411107,0.588893
74,C02925,2026-04-18 09:26:40+00:00,1,0,0.461516,0.538484
74,C02926,2026-04-18 09:27:10+00:00,1,1,0.517436,0.482564
74,C02927,2026-04-18 09:27:40+00:00,1,1,0.515910,0.484090
74,C02928,2026-04-18 09:28:10+00:00,1,0,0.488481,0.511519
74,C02929,2026-04-18 09:28:40+00:00,1,0,0.477383,0.522617
74,C02930,2026-04-18 09:29:10+00:00,1,0,0.404785,0.595215
74,C02931,2026-04-18 09:29:40+00:00,1,0,0.418466,0.581534
74,C02932,2026-04-18 09:30:10+00:00,1,0,0.356027,0.643973
74,C02933,2026-04-18 09:30:40+00:00,1,0,0.287348,0.712652
74,C02934,2026-04-18 09:31:10+00:00,1,0,0.355480,0.644520
74,C02935,2026-04-18 09:31:40+00:00,1,1,0.600705,0.399295
74,C02936,2026-04-18 09:32:10+00:00,1,1,0.659409,0.340591
74,C02937,2026-04-18 09:32:40+00:00,0,0,0.446341,0.553659
74,C02938,2026-04-18 09:33:10+00:00,1,0,0.390342,0.609658
74,C02939,2026-04-18 09:33:40+00:00,1,0,0.360650,0.639350
74,C02940,2026-04-18 09:34:10+00:00,1,0,0.448102,0.551898
74,C02941,2026-04-18 09:34:40+00:00,1,1,0.703320,0.296680
74,C02942,2026-04-18 09:35:10+00:00,1,1,0.606030,0.393970
74,C02943,2026-04-18 09:35:40+00:00,1,1,0.752707,0.247293
74,C02944,2026-04-18 09:36:10+00:00,0,1,0.644114,0.355886
74,C02945,2026-04-18 09:36:40+00:00,1,0,0.486802,0.513198
74,C02946,2026-04-18 09:37:10+00:00,1,0,0.387961,0.612039
74,C02947,2026-04-18 09:37:40+00:00,1,0,0.402189,0.597811
74,C02948,2026-04-18 09:38:10+00:00,1,0,0.420660,0.579340
74,C02949,2026-04-18 09:38:40+00:00,1,0,0.482209,0.517791
74,C02950,2026-04-18 09:39:10+00:00,1,1,0.683415,0.316585
74,C02951,2026-04-18 09:39:40+00:00,1,1,0.800411,0.199589
74,C02952,2026-04-18 09:40:10+00:00,1,1,0.765317,0.234683
74,C02953,2026-04-18 09:40:40+00:00,1,1,0.816485,0.183515
74,C02954,2026-04-18 09:41:10+00:00,1,1,0.858303,0.141697
74,C02955,2026-04-18 09:41:40+00:00,1,1,0.820220,0.179780
74,C02956,2026-04-18 09:42:10+00:00,1,1,0.715718,0.284282
74,C02957,2026-04-18 09:42:40+00:00,1,1,0.524273,0.475727
74,C02958,2026-04-18 09:43:10+00:00,1,0,0.476394,0.523606
74,C02959,2026-04-18 09:43:40+00:00,1,1,0.568670,0.431330
74,C02960,2026-04-18 09:44:10+00:00,1,1,0.571529,0.428471
74,C02961,2026-04-18 09:44:40+00:00,1,0,0.474450,0.525550
74,C02962,2026-04-18 09:45:10+00:00,1,0,0.275808,0.724192
74,C02963,2026-04-18 09:45:40+00:00,1,1,0.646165,0.353835
74,C02964,2026-04-18 09:46:10+00:00,1,0,0.334988,0.665012
74,C02965,2026-04-18 09:46:40+00:00,0,0,0.367135,0.632865
74,C02966,2026-04-18 09:47:10+00:00,1,1,0.692407,0.307593
74,C02967,2026-04-18 09:47:40+00:00,1,0,0.293888,0.706112
74,C02968,2026-04-18 09:48:10+00:00,1,0,0.391971,0.608029
74,C02969,2026-04-18 09:48:40+00:00,0,0,0.450466,0.549534
74,C02970,2026-04-18 09:49:10+00:00,1,0,0.471694,0.528306
74,C02971,2026-04-18 09:49:40+00:00,0,0,0.392518,0.607482
74,C02972,2026-04-18 09:50:10+00:00,1,0,0.287040,0.712960
74,C02973,2026-04-18 09:50:40+00:00,0,0,0.271068,0.728932
74,C02974,2026-04-18 09:51:10+00:00,1,0,0.365705,0.634295
74,C02975,2026-04-18 09:51:40+00:00,1,0,0.294603,0.705397
74,C02976,2026-04-18 09:52:10+00:00,1,0,0.365183,0.634817
74,C02977,2026-04-18 09:52:40+00:00,1,1,0.550702,0.449298
74,C02978,2026-04-18 09:53:10+00:00,1,1,0.500649,0.499351
74,C02979,2026-04-18 09:53:40+00:00,1,1,0.502746,0.497254
74,C02980,2026-04-18 09:54:10+00:00,0,0,0.439644,0.560356
74,C02981,2026-04-18 09:54:40+00:00,1,0,0.323480,0.676520
74,C02982,2026-04-18 09:55:10+00:00,1,0,0.332570,0.667430
74,C02983,2026-04-18 09:55:40+00:00,1,0,0.446417,0.553583
74,C02984,2026-04-18 09:56:10+00:00,0,0,0.348037,0.651963
74,C02985,2026-04-18 09:56:40+00:00,0,0,0.367978,0.632022
74,C02986,2026-04-18 09:57:10+00:00,0,0,0.296552,0.703448
74,C02987,2026-04-18 09:57:40+00:00,1,0,0.250038,0.749962
74,C02988,2026-04-18 09:58:10+00:00,1,0,0.335189,0.664811
74,C02989,2026-04-18 09:58:40+00:00,0,0,0.314301,0.685699
74,C02990,2026-04-18 09:59:10+00:00,1,0,0.259932,0.740068
74,C02991,2026-04-18 09:59:40+00:00,1,0,0.307752,0.692248
74,C02992,2026-04-18 10:00:10+00:00,1,0,0.433498,0.566502
74,C02993,2026-04-18 10:00:40+00:00,1,0,0.389078,0.610922
74,C02994,2026-04-18 10:01:10+00:00,0,0,0.406821,0.593179
74,C02995,2026-04-18 10:01:40+00:00,0,0,0.361779,0.638221
74,C02996,2026-04-18 10:02:10+00:00,1,0,0.302613,0.697387
74,C02997,2026-04-18 10:02:40+00:00,1,0,0.305457,0.694543
74,C02998,2026-04-18 10:03:10+00:00,1,1,0.539675,0.460325
74,C02999,2026-04-18 10:03:40+00:00,1,1,0.653345,0.346655
74,C03000,2026-04-18 10:04:10+00:00,1,0,0.406614,0.593386
74,C03001,2026-04-18 10:04:40+00:00,0,0,0.407599,0.592401
74,C03002,2026-04-18 10:05:10+00:00,1,0,0.429851,0.570149
74,C03003,2026-04-18 10:05:40+00:00,1,0,0.342066,0.657934
74,C03004,2026-04-18 10:06:10+00:00,0,0,0.486766,0.513234
74,C03005,2026-04-18 10:06:40+00:00,0,1,0.541350,0.458650
74,C03006,2026-04-18 10:07:10+00:00,0,0,0.315148,0.684852
74,C03007,2026-04-18 10:07:40+00:00,1,0,0.297982,0.702018
74,C03008,2026-04-18 10:08:10+00:00,0,0,0.339287,0.660713
74,C03009,2026-04-18 10:08:40+00:00,1,1,0.573519,0.426481
74,C03010,2026-04-18 10:09:10+00:00,1,0,0.365370,0.634630
74,C03011,2026-04-18 10:09:40+00:00,1,1,0.517217,0.482783
74,C03012,2026-04-18 10:10:10+00:00,0,1,0.597360,0.402640
74,C03013,2026-04-18 10:10:40+00:00,0,0,0.415032,0.584968
74,C03014,2026-04-18 10:11:10+00:00,0,0,0.245593,0.754407
74,C03015,2026-04-18 10:11:40+00:00,0,0,0.342432,0.657568
74,C03016,2026-04-18 10:12:10+00:00,0,0,0.324858,0.675142
74,C03017,2026-04-18 10:12:40+00:00,0,0,0.218774,0.781226
74,C03018,2026-04-18 10:13:10+00:00,1,0,0.280353,0.719647
74,C03019,2026-04-18 10:13:40+00:00,1,0,0.296933,0.703067
74,C03020,2026-04-18 10:14:10+00:00,1,0,0.423371,0.576629
74,C03021,2026-04-18 10:14:40+00:00,1,1,0.521583,0.478417
74,C03022,2026-04-18 10:15:10+00:00,1,1,0.573020,0.426980
74,C03023,2026-04-18 10:15:40+00:00,1,1,0.656897,0.343103
74,C03024,2026-04-18 10:16:10+00:00,1,1,0.625685,0.374315
74,C03025,2026-04-18 10:16:40+00:00,1,1,0.533002,0.466998
74,C03026,2026-04-18 10:17:10+00:00,1,1,0.547392,0.452608
74,C03027,2026-04-18 10:17:40+00:00,1,1,0.535407,0.464593
74,C03028,2026-04-18 10:18:10+00:00,1,0,0.463154,0.536846
74,C03029,2026-04-18 10:18:40+00:00,1,0,0.374432,0.625568
74,C03030,2026-04-18 10:19:10+00:00,1,1,0.500101,0.499899
74,C03031,2026-04-18 10:19:40+00:00,1,1,0.537866,0.462134
74,C03032,2026-04-18 10:20:10+00:00,1,0,0.454460,0.545540
74,C03033,2026-04-18 10:20:40+00:00,1,0,0.482627,0.517373
74,C03034,2026-04-18 10:21:10+00:00,1,1,0.542675,0.457325
74,C03035,2026-04-18 10:21:40+00:00,1,1,0.638062,0.361938
74,C03036,2026-04-18 10:22:10+00:00,1,1,0.650609,0.349391
74,C03037,2026-04-18 10:22:40+00:00,0,1,0.761561,0.238439
74,C03038,2026-04-18 10:23:10+00:00,1,0,0.473115,0.526885
74,C03039,2026-04-18 10:23:40+00:00,1,0,0.354662,0.645338
74,C03040,2026-04-18 10:24:10+00:00,1,0,0.421549,0.578451
74,C03041,2026-04-18 10:24:40+00:00,1,1,0.646881,0.353119
74,C03042,2026-04-18 10:25:10+00:00,1,1,0.625459,0.374541
74,C03043,2026-04-18 10:25:40+00:00,1,1,0.890293,0.109707
74,C03044,2026-04-18 10:26:10+00:00,1,1,0.558892,0.441108
74,C03045,2026-04-18 10:26:40+00:00,1,1,0.556906,0.443094
74,C03046,2026-04-18 10:27:10+00:00,1,1,0.655997,0.344003
74,C03047,2026-04-18 10:27:40+00:00,1,1,0.791334,0.208666
74,C03048,2026-04-18 10:28:10+00:00,1,1,0.699183,0.300817
74,C03049,2026-04-18 10:28:40+00:00,1,0,0.495369,0.504631
74,C03050,2026-04-18 10:29:10+00:00,1,0,0.355610,0.644390
74,C03051,2026-04-18 10:29:40+00:00,1,0,0.462164,0.537836
74,C03052,2026-04-18 10:30:10+00:00,1,1,0.712485,0.287515
74,C03053,2026-04-18 10:30:40+00:00,1,1,0.905506,0.094494
74,C03054,2026-04-18 10:31:10+00:00,1,1,0.742798,0.257202
74,C03055,2026-04-18 10:31:40+00:00,1,1,0.667375,0.332625
74,C03056,2026-04-18 10:32:10+00:00,1,1,0.767171,0.232829
74,C03057,2026-04-18 10:32:40+00:00,1,1,0.608123,0.391877
74,C03058,2026-04-18 10:33:10+00:00,1,1,0.855067,0.144933
74,C03059,2026-04-18 10:33:40+00:00,1,1,0.742118,0.257882
74,C03060,2026-04-18 10:34:10+00:00,1,1,0.896296,0.103704
74,C03061,2026-04-18 10:34:40+00:00,1,1,0.851440,0.148560
74,C03062,2026-04-18 10:35:10+00:00,1,1,0.585017,0.414983
74,C03063,2026-04-18 10:35:40+00:00,1,1,0.720037,0.279963
74,C03064,2026-04-18 10:36:10+00:00,1,1,0.627182,0.372818
74,C03065,2026-04-18 10:36:40+00:00,1,0,0.461831,0.538169
74,C03066,2026-04-18 10:37:10+00:00,1,1,0.691494,0.308506
74,C03067,2026-04-18 10:37:40+00:00,1,1,0.865873,0.134127
74,C03068,2026-04-18 10:38:10+00:00,1,1,0.705485,0.294515
74,C03069,2026-04-18 10:38:40+00:00,1,1,0.585563,0.414437
74,C03070,2026-04-18 10:39:10+00:00,1,1,0.655899,0.344101
74,C03071,2026-04-18 10:39:40+00:00,1,1,0.771616,0.228384
74,C03072,2026-04-18 10:40:10+00:00,1,0,0.496090,0.503910
74,C03073,2026-04-18 10:40:40+00:00,1,1,0.513565,0.486435
74,C03074,2026-04-18 10:41:10+00:00,1,1,0.710357,0.289643
74,C03075,2026-04-18 10:41:40+00:00,1,1,0.573146,0.426854
74,C03076,2026-04-18 10:42:10+00:00,1,1,0.616751,0.383249
74,C03077,2026-04-18 10:42:40+00:00,1,1,0.562710,0.437290
74,C03078,2026-04-18 10:43:10+00:00,1,1,0.507718,0.492282
74,C03079,2026-04-18 10:43:40+00:00,1,1,0.544805,0.455195
74,C03080,2026-04-18 10:44:10+00:00,1,1,0.552168,0.447832
74,C03081,2026-04-18 10:44:40+00:00,1,0,0.363244,0.636756
74,C03082,2026-04-18 10:45:10+00:00,1,0,0.415082,0.584918
74,C03083,2026-04-18 10:45:40+00:00,1,1,0.529133,0.470867
74,C03084,2026-04-18 10:46:10+00:00,1,1,0.660379,0.339621
74,C03085,2026-04-18 10:46:40+00:00,1,1,0.635316,0.364684
74,C03086,2026-04-18 10:47:10+00:00,0,1,0.727368,0.272632
74,C03087,2026-04-18 10:47:40+00:00,0,1,0.572973,0.427027
74,C03088,2026-04-18 10:48:10+00:00,1,0,0.407878,0.592122
74,C03089,2026-04-18 10:48:40+00:00,1,0,0.437407,0.562593
74,C03090,2026-04-18 10:49:10+00:00,0,1,0.560665,0.439335
74,C03091,2026-04-18 10:49:40+00:00,0,0,0.385456,0.614544
74,C03092,2026-04-18 10:50:10+00:00,1,0,0.410433,0.589567
74,C03093,2026-04-18 10:50:40+00:00,1,0,0.388373,0.611627
74,C03094,2026-04-18 10:51:10+00:00,1,1,0.691729,0.308271
74,C03095,2026-04-18 10:51:40+00:00,0,0,0.488995,0.511005
74,C03096,2026-04-18 10:52:10+00:00,1,1,0.552439,0.447561
74,C03097,2026-04-18 10:52:40+00:00,1,0,0.408993,0.591007
74,C03098,2026-04-18 10:53:10+00:00,1,1,0.504570,0.495430
74,C03099,2026-04-18 10:53:40+00:00,1,1,0.584107,0.415893
74,C03100,2026-04-18 10:54:10+00:00,1,1,0.778774,0.221226
74,C03101,2026-04-18 10:54:40+00:00,1,1,0.565051,0.434949
74,C03102,2026-04-18 10:55:10+00:00,1,0,0.497716,0.502284
74,C03103,2026-04-18 10:55:40+00:00,1,0,0.432641,0.567359
74,C03104,2026-04-18 10:56:10+00:00,1,1,0.662135,0.337865
74,C03105,2026-04-18 10:56:40+00:00,1,1,0.577476,0.422524
74,C03106,2026-04-18 10:57:10+00:00,1,1,0.598596,0.401404
74,C03107,2026-04-18 10:57:40+00:00,1,1,0.609946,0.390054
74,C03108,2026-04-18 10:58:10+00:00,1,0,0.486544,0.513456
74,C03109,2026-04-18 10:58:40+00:00,1,1,0.614771,0.385229
74,C03110,2026-04-18 10:59:10+00:00,1,0,0.494892,0.505108
74,C03111,2026-04-18 10:59:40+00:00,1,0,0.452969,0.547031
74,C03112,2026-04-18 11:00:10+00:00,1,1,0.533257,0.466743
74,C03113,2026-04-18 11:00:40+00:00,1,1,0.775717,0.224283
74,C03114,2026-04-18 11:01:10+00:00,1,1,0.630513,0.369487
74,C03115,2026-04-18 11:01:40+00:00,1,1,0.578252,0.421748
74,C03116,2026-04-18 11:02:10+00:00,1,0,0.497390,0.502610
74,C03117,2026-04-18 11:02:40+00:00,1,1,0.536497,0.463503
74,C03118,2026-04-18 11:03:10+00:00,1,0,0.355823,0.644177
74,C03119,2026-04-18 11:03:40+00:00,1,1,0.548195,0.451805
74,C03120,2026-04-18 11:04:10+00:00,1,0,0.306612,0.693388
74,C03121,2026-04-18 11:04:40+00:00,1,0,0.303161,0.696839
74,C03122,2026-04-18 11:05:10+00:00,1,1,0.644208,0.355792
74,C03123,2026-04-18 11:05:40+00:00,1,1,0.514489,0.485511
74,C03124,2026-04-18 11:06:10+00:00,1,1,0.581355,0.418645
74,C03125,2026-04-18 11:06:40+00:00,1,0,0.491740,0.508260
74,C03126,2026-04-18 11:07:10+00:00,1,1,0.541257,0.458743
74,C03127,2026-04-18 11:07:40+00:00,1,1,0.596488,0.403512
74,C03128,2026-04-18 11:08:10+00:00,1,1,0.755810,0.244190
74,C03129,2026-04-18 11:08:40+00:00,1,1,0.529368,0.470632
74,C03130,2026-04-18 11:09:10+00:00,1,1,0.532575,0.467425
74,C03131,2026-04-18 11:09:40+00:00,1,1,0.625978,0.374022
74,C03132,2026-04-18 11:10:10+00:00,1,1,0.570220,0.429780
74,C03133,2026-04-18 11:10:40+00:00,1,1,0.553523,0.446477
74,C03134,2026-04-18 11:11:10+00:00,1,1,0.594564,0.405436
74,C03135,2026-04-18 11:11:40+00:00,1,1,0.556146,0.443854
74,C03136,2026-04-18 11:12:10+00:00,1,0,0.430705,0.569295
74,C03137,2026-04-18 11:12:40+00:00,1,0,0.479638,0.520362
74,C03138,2026-04-18 11:13:10+00:00,1,1,0.568226,0.431774
74,C03139,2026-04-18 11:13:40+00:00,1,0,0.438735,0.561265
74,C03140,2026-04-18 11:14:10+00:00,1,1,0.605696,0.394304
74,C03141,2026-04-18 11:14:40+00:00,1,1,0.627694,0.372306
74,C03142,2026-04-18 11:15:10+00:00,1,0,0.485928,0.514072
74,C03143,2026-04-18 11:15:40+00:00,1,1,0.513360,0.486640
74,C03144,2026-04-18 11:16:10+00:00,1,1,0.683124,0.316876
74,C03145,2026-04-18 11:16:40+00:00,1,1,0.873199,0.126801
74,C03146,2026-04-18 11:17:10+00:00,1,1,0.656930,0.343070
74,C03147,2026-04-18 11:17:40+00:00,1,0,0.493316,0.506684
74,C03148,2026-04-18 11:18:10+00:00,1,1,0.672420,0.327580
74,C03149,2026-04-18 11:18:40+00:00,1,1,0.806938,0.193062
74,C03150,2026-04-18 11:19:10+00:00,1,1,0.810822,0.189178
74,C03151,2026-04-18 11:19:40+00:00,1,1,0.786512,0.213488
74,C03152,2026-04-18 11:20:10+00:00,1,1,0.724894,0.275106
74,C03153,2026-04-18 11:20:40+00:00,1,1,0.735309,0.264691
74,C03154,2026-04-18 11:21:10+00:00,1,1,0.669348,0.330652
74,C03155,2026-04-18 11:21:40+00:00,1,1,0.729272,0.270728
74,C03156,2026-04-18 11:22:10+00:00,1,1,0.880626,0.119374
74,C03157,2026-04-18 11:22:40+00:00,1,1,0.776511,0.223489
74,C03158,2026-04-18 11:23:10+00:00,1,1,0.888036,0.111964
74,C03159,2026-04-18 11:23:40+00:00,1,1,0.617114,0.382886
74,C03160,2026-04-18 11:24:10+00:00,1,1,0.793858,0.206142
74,C03161,2026-04-18 11:24:40+00:00,1,1,0.815617,0.184383
74,C03162,2026-04-18 11:25:10+00:00,1,1,0.891537,0.108463
74,C03163,2026-04-18 11:25:40+00:00,1,1,0.909784,0.090216
74,C03164,2026-04-18 11:26:10+00:00,1,1,0.892027,0.107973
74,C03165,2026-04-18 11:26:40+00:00,1,1,0.892845,0.107155
74,C03166,2026-04-18 11:27:10+00:00,1,1,0.842529,0.157471
74,C03167,2026-04-18 11:27:40+00:00,1,1,0.840970,0.159030
74,C03168,2026-04-18 11:28:10+00:00,1,1,0.731431,0.268569
74,C03169,2026-04-18 11:28:40+00:00,1,1,0.627974,0.372026
74,C03170,2026-04-18 11:29:10+00:00,1,1,0.737559,0.262441
74,C03171,2026-04-18 11:29:40+00:00,1,1,0.847963,0.152037
74,C03172,2026-04-18 11:30:10+00:00,1,1,0.809178,0.190822
74,C03173,2026-04-18 11:30:40+00:00,1,1,0.719272,0.280728
74,C03174,2026-04-18 11:31:10+00:00,1,1,0.862465,0.137535
74,C03175,2026-04-18 11:31:40+00:00,0,1,0.714809,0.285191
74,C03176,2026-04-18 11:32:10+00:00,0,1,0.520208,0.479792
74,C03177,2026-04-18 11:32:40+00:00,1,0,0.369501,0.630499
74,C03178,2026-04-18 11:33:10+00:00,1,0,0.327988,0.672012
74,C03179,2026-04-18 11:33:40+00:00,1,1,0.713290,0.286710
74,C03180,2026-04-18 11:34:10+00:00,1,1,0.698510,0.301490
74,C03181,2026-04-18 11:34:40+00:00,1,1,0.683044,0.316956
74,C03182,2026-04-18 11:35:10+00:00,1,1,0.673574,0.326426
74,C03183,2026-04-18 11:35:40+00:00,1,1,0.898910,0.101090
74,C03184,2026-04-18 11:36:10+00:00,1,1,0.746640,0.253360
74,C03185,2026-04-18 11:36:40+00:00,1,0,0.461554,0.538446
74,C03186,2026-04-18 11:37:10+00:00,0,1,0.679757,0.320243
74,C03187,2026-04-18 11:37:40+00:00,0,1,0.822728,0.177272
74,C03188,2026-04-18 11:38:10+00:00,1,1,0.529039,0.470961
74,C03189,2026-04-18 11:38:40+00:00,1,0,0.385927,0.614073
74,C03190,2026-04-18 11:39:10+00:00,1,1,0.672378,0.327622
74,C03191,2026-04-18 11:39:40+00:00,1,1,0.771775,0.228225
74,C03192,2026-04-18 11:40:10+00:00,1,1,0.901963,0.098037
74,C03193,2026-04-18 11:40:40+00:00,1,1,0.867492,0.132508
74,C03194,2026-04-18 11:41:10+00:00,1,1,0.885192,0.114808
74,C03195,2026-04-18 11:41:40+00:00,1,1,0.863834,0.136166
74,C03196,2026-04-18 11:42:10+00:00,1,1,0.813102,0.186898
74,C03197,2026-04-18 11:42:40+00:00,1,1,0.758905,0.241095
74,C03198,2026-04-18 11:43:10+00:00,1,1,0.849066,0.150934
74,C03199,2026-04-18 11:43:40+00:00,1,1,0.879482,0.120518
74,C03200,2026-04-18 11:44:10+00:00,1,1,0.714849,0.285151
74,C03201,2026-04-18 11:44:40+00:00,1,1,0.730016,0.269984
74,C03202,2026-04-18 11:45:10+00:00,1,1,0.554239,0.445761
74,C03203,2026-04-18 11:45:40+00:00,1,1,0.661321,0.338679
74,C03204,2026-04-18 11:46:10+00:00,1,1,0.896119,0.103881
74,C03205,2026-04-18 11:46:40+00:00,1,1,0.779553,0.220447
74,C03206,2026-04-18 11:47:10+00:00,1,1,0.815736,0.184264
74,C03207,2026-04-18 11:47:40+00:00,1,1,0.907248,0.092752
74,C03208,2026-04-18 11:48:10+00:00,1,1,0.812637,0.187363
74,C03209,2026-04-18 11:48:40+00:00,1,1,0.834825,0.165175
74,C03210,2026-04-18 11:49:10+00:00,1,1,0.790379,0.209621
74,C03211,2026-04-18 11:49:40+00:00,1,0,0.490108,0.509892
74,C03212,2026-04-18 11:50:10+00:00,1,1,0.741644,0.258356
74,C03213,2026-04-18 11:50:40+00:00,1,1,0.695793,0.304207
74,C03214,2026-04-18 11:51:10+00:00,1,1,0.828967,0.171033
74,C03215,2026-04-18 11:51:40+00:00,1,1,0.631425,0.368575
74,C03216,2026-04-18 11:52:10+00:00,1,0,0.478038,0.521962
74,C03217,2026-04-18 11:52:40+00:00,1,1,0.866965,0.133035
74,C03218,2026-04-18 11:53:10+00:00,1,1,0.863059,0.136941
74,C03219,2026-04-18 11:53:40+00:00,1,1,0.739828,0.260172
74,C03220,2026-04-18 11:54:10+00:00,1,1,0.765465,0.234535
74,C03221,2026-04-18 11:54:40+00:00,1,1,0.874890,0.125110
74,C03222,2026-04-18 11:55:10+00:00,1,1,0.845469,0.154531
74,C03223,2026-04-18 11:55:40+00:00,1,1,0.773652,0.226348
74,C03224,2026-04-18 11:56:10+00:00,1,1,0.657205,0.342795
74,C03225,2026-04-18 11:56:40+00:00,1,1,0.834326,0.165674
74,C03226,2026-04-18 11:57:10+00:00,1,1,0.845107,0.154893
74,C03227,2026-04-18 11:57:40+00:00,1,1,0.689635,0.310365
74,C03228,2026-04-18 11:58:10+00:00,1,1,0.551925,0.448075
74,C03229,2026-04-18 11:58:40+00:00,1,1,0.737645,0.262355
74,C03230,2026-04-18 11:59:10+00:00,1,1,0.850506,0.149494
74,C03231,2026-04-18 11:59:40+00:00,1,1,0.838494,0.161506
74,C03232,2026-04-18 12:00:10+00:00,0,1,0.625418,0.374582
74,C03233,2026-04-18 12:00:40+00:00,1,1,0.687157,0.312843
74,C03234,2026-04-18 12:01:10+00:00,1,0,0.440107,0.559893
74,C03235,2026-04-18 12:01:40+00:00,1,1,0.677069,0.322931
74,C03236,2026-04-18 12:02:10+00:00,1,1,0.820140,0.179860
74,C03237,2026-04-18 12:02:40+00:00,0,1,0.775701,0.224299
74,C03238,2026-04-18 12:03:10+00:00,0,1,0.843532,0.156468
74,C03239,2026-04-18 12:03:40+00:00,1,0,0.381666,0.618334
74,C03240,2026-04-18 12:04:10+00:00,1,1,0.532853,0.467147
74,C03241,2026-04-18 12:04:40+00:00,1,1,0.749882,0.250118
74,C03242,2026-04-18 12:05:10+00:00,1,1,0.898974,0.101026
74,C03243,2026-04-18 12:05:40+00:00,1,1,0.843580,0.156420
74,C03244,2026-04-18 12:06:10+00:00,1,1,0.801311,0.198689
74,C03245,2026-04-18 12:06:40+00:00,1,1,0.887124,0.112876
74,C03246,2026-04-18 12:07:10+00:00,1,0,0.371746,0.628254
74,C03247,2026-04-18 12:07:40+00:00,1,0,0.401633,0.598367
74,C03248,2026-04-18 12:08:10+00:00,0,1,0.527391,0.472609
74,C03249,2026-04-18 12:08:40+00:00,1,1,0.646251,0.353749
74,C03250,2026-04-18 12:09:10+00:00,1,0,0.484591,0.515409
74,C03251,2026-04-18 12:09:40+00:00,1,1,0.597256,0.402744
74,C03252,2026-04-18 12:10:10+00:00,1,1,0.554464,0.445536
74,C03253,2026-04-18 12:10:40+00:00,1,0,0.486187,0.513813
74,C03254,2026-04-18 12:11:10+00:00,1,1,0.595160,0.404840
74,C03255,2026-04-18 12:11:40+00:00,0,1,0.509916,0.490084
74,C03256,2026-04-18 12:12:10+00:00,0,1,0.559716,0.440284
74,C03257,2026-04-18 12:12:40+00:00,1,0,0.492765,0.507235
74,C03258,2026-04-18 12:13:10+00:00,1,0,0.308809,0.691191
74,C03259,2026-04-18 12:13:40+00:00,1,1,0.545575,0.454425
74,C03260,2026-04-18 12:14:10+00:00,1,1,0.502698,0.497302
74,C03261,2026-04-18 12:14:40+00:00,1,1,0.505630,0.494370
74,C03262,2026-04-18 12:15:10+00:00,1,1,0.512609,0.487391
74,C03263,2026-04-18 12:15:40+00:00,1,1,0.597979,0.402021
74,C03264,2026-04-18 12:16:10+00:00,0,1,0.542065,0.457935
74,C03265,2026-04-18 12:16:40+00:00,0,1,0.528390,0.471610
74,C03266,2026-04-18 12:17:10+00:00,0,0,0.418449,0.581551
74,C03267,2026-04-18 12:17:40+00:00,0,0,0.477399,0.522601
74,C03268,2026-04-18 12:18:10+00:00,0,0,0.384606,0.615394
74,C03269,2026-04-18 12:18:40+00:00,0,0,0.335578,0.664422
74,C03270,2026-04-18 12:19:10+00:00,0,0,0.312208,0.687792
74,C03271,2026-04-18 12:19:40+00:00,0,0,0.424524,0.575476
74,C03272,2026-04-18 12:20:10+00:00,0,1,0.545818,0.454182
74,C03273,2026-04-18 12:20:40+00:00,0,0,0.469421,0.530579
74,C03274,2026-04-18 12:21:10+00:00,0,0,0.409844,0.590156
74,C03275,2026-04-18 12:21:40+00:00,0,0,0.383341,0.616659
74,C03276,2026-04-18 12:22:10+00:00,0,0,0.388437,0.611563
74,C03277,2026-04-18 12:22:40+00:00,1,0,0.378789,0.621211
74,C03278,2026-04-18 12:23:10+00:00,1,0,0.414645,0.585355
74,C03279,2026-04-18 12:23:40+00:00,1,0,0.436134,0.563866
74,C03280,2026-04-18 12:24:10+00:00,0,0,0.431459,0.568541
74,C03281,2026-04-18 12:24:40+00:00,1,0,0.430378,0.569622
74,C03282,2026-04-18 12:25:10+00:00,0,0,0.292270,0.707730
74,C03283,2026-04-18 12:25:40+00:00,0,0,0.375845,0.624155
74,C03284,2026-04-18 12:26:10+00:00,1,0,0.333855,0.666145
74,C03285,2026-04-18 12:26:40+00:00,1,0,0.267648,0.732352
74,C03286,2026-04-18 12:27:10+00:00,0,0,0.373691,0.626309
74,C03287,2026-04-18 12:27:40+00:00,1,0,0.345520,0.654480
74,C03288,2026-04-18 12:28:10+00:00,0,0,0.445763,0.554237
74,C03289,2026-04-18 12:28:40+00:00,0,0,0.486996,0.513004
74,C03290,2026-04-18 12:29:10+00:00,1,0,0.265572,0.734428
74,C03291,2026-04-18 12:29:40+00:00,1,0,0.363570,0.636430
74,C03292,2026-04-18 12:30:10+00:00,1,1,0.623827,0.376173
74,C03293,2026-04-18 12:30:40+00:00,0,0,0.480283,0.519717
74,C03294,2026-04-18 12:31:10+00:00,1,0,0.447612,0.552388
74,C03295,2026-04-18 12:31:40+00:00,1,0,0.261607,0.738393
74,C03296,2026-04-18 12:32:10+00:00,1,0,0.431602,0.568398
74,C03297,2026-04-18 12:32:40+00:00,1,1,0.518426,0.481574
74,C03298,2026-04-18 12:33:10+00:00,1,0,0.354910,0.645090
74,C03299,2026-04-18 12:33:40+00:00,1,0,0.429561,0.570439
74,C03300,2026-04-18 12:34:10+00:00,1,1,0.535293,0.464707
74,C03301,2026-04-18 12:34:40+00:00,0,0,0.452672,0.547328
74,C03302,2026-04-18 12:35:10+00:00,0,0,0.393120,0.606880
74,C03303,2026-04-18 12:35:40+00:00,1,0,0.275511,0.724489
74,C03304,2026-04-18 12:36:10+00:00,1,0,0.336195,0.663805
74,C03305,2026-04-18 12:36:40+00:00,0,0,0.401829,0.598171
74,C03306,2026-04-18 12:37:10+00:00,1,0,0.407106,0.592894
74,C03307,2026-04-18 12:37:40+00:00,0,0,0.316547,0.683453
74,C03308,2026-04-18 12:38:10+00:00,0,0,0.367787,0.632213
74,C03309,2026-04-18 12:38:40+00:00,0,0,0.382494,0.617506
74,C03310,2026-04-18 12:39:10+00:00,0,0,0.394430,0.605570
74,C03311,2026-04-18 12:39:40+00:00,0,0,0.323935,0.676065
74,C03312,2026-04-18 12:40:10+00:00,1,0,0.443124,0.556876
74,C03313,2026-04-18 12:40:40+00:00,0,0,0.429824,0.570176
74,C03314,2026-04-18 12:41:10+00:00,1,0,0.372046,0.627954
74,C03315,2026-04-18 12:41:40+00:00,1,0,0.247666,0.752334
74,C03316,2026-04-18 12:42:10+00:00,1,0,0.403468,0.596532
74,C03317,2026-04-18 12:42:40+00:00,1,1,0.804009,0.195991
74,C03318,2026-04-18 12:43:10+00:00,1,1,0.550037,0.449963
74,C03319,2026-04-18 12:43:40+00:00,1,1,0.719316,0.280684
74,C03320,2026-04-18 12:44:10+00:00,1,1,0.516577,0.483423
74,C03321,2026-04-18 12:44:40+00:00,1,1,0.570039,0.429961
74,C03322,2026-04-18 12:45:10+00:00,1,1,0.681023,0.318977
74,C03323,2026-04-18 12:45:40+00:00,1,0,0.445200,0.554800
74,C03324,2026-04-18 12:46:10+00:00,1,1,0.691021,0.308979
74,C03325,2026-04-18 12:46:40+00:00,1,1,0.764150,0.235850
74,C03326,2026-04-18 12:47:10+00:00,1,1,0.676722,0.323278
74,C03327,2026-04-18 12:47:40+00:00,1,1,0.913623,0.086377
74,C03328,2026-04-18 12:48:10+00:00,1,1,0.784434,0.215566
74,C03329,2026-04-18 12:48:40+00:00,1,1,0.881599,0.118401
74,C03330,2026-04-18 12:49:10+00:00,1,1,0.886655,0.113345
74,C03331,2026-04-18 12:49:40+00:00,1,1,0.880145,0.119855
74,C03332,2026-04-18 12:50:10+00:00,1,1,0.855993,0.144007
74,C03333,2026-04-18 12:50:40+00:00,1,1,0.618454,0.381546
74,C03334,2026-04-18 12:51:10+00:00,1,1,0.559849,0.440151
74,C03335,2026-04-18 12:51:40+00:00,1,1,0.680344,0.319656
74,C03336,2026-04-18 12:52:10+00:00,1,1,0.616552,0.383448
74,C03337,2026-04-18 12:52:40+00:00,1,1,0.550039,0.449961
74,C03338,2026-04-18 12:53:10+00:00,1,1,0.689613,0.310387
74,C03339,2026-04-18 12:53:40+00:00,1,0,0.491509,0.508491
74,C03340,2026-04-18 12:54:10+00:00,1,1,0.610229,0.389771
74,C03341,2026-04-18 12:54:40+00:00,1,1,0.655569,0.344431
74,C03342,2026-04-18 12:55:10+00:00,1,0,0.484177,0.515823
74,C03343,2026-04-18 12:55:40+00:00,0,0,0.456081,0.543919
74,C03344,2026-04-18 12:56:10+00:00,1,1,0.571193,0.428807
74,C03345,2026-04-18 12:56:40+00:00,1,0,0.440276,0.559724
74,C03346,2026-04-18 12:57:10+00:00,1,0,0.483571,0.516429
74,C03347,2026-04-18 12:57:40+00:00,1,1,0.624204,0.375796
74,C03348,2026-04-18 12:58:10+00:00,1,1,0.509514,0.490486
74,C03349,2026-04-18 12:58:40+00:00,1,1,0.552551,0.447449
74,C03350,2026-04-18 12:59:10+00:00,1,1,0.678628,0.321372
74,C03351,2026-04-18 12:59:40+00:00,1,1,0.596962,0.403038
74,C03352,2026-04-18 13:00:10+00:00,1,1,0.615577,0.384423
74,C03353,2026-04-18 13:00:40+00:00,1,1,0.694364,0.305636
74,C03354,2026-04-18 13:01:10+00:00,1,1,0.505765,0.494235
74,C03355,2026-04-18 13:01:40+00:00,1,1,0.608282,0.391718
74,C03356,2026-04-18 13:02:10+00:00,1,1,0.501735,0.498265
74,C03357,2026-04-18 13:02:40+00:00,1,0,0.496352,0.503648
74,C03358,2026-04-18 13:03:10+00:00,1,1,0.594659,0.405341
74,C03359,2026-04-18 13:03:40+00:00,1,1,0.604425,0.395575
74,C03360,2026-04-18 13:04:10+00:00,1,0,0.407563,0.592437
74,C03361,2026-04-18 13:04:40+00:00,1,1,0.557610,0.442390
74,C03362,2026-04-18 13:05:10+00:00,1,1,0.703414,0.296586
74,C03363,2026-04-18 13:05:40+00:00,1,1,0.570575,0.429425
74,C03364,2026-04-18 13:06:10+00:00,1,0,0.497020,0.502980
74,C03365,2026-04-18 13:06:40+00:00,1,0,0.499512,0.500488
74,C03366,2026-04-18 13:07:10+00:00,1,1,0.566458,0.433542
74,C03367,2026-04-18 13:07:40+00:00,1,1,0.589999,0.410001
74,C03368,2026-04-18 13:08:10+00:00,1,1,0.587879,0.412121
74,C03369,2026-04-18 13:08:40+00:00,1,0,0.487672,0.512328
74,C03370,2026-04-18 13:09:10+00:00,1,1,0.545421,0.454579
74,C03371,2026-04-18 13:09:40+00:00,1,1,0.554055,0.445945
74,C03372,2026-04-18 13:10:10+00:00,1,0,0.457044,0.542956
74,C03373,2026-04-18 13:10:40+00:00,0,1,0.517674,0.482326
74,C03374,2026-04-18 13:11:10+00:00,0,0,0.464992,0.535008
74,C03375,2026-04-18 13:11:40+00:00,1,0,0.367221,0.632779
74,C03376,2026-04-18 13:12:10+00:00,1,0,0.393839,0.606161
74,C03377,2026-04-18 13:12:40+00:00,1,1,0.636115,0.363885
74,C03378,2026-04-18 13:13:10+00:00,1,1,0.502680,0.497320
74,C03379,2026-04-18 13:13:40+00:00,1,1,0.643810,0.356190
74,C03380,2026-04-18 13:14:10+00:00,1,1,0.687063,0.312937
74,C03381,2026-04-18 13:14:40+00:00,1,1,0.508981,0.491019
74,C03382,2026-04-18 13:15:10+00:00,1,1,0.597608,0.402392
74,C03383,2026-04-18 13:15:40+00:00,1,1,0.589092,0.410908
74,C03384,2026-04-18 13:16:10+00:00,1,1,0.593201,0.406799
74,C03385,2026-04-18 13:16:40+00:00,1,1,0.572621,0.427379
74,C03386,2026-04-18 13:17:10+00:00,1,1,0.594250,0.405750
74,C03387,2026-04-18 13:17:40+00:00,1,1,0.506701,0.493299
74,C03388,2026-04-18 13:18:10+00:00,1,1,0.597868,0.402132
74,C03389,2026-04-18 13:18:40+00:00,1,1,0.549863,0.450137
74,C03390,2026-04-18 13:19:10+00:00,1,0,0.474815,0.525185
74,C03391,2026-04-18 13:19:40+00:00,1,1,0.541035,0.458965
74,C03392,2026-04-18 13:20:10+00:00,0,0,0.492361,0.507639
74,C03393,2026-04-18 13:20:40+00:00,0,1,0.572341,0.427659
74,C03394,2026-04-18 13:21:10+00:00,1,0,0.393603,0.606397
74,C03395,2026-04-18 13:21:40+00:00,1,0,0.356144,0.643856
74,C03396,2026-04-18 13:22:10+00:00,1,1,0.622627,0.377373
74,C03397,2026-04-18 13:22:40+00:00,1,1,0.862232,0.137768
74,C03398,2026-04-18 13:23:10+00:00,1,1,0.712239,0.287761
74,C03399,2026-04-18 13:23:40+00:00,1,1,0.609673,0.390327
74,C03400,2026-04-18 13:24:10+00:00,1,1,0.584246,0.415754
74,C03401,2026-04-18 13:24:40+00:00,1,1,0.896024,0.103976
74,C03402,2026-04-18 13:25:10+00:00,1,1,0.816313,0.183687
74,C03403,2026-04-18 13:25:40+00:00,1,1,0.752553,0.247447
74,C03404,2026-04-18 13:26:10+00:00,1,1,0.698854,0.301146
74,C03405,2026-04-18 13:26:40+00:00,1,1,0.690323,0.309677
74,C03406,2026-04-18 13:27:10+00:00,1,1,0.700126,0.299874
74,C03407,2026-04-18 13:27:40+00:00,1,1,0.735122,0.264878
74,C03408,2026-04-18 13:28:10+00:00,1,1,0.698062,0.301938
74,C03409,2026-04-18 13:28:40+00:00,1,1,0.900071,0.099929
74,C03410,2026-04-18 13:29:10+00:00,1,1,0.715930,0.284070
74,C03411,2026-04-18 13:29:40+00:00,1,1,0.691259,0.308741
74,C03412,2026-04-18 13:30:10+00:00,1,1,0.826139,0.173861
74,C03413,2026-04-18 13:30:40+00:00,1,1,0.808903,0.191097
74,C03414,2026-04-18 13:31:10+00:00,1,1,0.886037,0.113963
74,C03415,2026-04-18 13:31:40+00:00,1,1,0.753087,0.246913
74,C03416,2026-04-18 13:32:10+00:00,1,1,0.900167,0.099833
74,C03417,2026-04-18 13:32:40+00:00,1,1,0.616336,0.383664
74,C03418,2026-04-18 13:33:10+00:00,1,1,0.575810,0.424190
74,C03419,2026-04-18 13:33:40+00:00,1,1,0.866458,0.133542
74,C03420,2026-04-18 13:34:10+00:00,1,1,0.903579,0.096421
74,C03421,2026-04-18 13:34:40+00:00,1,1,0.879082,0.120918
74,C03422,2026-04-18 13:35:10+00:00,1,1,0.701303,0.298697
74,C03423,2026-04-18 13:35:40+00:00,1,1,0.808658,0.191342
74,C03424,2026-04-18 13:36:10+00:00,1,1,0.687275,0.312725
74,C03425,2026-04-18 13:36:40+00:00,1,1,0.575486,0.424514
74,C03426,2026-04-18 13:37:10+00:00,1,1,0.826167,0.173833
74,C03427,2026-04-18 13:37:40+00:00,1,1,0.670492,0.329508
74,C03428,2026-04-18 13:38:10+00:00,1,1,0.501164,0.498836
74,C03429,2026-04-18 13:38:40+00:00,1,1,0.565525,0.434475
74,C03430,2026-04-18 13:39:10+00:00,1,1,0.707633,0.292367
74,C03431,2026-04-18 13:39:40+00:00,1,1,0.795914,0.204086
74,C03432,2026-04-18 13:40:10+00:00,1,1,0.856056,0.143944
74,C03433,2026-04-18 13:40:40+00:00,1,1,0.708612,0.291388
74,C03434,2026-04-18 13:41:10+00:00,1,1,0.874302,0.125698
74,C03435,2026-04-18 13:41:40+00:00,1,1,0.854295,0.145705
74,C03436,2026-04-18 13:42:10+00:00,1,1,0.777001,0.222999
74,C03437,2026-04-18 13:42:40+00:00,1,1,0.841709,0.158291
74,C03438,2026-04-18 13:43:10+00:00,1,1,0.682410,0.317590
74,C03439,2026-04-18 13:43:40+00:00,1,1,0.789379,0.210621
74,C03440,2026-04-18 13:44:10+00:00,1,1,0.854507,0.145493
74,C03441,2026-04-18 13:44:40+00:00,1,1,0.830452,0.169548
74,C03442,2026-04-18 13:45:10+00:00,1,1,0.755722,0.244278
74,C03443,2026-04-18 13:45:40+00:00,1,1,0.691589,0.308411
74,C03444,2026-04-18 13:46:10+00:00,1,1,0.794795,0.205205
74,C03445,2026-04-18 13:46:40+00:00,0,1,0.552467,0.447533
74,C03446,2026-04-18 13:47:10+00:00,1,1,0.606410,0.393590
74,C03447,2026-04-18 13:47:40+00:00,1,0,0.458737,0.541263
74,C03448,2026-04-18 13:48:10+00:00,1,1,0.514333,0.485667
74,C03449,2026-04-18 13:48:40+00:00,1,1,0.690878,0.309122
74,C03450,2026-04-18 13:49:10+00:00,1,1,0.756501,0.243499
74,C03451,2026-04-18 13:49:40+00:00,1,1,0.667921,0.332079
74,C03452,2026-04-18 13:50:10+00:00,1,1,0.627474,0.372526
74,C03453,2026-04-18 13:50:40+00:00,1,1,0.625297,0.374703
74,C03454,2026-04-18 13:51:10+00:00,1,1,0.715302,0.284698
74,C03455,2026-04-18 13:51:40+00:00,1,1,0.663982,0.336018
74,C03456,2026-04-18 13:52:10+00:00,1,1,0.866423,0.133577
74,C03457,2026-04-18 13:52:40+00:00,0,1,0.654683,0.345317
74,C03458,2026-04-18 13:53:10+00:00,1,1,0.545904,0.454096
74,C03459,2026-04-18 13:53:40+00:00,1,0,0.420167,0.579833
74,C03460,2026-04-18 13:54:10+00:00,0,1,0.616211,0.383789
74,C03461,2026-04-18 13:54:40+00:00,1,0,0.412006,0.587994
74,C03462,2026-04-18 13:55:10+00:00,1,0,0.399329,0.600671
74,C03463,2026-04-18 13:55:40+00:00,1,1,0.572723,0.427277
74,C03464,2026-04-18 13:56:10+00:00,0,0,0.399122,0.600878
74,C03465,2026-04-18 13:56:40+00:00,1,0,0.392908,0.607092
74,C03466,2026-04-18 13:57:10+00:00,1,0,0.328560,0.671440
74,C03467,2026-04-18 13:57:40+00:00,1,0,0.428315,0.571685
74,C03468,2026-04-18 13:58:10+00:00,0,1,0.542452,0.457548
74,C03469,2026-04-18 13:58:40+00:00,1,0,0.486420,0.513580
74,C03470,2026-04-18 13:59:10+00:00,0,0,0.375725,0.624275
74,C03471,2026-04-18 13:59:40+00:00,0,0,0.464604,0.535396
74,C03472,2026-04-18 14:00:10+00:00,1,0,0.389351,0.610649
74,C03473,2026-04-18 14:00:40+00:00,1,0,0.432644,0.567356
74,C03474,2026-04-18 14:01:10+00:00,1,1,0.833166,0.166834
74,C03475,2026-04-18 14:01:40+00:00,1,0,0.457502,0.542498
74,C03476,2026-04-18 14:02:10+00:00,1,1,0.577839,0.422161
74,C03477,2026-04-18 14:02:40+00:00,1,1,0.796567,0.203433
74,C03478,2026-04-18 14:03:10+00:00,1,1,0.772668,0.227332
