model,augmentation,fold_id,test_run_id,window_id,y_true,y_pred,probability_stable,probability_unstable
LogisticRegression,none,0,1,W0000,1,1,0.715695,0.284305
LogisticRegression,none,0,1,W0001,1,1,0.611555,0.388445
LogisticRegression,none,0,1,W0002,1,0,0.345861,0.654139
LogisticRegression,none,0,1,W0003,1,0,0.396227,0.603773
LogisticRegression,none,0,1,W0004,1,1,0.507872,0.492128
LogisticRegression,none,0,1,W0005,1,1,0.737077,0.262923
LogisticRegression,none,0,1,W0006,1,1,0.840118,0.159882
LogisticRegression,none,0,1,W0007,1,1,0.722951,0.277049
LogisticRegression,none,0,1,W0008,1,1,0.627341,0.372659
LogisticRegression,none,0,1,W0009,1,1,0.876412,0.123588
LogisticRegression,none,0,1,W0010,1,1,0.743134,0.256866
LogisticRegression,none,0,1,W0011,1,1,0.719115,0.280885
LogisticRegression,none,0,1,W0012,1,1,0.711699,0.288301
LogisticRegression,none,0,1,W0013,1,1,0.732977,0.267023
LogisticRegression,none,0,1,W0014,1,1,0.727542,0.272458
LogisticRegression,none,0,1,W0015,1,1,0.793419,0.206581
LogisticRegression,none,0,1,W0016,1,1,0.743764,0.256236
LogisticRegression,none,0,1,W0017,1,1,0.684238,0.315762
LogisticRegression,none,0,1,W0018,1,1,0.879935,0.120065
LogisticRegression,none,0,1,W0019,1,1,0.640951,0.359049
LogisticRegression,none,0,1,W0020,1,0,0.421131,0.578869
LogisticRegression,none,0,1,W0021,1,1,0.588519,0.411481
LogisticRegression,none,0,1,W0022,1,1,0.813292,0.186708
LogisticRegression,none,0,1,W0023,1,1,0.784156,0.215844
LogisticRegression,none,0,1,W0024,1,1,0.804474,0.195526
LogisticRegression,none,0,1,W0025,1,1,0.748851,0.251149
LogisticRegression,none,0,1,W0026,1,1,0.703959,0.296041
LogisticRegression,none,0,1,W0027,1,1,0.736779,0.263221
LogisticRegression,none,0,1,W0028,1,1,0.627481,0.372519
LogisticRegression,none,0,1,W0029,1,1,0.815522,0.184478
LogisticRegression,none,0,1,W0030,1,1,0.713795,0.286205
LogisticRegression,none,0,1,W0031,1,1,0.712529,0.287471
LogisticRegression,none,0,1,W0032,1,1,0.814245,0.185755
LogisticRegression,none,0,1,W0033,1,1,0.618777,0.381223
LogisticRegression,none,0,1,W0034,1,1,0.626265,0.373735
LogisticRegression,none,0,1,W0035,1,1,0.754476,0.245524
LogisticRegression,none,0,1,W0036,1,1,0.827849,0.172151
LogisticRegression,none,0,1,W0037,1,1,0.837147,0.162853
LogisticRegression,none,0,1,W0038,1,1,0.808657,0.191343
LogisticRegression,none,0,1,W0039,1,1,0.779161,0.220839
LogisticRegression,none,0,1,W0040,1,1,0.697585,0.302415
LogisticRegression,none,0,1,W0041,1,1,0.619280,0.380720
LogisticRegression,none,0,1,W0042,1,1,0.671968,0.328032
LogisticRegression,none,0,1,W0043,1,1,0.823352,0.176648
LogisticRegression,none,0,1,W0044,1,1,0.752836,0.247164
LogisticRegression,none,0,1,W0045,0,0,0.420285,0.579715
LogisticRegression,none,0,1,W0046,0,0,0.390306,0.609694
LogisticRegression,none,0,1,W0047,0,0,0.280862,0.719138
LogisticRegression,none,0,1,W0048,0,0,0.122225,0.877775
LogisticRegression,none,0,1,W0049,1,0,0.203051,0.796949
LogisticRegression,none,0,1,W0050,1,0,0.398288,0.601712
LogisticRegression,none,0,1,W0051,1,1,0.636230,0.363770
LogisticRegression,none,0,1,W0052,1,1,0.917559,0.082441
LogisticRegression,none,0,1,W0053,1,1,0.905160,0.094840
LogisticRegression,none,0,1,W0054,1,1,0.935133,0.064867
LogisticRegression,none,0,1,W0055,0,1,0.946833,0.053167
LogisticRegression,none,0,1,W0056,0,1,0.912418,0.087582
LogisticRegression,none,0,1,W0057,0,0,0.360922,0.639078
LogisticRegression,none,0,1,W0058,0,0,0.001146,0.998854
LogisticRegression,none,0,1,W0059,0,0,0.000550,0.999450
LogisticRegression,none,0,1,W0060,0,0,0.000187,0.999813
LogisticRegression,none,0,1,W0061,1,0,0.000411,0.999589
LogisticRegression,none,0,1,W0062,1,0,0.109694,0.890306
LogisticRegression,none,0,1,W0063,1,1,0.889662,0.110338
LogisticRegression,none,0,1,W0064,1,1,0.922128,0.077872
LogisticRegression,none,0,1,W0065,1,1,0.848140,0.151860
LogisticRegression,none,0,1,W0066,1,1,0.906118,0.093882
LogisticRegression,none,0,1,W0067,1,1,0.927276,0.072724
LogisticRegression,none,0,1,W0068,1,1,0.952231,0.047769
LogisticRegression,none,0,1,W0069,1,1,0.857167,0.142833
LogisticRegression,none,0,1,W0070,1,1,0.688108,0.311892
LogisticRegression,none,0,1,W0071,1,1,0.841693,0.158307
LogisticRegression,none,0,1,W0072,1,1,0.884046,0.115954
LogisticRegression,none,0,1,W0073,1,1,0.954282,0.045718
LogisticRegression,none,0,1,W0074,1,1,0.945106,0.054894
LogisticRegression,none,0,1,W0075,1,1,0.838618,0.161382
LogisticRegression,none,0,1,W0076,1,1,0.857158,0.142842
LogisticRegression,none,0,1,W0077,1,1,0.905760,0.094240
LogisticRegression,none,0,1,W0078,1,1,0.951527,0.048473
LogisticRegression,none,0,1,W0079,1,1,0.992129,0.007871
LogisticRegression,none,0,1,W0080,1,1,0.978937,0.021063
LogisticRegression,none,0,1,W0081,1,1,0.962039,0.037961
LogisticRegression,none,0,1,W0082,1,1,0.947881,0.052119
LogisticRegression,none,0,1,W0083,1,1,0.932189,0.067811
LogisticRegression,none,0,1,W0084,1,1,0.948922,0.051078
LogisticRegression,none,0,1,W0085,1,1,0.951648,0.048352
LogisticRegression,none,0,1,W0086,1,1,0.965949,0.034051
LogisticRegression,none,0,1,W0087,1,1,0.952544,0.047456
LogisticRegression,none,0,1,W0088,1,1,0.927905,0.072095
LogisticRegression,none,0,1,W0089,1,1,0.961168,0.038832
LogisticRegression,none,0,1,W0090,1,1,0.946404,0.053596
LogisticRegression,none,0,1,W0091,1,1,0.962169,0.037831
LogisticRegression,none,0,1,W0092,1,1,0.983055,0.016945
LogisticRegression,none,0,1,W0093,1,1,0.970327,0.029673
LogisticRegression,none,0,1,W0094,1,1,0.933600,0.066400
LogisticRegression,none,0,1,W0095,1,1,0.875604,0.124396
LogisticRegression,none,0,1,W0096,1,1,0.821485,0.178515
LogisticRegression,none,0,1,W0097,1,1,0.922851,0.077149
LogisticRegression,none,0,1,W0098,1,1,0.970835,0.029165
LogisticRegression,none,0,1,W0099,1,1,0.948908,0.051092
LogisticRegression,none,0,1,W0100,1,1,0.871500,0.128500
LogisticRegression,none,0,1,W0101,1,1,0.858372,0.141628
LogisticRegression,none,0,1,W0102,1,1,0.854888,0.145112
LogisticRegression,none,0,1,W0103,1,1,0.938256,0.061744
LogisticRegression,none,0,1,W0104,1,1,0.993339,0.006661
LogisticRegression,none,0,1,W0105,1,1,0.978549,0.021451
LogisticRegression,none,0,1,W0106,1,1,0.942251,0.057749
LogisticRegression,none,0,1,W0107,1,1,0.851463,0.148537
LogisticRegression,none,0,1,W0108,1,1,0.792409,0.207591
LogisticRegression,none,0,1,W0109,1,1,0.833623,0.166377
LogisticRegression,none,0,1,W0110,1,1,0.900100,0.099900
LogisticRegression,none,0,1,W0111,1,1,0.946719,0.053281
LogisticRegression,none,0,1,W0112,1,1,0.925583,0.074417
LogisticRegression,none,0,1,W0113,1,1,0.944868,0.055132
LogisticRegression,none,0,1,W0114,1,1,0.910588,0.089412
LogisticRegression,none,0,1,W0115,1,1,0.893630,0.106370
LogisticRegression,none,0,1,W0116,1,1,0.955247,0.044753
LogisticRegression,none,0,1,W0117,1,1,0.992141,0.007859
LogisticRegression,none,0,1,W0118,1,1,0.973074,0.026926
LogisticRegression,none,0,1,W0119,1,1,0.914473,0.085527
LogisticRegression,none,0,1,W0120,1,1,0.935543,0.064457
LogisticRegression,none,0,1,W0121,1,1,0.900678,0.099322
LogisticRegression,none,0,1,W0122,1,1,0.906838,0.093162
LogisticRegression,none,0,1,W0123,1,1,0.963705,0.036295
LogisticRegression,none,0,1,W0124,1,1,0.938791,0.061209
LogisticRegression,none,0,1,W0125,1,1,0.863680,0.136320
LogisticRegression,none,0,1,W0126,1,1,0.906912,0.093088
LogisticRegression,none,0,1,W0127,1,1,0.979074,0.020926
LogisticRegression,none,0,1,W0128,1,1,0.991869,0.008131
LogisticRegression,none,0,1,W0129,1,1,0.985147,0.014853
LogisticRegression,none,0,1,W0130,1,1,0.958655,0.041345
LogisticRegression,none,0,1,W0131,1,1,0.925674,0.074326
LogisticRegression,none,0,1,W0132,1,1,0.782582,0.217418
LogisticRegression,none,0,1,W0133,1,1,0.911847,0.088153
LogisticRegression,none,0,1,W0134,1,1,0.959419,0.040581
LogisticRegression,none,0,1,W0135,1,1,0.952116,0.047884
LogisticRegression,none,0,1,W0136,1,1,0.926322,0.073678
LogisticRegression,none,0,1,W0137,1,1,0.935053,0.064947
LogisticRegression,none,0,1,W0138,1,1,0.936620,0.063380
LogisticRegression,none,0,1,W0139,1,1,0.930443,0.069557
LogisticRegression,none,0,1,W0140,1,1,0.960313,0.039687
LogisticRegression,none,0,1,W0141,1,1,0.991551,0.008449
LogisticRegression,none,0,1,W0142,1,1,0.984889,0.015111
LogisticRegression,none,0,1,W0143,1,1,0.941217,0.058783
LogisticRegression,none,0,1,W0144,1,1,0.961988,0.038012
LogisticRegression,none,0,1,W0145,1,1,0.947594,0.052406
LogisticRegression,none,0,1,W0146,1,1,0.932617,0.067383
LogisticRegression,none,0,1,W0147,1,1,0.971159,0.028841
LogisticRegression,none,0,1,W0148,1,1,0.964033,0.035967
LogisticRegression,none,0,1,W0149,1,1,0.973094,0.026906
LogisticRegression,none,0,1,W0150,1,1,0.968087,0.031913
LogisticRegression,none,0,1,W0151,1,1,0.954758,0.045242
LogisticRegression,none,0,1,W0152,1,1,0.982722,0.017278
LogisticRegression,none,0,1,W0153,1,1,0.987614,0.012386
LogisticRegression,none,0,1,W0154,1,1,0.980764,0.019236
LogisticRegression,none,0,1,W0155,1,1,0.943418,0.056582
LogisticRegression,none,0,1,W0156,1,1,0.932906,0.067094
LogisticRegression,none,0,1,W0157,1,1,0.972209,0.027791
LogisticRegression,none,0,1,W0158,1,1,0.979533,0.020467
LogisticRegression,none,0,1,W0159,1,1,0.983309,0.016691
LogisticRegression,none,0,1,W0160,1,1,0.957426,0.042574
LogisticRegression,none,0,1,W0161,1,1,0.971645,0.028355
LogisticRegression,none,0,1,W0162,1,1,0.959583,0.040417
LogisticRegression,none,0,1,W0163,1,1,0.963599,0.036401
LogisticRegression,none,0,1,W0164,1,1,0.987050,0.012950
LogisticRegression,none,0,1,W0165,1,1,0.983051,0.016949
LogisticRegression,none,0,1,W0166,1,1,0.964666,0.035334
LogisticRegression,none,0,1,W0167,1,1,0.968914,0.031086
LogisticRegression,none,0,1,W0168,1,1,0.971445,0.028555
LogisticRegression,none,0,1,W0169,1,1,0.964059,0.035941
LogisticRegression,none,0,1,W0170,1,1,0.978029,0.021971
LogisticRegression,none,0,1,W0171,1,1,0.983300,0.016700
LogisticRegression,none,0,1,W0172,1,1,0.981350,0.018650
LogisticRegression,none,0,1,W0173,1,1,0.986422,0.013578
LogisticRegression,none,0,1,W0174,1,1,0.983108,0.016892
LogisticRegression,none,0,1,W0175,1,1,0.985252,0.014748
LogisticRegression,none,0,1,W0176,1,1,0.973500,0.026500
LogisticRegression,none,0,1,W0177,1,1,0.981349,0.018651
LogisticRegression,none,0,1,W0178,1,1,0.970760,0.029240
LogisticRegression,none,0,1,W0179,1,1,0.980817,0.019183
LogisticRegression,none,0,1,W0180,1,1,0.980692,0.019308
LogisticRegression,none,0,1,W0181,1,1,0.979135,0.020865
LogisticRegression,none,0,1,W0182,1,1,0.971144,0.028856
LogisticRegression,none,0,1,W0183,1,1,0.983074,0.016926
LogisticRegression,none,0,1,W0184,1,1,0.986568,0.013432
LogisticRegression,none,0,1,W0185,1,1,0.984715,0.015285
LogisticRegression,none,0,1,W0186,1,1,0.983925,0.016075
LogisticRegression,none,0,1,W0187,1,1,0.982502,0.017498
LogisticRegression,none,0,1,W0188,1,1,0.975294,0.024706
LogisticRegression,none,0,1,W0189,1,1,0.959018,0.040982
LogisticRegression,none,0,1,W0190,1,1,0.957085,0.042915
LogisticRegression,none,0,1,W0191,1,1,0.969713,0.030287
LogisticRegression,none,0,1,W0192,1,1,0.984375,0.015625
LogisticRegression,none,0,1,W0193,1,1,0.985398,0.014602
LogisticRegression,none,0,1,W0194,1,1,0.973287,0.026713
LogisticRegression,none,0,1,W0195,1,1,0.967901,0.032099
LogisticRegression,none,0,1,W0196,1,1,0.976139,0.023861
LogisticRegression,none,0,1,W0197,1,1,0.990709,0.009291
LogisticRegression,none,0,1,W0198,1,1,0.988350,0.011650
LogisticRegression,none,0,1,W0199,1,1,0.974620,0.025380
LogisticRegression,none,0,1,W0200,1,1,0.955849,0.044151
LogisticRegression,none,0,1,W0201,1,1,0.928647,0.071353
LogisticRegression,none,0,1,W0202,1,1,0.939572,0.060428
LogisticRegression,none,0,1,W0203,1,1,0.948838,0.051162
LogisticRegression,none,0,1,W0204,1,1,0.965035,0.034965
LogisticRegression,none,0,1,W0205,1,1,0.951442,0.048558
LogisticRegression,none,0,1,W0206,1,1,0.949461,0.050539
LogisticRegression,none,0,1,W0207,1,1,0.969579,0.030421
LogisticRegression,none,0,1,W0208,1,1,0.972579,0.027421
LogisticRegression,none,0,1,W0209,1,1,0.976676,0.023324
LogisticRegression,none,0,1,W0210,1,1,0.981771,0.018229
LogisticRegression,none,0,1,W0211,1,1,0.984575,0.015425
LogisticRegression,none,0,1,W0212,1,1,0.961852,0.038148
LogisticRegression,none,0,1,W0213,1,1,0.941594,0.058406
LogisticRegression,none,0,1,W0214,1,1,0.947268,0.052732
LogisticRegression,none,0,1,W0215,1,1,0.939854,0.060146
LogisticRegression,none,0,1,W0216,1,1,0.971788,0.028212
LogisticRegression,none,0,1,W0217,1,1,0.972909,0.027091
LogisticRegression,none,0,1,W0218,1,1,0.968533,0.031467
LogisticRegression,none,0,1,W0219,1,1,0.970529,0.029471
LogisticRegression,none,0,1,W0220,1,1,0.983534,0.016466
LogisticRegression,none,0,1,W0221,0,1,0.975293,0.024707
LogisticRegression,none,0,1,W0222,0,1,0.979418,0.020582
LogisticRegression,none,0,1,W0223,0,1,0.898916,0.101084
LogisticRegression,none,0,1,W0224,0,0,0.025952,0.974048
LogisticRegression,none,0,1,W0225,0,0,0.011887,0.988113
LogisticRegression,none,0,1,W0226,0,0,0.414212,0.585788
LogisticRegression,none,0,1,W0227,0,1,0.948952,0.051048
LogisticRegression,none,0,1,W0228,0,1,0.984542,0.015458
LogisticRegression,none,0,1,W0229,0,1,0.956728,0.043272
LogisticRegression,none,0,1,W0230,0,0,0.358783,0.641217
LogisticRegression,none,0,1,W0231,0,0,0.137047,0.862953
LogisticRegression,none,0,1,W0232,0,0,0.089048,0.910952
LogisticRegression,none,0,1,W0233,0,0,0.029677,0.970323
LogisticRegression,none,0,1,W0234,0,0,0.006056,0.993944
LogisticRegression,none,0,1,W0235,0,0,0.001823,0.998177
LogisticRegression,none,0,1,W0236,0,0,0.011612,0.988388
LogisticRegression,none,0,1,W0237,1,0,0.211732,0.788268
LogisticRegression,none,0,1,W0238,1,1,0.682757,0.317243
LogisticRegression,none,0,1,W0239,1,1,0.818678,0.181322
LogisticRegression,none,0,1,W0240,1,1,0.822696,0.177304
LogisticRegression,none,0,1,W0241,1,1,0.806714,0.193286
LogisticRegression,none,0,1,W0242,1,1,0.881932,0.118068
LogisticRegression,none,0,1,W0243,1,1,0.871497,0.128503
LogisticRegression,none,0,1,W0244,1,1,0.833935,0.166065
LogisticRegression,none,0,1,W0245,1,1,0.928972,0.071028
LogisticRegression,none,0,1,W0246,1,1,0.962511,0.037489
LogisticRegression,none,0,1,W0247,1,1,0.969888,0.030112
LogisticRegression,none,0,1,W0248,1,1,0.973343,0.026657
LogisticRegression,none,0,1,W0249,1,1,0.976799,0.023201
SVM_RBF,none,0,1,W0000,1,1,0.828103,0.171897
SVM_RBF,none,0,1,W0001,1,1,0.824035,0.175965
SVM_RBF,none,0,1,W0002,1,1,0.784471,0.215529
SVM_RBF,none,0,1,W0003,1,1,0.805670,0.194330
SVM_RBF,none,0,1,W0004,1,1,0.848551,0.151449
SVM_RBF,none,0,1,W0005,1,1,0.879702,0.120298
SVM_RBF,none,0,1,W0006,1,1,0.866563,0.133437
SVM_RBF,none,0,1,W0007,1,1,0.844011,0.155989
SVM_RBF,none,0,1,W0008,1,1,0.856096,0.143904
SVM_RBF,none,0,1,W0009,1,1,0.894435,0.105565
SVM_RBF,none,0,1,W0010,1,1,0.893568,0.106432
SVM_RBF,none,0,1,W0011,1,1,0.884118,0.115882
SVM_RBF,none,0,1,W0012,1,1,0.856553,0.143447
SVM_RBF,none,0,1,W0013,1,1,0.842641,0.157359
SVM_RBF,none,0,1,W0014,1,1,0.837700,0.162300
SVM_RBF,none,0,1,W0015,1,1,0.840700,0.159300
SVM_RBF,none,0,1,W0016,1,1,0.822022,0.177978
SVM_RBF,none,0,1,W0017,1,1,0.844113,0.155887
SVM_RBF,none,0,1,W0018,1,1,0.882470,0.117530
SVM_RBF,none,0,1,W0019,1,1,0.841512,0.158488
SVM_RBF,none,0,1,W0020,1,1,0.734414,0.265586
SVM_RBF,none,0,1,W0021,1,1,0.820928,0.179072
SVM_RBF,none,0,1,W0022,1,1,0.824190,0.175810
SVM_RBF,none,0,1,W0023,1,1,0.848161,0.151839
SVM_RBF,none,0,1,W0024,1,1,0.889020,0.110980
SVM_RBF,none,0,1,W0025,1,1,0.862206,0.137794
SVM_RBF,none,0,1,W0026,1,1,0.844867,0.155133
SVM_RBF,none,0,1,W0027,1,1,0.844650,0.155350
SVM_RBF,none,0,1,W0028,1,1,0.820397,0.179603
SVM_RBF,none,0,1,W0029,1,1,0.846829,0.153171
SVM_RBF,none,0,1,W0030,1,1,0.803600,0.196400
SVM_RBF,none,0,1,W0031,1,1,0.846391,0.153609
SVM_RBF,none,0,1,W0032,1,1,0.857641,0.142359
SVM_RBF,none,0,1,W0033,1,1,0.842675,0.157325
SVM_RBF,none,0,1,W0034,1,1,0.861404,0.138596
SVM_RBF,none,0,1,W0035,1,1,0.886770,0.113230
SVM_RBF,none,0,1,W0036,1,1,0.868032,0.131968
SVM_RBF,none,0,1,W0037,1,1,0.878301,0.121699
SVM_RBF,none,0,1,W0038,1,1,0.878186,0.121814
SVM_RBF,none,0,1,W0039,1,1,0.882888,0.117112
SVM_RBF,none,0,1,W0040,1,1,0.846991,0.153009
SVM_RBF,none,0,1,W0041,1,1,0.841244,0.158756
SVM_RBF,none,0,1,W0042,1,1,0.849356,0.150644
SVM_RBF,none,0,1,W0043,1,1,0.844725,0.155275
SVM_RBF,none,0,1,W0044,1,1,0.836668,0.163332
SVM_RBF,none,0,1,W0045,0,1,0.768098,0.231902
SVM_RBF,none,0,1,W0046,0,1,0.703980,0.296020
SVM_RBF,none,0,1,W0047,0,1,0.650607,0.349393
SVM_RBF,none,0,1,W0048,0,1,0.591688,0.408312
SVM_RBF,none,0,1,W0049,1,1,0.631810,0.368190
SVM_RBF,none,0,1,W0050,1,1,0.722020,0.277980
SVM_RBF,none,0,1,W0051,1,1,0.844007,0.155993
SVM_RBF,none,0,1,W0052,1,1,0.929612,0.070388
SVM_RBF,none,0,1,W0053,1,1,0.899472,0.100528
SVM_RBF,none,0,1,W0054,1,1,0.917086,0.082914
SVM_RBF,none,0,1,W0055,0,1,0.927096,0.072904
SVM_RBF,none,0,1,W0056,0,1,0.898114,0.101886
SVM_RBF,none,0,1,W0057,0,0,0.339262,0.660738
SVM_RBF,none,0,1,W0058,0,0,0.042523,0.957477
SVM_RBF,none,0,1,W0059,0,0,0.044318,0.955682
SVM_RBF,none,0,1,W0060,0,0,0.048844,0.951156
SVM_RBF,none,0,1,W0061,1,0,0.052527,0.947473
SVM_RBF,none,0,1,W0062,1,0,0.377955,0.622045
SVM_RBF,none,0,1,W0063,1,1,0.873672,0.126328
SVM_RBF,none,0,1,W0064,1,1,0.897970,0.102030
SVM_RBF,none,0,1,W0065,1,1,0.877762,0.122238
SVM_RBF,none,0,1,W0066,1,1,0.888976,0.111024
SVM_RBF,none,0,1,W0067,1,1,0.903193,0.096807
SVM_RBF,none,0,1,W0068,1,1,0.881695,0.118305
SVM_RBF,none,0,1,W0069,1,1,0.840408,0.159592
SVM_RBF,none,0,1,W0070,1,1,0.797173,0.202827
SVM_RBF,none,0,1,W0071,1,1,0.857418,0.142582
SVM_RBF,none,0,1,W0072,1,1,0.872035,0.127965
SVM_RBF,none,0,1,W0073,1,1,0.868742,0.131258
SVM_RBF,none,0,1,W0074,1,1,0.890804,0.109196
SVM_RBF,none,0,1,W0075,1,1,0.890462,0.109538
SVM_RBF,none,0,1,W0076,1,1,0.884536,0.115464
SVM_RBF,none,0,1,W0077,1,1,0.918229,0.081771
SVM_RBF,none,0,1,W0078,1,1,0.924801,0.075199
SVM_RBF,none,0,1,W0079,1,1,0.935395,0.064605
SVM_RBF,none,0,1,W0080,1,1,0.912831,0.087169
SVM_RBF,none,0,1,W0081,1,1,0.877114,0.122886
SVM_RBF,none,0,1,W0082,1,1,0.871617,0.128383
SVM_RBF,none,0,1,W0083,1,1,0.885458,0.114542
SVM_RBF,none,0,1,W0084,1,1,0.894129,0.105871
SVM_RBF,none,0,1,W0085,1,1,0.886509,0.113491
SVM_RBF,none,0,1,W0086,1,1,0.881417,0.118583
SVM_RBF,none,0,1,W0087,1,1,0.871998,0.128002
SVM_RBF,none,0,1,W0088,1,1,0.879377,0.120623
SVM_RBF,none,0,1,W0089,1,1,0.915249,0.084751
SVM_RBF,none,0,1,W0090,1,1,0.910895,0.089105
SVM_RBF,none,0,1,W0091,1,1,0.935374,0.064626
SVM_RBF,none,0,1,W0092,1,1,0.920952,0.079048
SVM_RBF,none,0,1,W0093,1,1,0.900136,0.099864
SVM_RBF,none,0,1,W0094,1,1,0.860420,0.139580
SVM_RBF,none,0,1,W0095,1,1,0.829790,0.170210
SVM_RBF,none,0,1,W0096,1,1,0.848117,0.151883
SVM_RBF,none,0,1,W0097,1,1,0.872087,0.127913
SVM_RBF,none,0,1,W0098,1,1,0.887210,0.112790
SVM_RBF,none,0,1,W0099,1,1,0.896477,0.103523
SVM_RBF,none,0,1,W0100,1,1,0.899095,0.100905
SVM_RBF,none,0,1,W0101,1,1,0.896409,0.103591
SVM_RBF,none,0,1,W0102,1,1,0.885709,0.114291
SVM_RBF,none,0,1,W0103,1,1,0.914661,0.085339
SVM_RBF,none,0,1,W0104,1,1,0.938385,0.061615
SVM_RBF,none,0,1,W0105,1,1,0.935885,0.064115
SVM_RBF,none,0,1,W0106,1,1,0.910941,0.089059
SVM_RBF,none,0,1,W0107,1,1,0.826585,0.173415
SVM_RBF,none,0,1,W0108,1,1,0.813125,0.186875
SVM_RBF,none,0,1,W0109,1,1,0.827440,0.172560
SVM_RBF,none,0,1,W0110,1,1,0.851897,0.148103
SVM_RBF,none,0,1,W0111,1,1,0.870605,0.129395
SVM_RBF,none,0,1,W0112,1,1,0.893377,0.106623
SVM_RBF,none,0,1,W0113,1,1,0.914575,0.085425
SVM_RBF,none,0,1,W0114,1,1,0.911436,0.088564
SVM_RBF,none,0,1,W0115,1,1,0.899310,0.100690
SVM_RBF,none,0,1,W0116,1,1,0.919710,0.080290
SVM_RBF,none,0,1,W0117,1,1,0.939565,0.060435
SVM_RBF,none,0,1,W0118,1,1,0.931031,0.068969
SVM_RBF,none,0,1,W0119,1,1,0.892481,0.107519
SVM_RBF,none,0,1,W0120,1,1,0.884502,0.115498
SVM_RBF,none,0,1,W0121,1,1,0.849633,0.150367
SVM_RBF,none,0,1,W0122,1,1,0.864168,0.135832
SVM_RBF,none,0,1,W0123,1,1,0.892533,0.107467
SVM_RBF,none,0,1,W0124,1,1,0.894873,0.105127
SVM_RBF,none,0,1,W0125,1,1,0.887123,0.112877
SVM_RBF,none,0,1,W0126,1,1,0.916367,0.083633
SVM_RBF,none,0,1,W0127,1,1,0.896103,0.103897
SVM_RBF,none,0,1,W0128,1,1,0.923569,0.076431
SVM_RBF,none,0,1,W0129,1,1,0.917225,0.082775
SVM_RBF,none,0,1,W0130,1,1,0.928966,0.071034
SVM_RBF,none,0,1,W0131,1,1,0.852088,0.147912
SVM_RBF,none,0,1,W0132,1,1,0.819811,0.180189
SVM_RBF,none,0,1,W0133,1,1,0.859597,0.140403
SVM_RBF,none,0,1,W0134,1,1,0.831933,0.168067
SVM_RBF,none,0,1,W0135,1,1,0.878612,0.121388
SVM_RBF,none,0,1,W0136,1,1,0.895451,0.104549
SVM_RBF,none,0,1,W0137,1,1,0.902269,0.097731
SVM_RBF,none,0,1,W0138,1,1,0.913252,0.086748
SVM_RBF,none,0,1,W0139,1,1,0.918092,0.081908
SVM_RBF,none,0,1,W0140,1,1,0.934084,0.065916
SVM_RBF,none,0,1,W0141,1,1,0.919512,0.080488
SVM_RBF,none,0,1,W0142,1,1,0.922412,0.077588
SVM_RBF,none,0,1,W0143,1,1,0.889756,0.110244
SVM_RBF,none,0,1,W0144,1,1,0.883663,0.116337
SVM_RBF,none,0,1,W0145,1,1,0.883772,0.116228
SVM_RBF,none,0,1,W0146,1,1,0.875095,0.124905
SVM_RBF,none,0,1,W0147,1,1,0.890956,0.109044
SVM_RBF,none,0,1,W0148,1,1,0.888893,0.111107
SVM_RBF,none,0,1,W0149,1,1,0.916415,0.083585
SVM_RBF,none,0,1,W0150,1,1,0.914811,0.085189
SVM_RBF,none,0,1,W0151,1,1,0.913575,0.086425
SVM_RBF,none,0,1,W0152,1,1,0.938992,0.061008
SVM_RBF,none,0,1,W0153,1,1,0.902061,0.097939
SVM_RBF,none,0,1,W0154,1,1,0.911608,0.088392
SVM_RBF,none,0,1,W0155,1,1,0.881323,0.118677
SVM_RBF,none,0,1,W0156,1,1,0.861959,0.138041
SVM_RBF,none,0,1,W0157,1,1,0.883324,0.116676
SVM_RBF,none,0,1,W0158,1,1,0.869975,0.130025
SVM_RBF,none,0,1,W0159,1,1,0.880976,0.119024
SVM_RBF,none,0,1,W0160,1,1,0.897969,0.102031
SVM_RBF,none,0,1,W0161,1,1,0.915692,0.084308
SVM_RBF,none,0,1,W0162,1,1,0.927943,0.072057
SVM_RBF,none,0,1,W0163,1,1,0.922566,0.077434
SVM_RBF,none,0,1,W0164,1,1,0.920694,0.079306
SVM_RBF,none,0,1,W0165,1,1,0.917669,0.082331
SVM_RBF,none,0,1,W0166,1,1,0.913002,0.086998
SVM_RBF,none,0,1,W0167,1,1,0.932920,0.067080
SVM_RBF,none,0,1,W0168,1,1,0.898672,0.101328
SVM_RBF,none,0,1,W0169,1,1,0.905500,0.094500
SVM_RBF,none,0,1,W0170,1,1,0.880092,0.119908
SVM_RBF,none,0,1,W0171,1,1,0.893953,0.106047
SVM_RBF,none,0,1,W0172,1,1,0.893682,0.106318
SVM_RBF,none,0,1,W0173,1,1,0.925999,0.074001
SVM_RBF,none,0,1,W0174,1,1,0.927101,0.072899
SVM_RBF,none,0,1,W0175,1,1,0.913953,0.086047
SVM_RBF,none,0,1,W0176,1,1,0.908525,0.091475
SVM_RBF,none,0,1,W0177,1,1,0.905880,0.094120
SVM_RBF,none,0,1,W0178,1,1,0.891897,0.108103
SVM_RBF,none,0,1,W0179,1,1,0.908111,0.091889
SVM_RBF,none,0,1,W0180,1,1,0.904197,0.095803
SVM_RBF,none,0,1,W0181,1,1,0.931379,0.068621
SVM_RBF,none,0,1,W0182,1,1,0.930662,0.069338
SVM_RBF,none,0,1,W0183,1,1,0.933509,0.066491
SVM_RBF,none,0,1,W0184,1,1,0.934674,0.065326
SVM_RBF,none,0,1,W0185,1,1,0.941497,0.058503
SVM_RBF,none,0,1,W0186,1,1,0.914717,0.085283
SVM_RBF,none,0,1,W0187,1,1,0.923321,0.076679
SVM_RBF,none,0,1,W0188,1,1,0.917422,0.082578
SVM_RBF,none,0,1,W0189,1,1,0.902485,0.097515
SVM_RBF,none,0,1,W0190,1,1,0.924494,0.075506
SVM_RBF,none,0,1,W0191,1,1,0.905453,0.094547
SVM_RBF,none,0,1,W0192,1,1,0.917432,0.082568
SVM_RBF,none,0,1,W0193,1,1,0.918253,0.081747
SVM_RBF,none,0,1,W0194,1,1,0.913885,0.086115
SVM_RBF,none,0,1,W0195,1,1,0.936899,0.063101
SVM_RBF,none,0,1,W0196,1,1,0.926279,0.073721
SVM_RBF,none,0,1,W0197,1,1,0.935811,0.064189
SVM_RBF,none,0,1,W0198,1,1,0.934321,0.065679
SVM_RBF,none,0,1,W0199,1,1,0.938145,0.061855
SVM_RBF,none,0,1,W0200,1,1,0.899979,0.100021
SVM_RBF,none,0,1,W0201,1,1,0.894853,0.105147
SVM_RBF,none,0,1,W0202,1,1,0.897748,0.102252
SVM_RBF,none,0,1,W0203,1,1,0.905006,0.094994
SVM_RBF,none,0,1,W0204,1,1,0.903635,0.096365
SVM_RBF,none,0,1,W0205,1,1,0.912907,0.087093
SVM_RBF,none,0,1,W0206,1,1,0.920977,0.079023
SVM_RBF,none,0,1,W0207,1,1,0.937473,0.062527
SVM_RBF,none,0,1,W0208,1,1,0.933398,0.066602
SVM_RBF,none,0,1,W0209,1,1,0.931169,0.068831
SVM_RBF,none,0,1,W0210,1,1,0.930548,0.069452
SVM_RBF,none,0,1,W0211,1,1,0.936433,0.063567
SVM_RBF,none,0,1,W0212,1,1,0.928765,0.071235
SVM_RBF,none,0,1,W0213,1,1,0.911679,0.088321
SVM_RBF,none,0,1,W0214,1,1,0.912403,0.087597
SVM_RBF,none,0,1,W0215,1,1,0.907809,0.092191
SVM_RBF,none,0,1,W0216,1,1,0.931032,0.068968
SVM_RBF,none,0,1,W0217,1,1,0.921677,0.078323
SVM_RBF,none,0,1,W0218,1,1,0.927318,0.072682
SVM_RBF,none,0,1,W0219,1,1,0.937113,0.062887
SVM_RBF,none,0,1,W0220,1,1,0.939685,0.060315
SVM_RBF,none,0,1,W0221,0,1,0.934808,0.065192
SVM_RBF,none,0,1,W0222,0,1,0.923698,0.076302
SVM_RBF,none,0,1,W0223,0,0,0.241530,0.758470
SVM_RBF,none,0,1,W0224,0,0,0.091258,0.908742
SVM_RBF,none,0,1,W0225,0,0,0.114075,0.885925
SVM_RBF,none,0,1,W0226,0,0,0.127726,0.872274
SVM_RBF,none,0,1,W0227,0,0,0.149269,0.850731
SVM_RBF,none,0,1,W0228,0,0,0.193032,0.806968
SVM_RBF,none,0,1,W0229,0,0,0.239951,0.760049
SVM_RBF,none,0,1,W0230,0,0,0.163063,0.836937
SVM_RBF,none,0,1,W0231,0,0,0.122895,0.877105
SVM_RBF,none,0,1,W0232,0,0,0.126208,0.873792
SVM_RBF,none,0,1,W0233,0,0,0.162802,0.837198
SVM_RBF,none,0,1,W0234,0,0,0.105393,0.894607
SVM_RBF,none,0,1,W0235,0,0,0.103370,0.896630
SVM_RBF,none,0,1,W0236,0,0,0.179382,0.820618
SVM_RBF,none,0,1,W0237,1,0,0.313032,0.686968
SVM_RBF,none,0,1,W0238,1,0,0.363858,0.636142
SVM_RBF,none,0,1,W0239,1,0,0.376961,0.623039
SVM_RBF,none,0,1,W0240,1,0,0.399815,0.600185
SVM_RBF,none,0,1,W0241,1,0,0.397658,0.602342
SVM_RBF,none,0,1,W0242,1,0,0.392637,0.607363
SVM_RBF,none,0,1,W0243,1,0,0.406069,0.593931
SVM_RBF,none,0,1,W0244,1,0,0.395853,0.604147
SVM_RBF,none,0,1,W0245,1,0,0.419853,0.580147
SVM_RBF,none,0,1,W0246,1,0,0.432269,0.567731
SVM_RBF,none,0,1,W0247,1,0,0.424297,0.575703
SVM_RBF,none,0,1,W0248,1,0,0.443203,0.556797
SVM_RBF,none,0,1,W0249,1,0,0.451473,0.548527
RandomForest,none,0,1,W0000,1,1,0.876740,0.123260
RandomForest,none,0,1,W0001,1,1,0.861247,0.138753
RandomForest,none,0,1,W0002,1,1,0.751001,0.248999
RandomForest,none,0,1,W0003,1,1,0.755680,0.244320
RandomForest,none,0,1,W0004,1,1,0.784519,0.215481
RandomForest,none,0,1,W0005,1,1,0.822430,0.177570
RandomForest,none,0,1,W0006,1,1,0.819532,0.180468
RandomForest,none,0,1,W0007,1,1,0.818880,0.181120
RandomForest,none,0,1,W0008,1,1,0.838883,0.161117
RandomForest,none,0,1,W0009,1,1,0.874711,0.125289
RandomForest,none,0,1,W0010,1,1,0.880827,0.119173
RandomForest,none,0,1,W0011,1,1,0.886567,0.113433
RandomForest,none,0,1,W0012,1,1,0.852349,0.147651
RandomForest,none,0,1,W0013,1,1,0.810279,0.189721
RandomForest,none,0,1,W0014,1,1,0.836680,0.163320
RandomForest,none,0,1,W0015,1,1,0.849701,0.150299
RandomForest,none,0,1,W0016,1,1,0.844944,0.155056
RandomForest,none,0,1,W0017,1,1,0.841058,0.158942
RandomForest,none,0,1,W0018,1,1,0.875633,0.124367
RandomForest,none,0,1,W0019,1,1,0.840159,0.159841
RandomForest,none,0,1,W0020,1,1,0.759527,0.240473
RandomForest,none,0,1,W0021,1,1,0.767902,0.232098
RandomForest,none,0,1,W0022,1,1,0.685530,0.314470
RandomForest,none,0,1,W0023,1,1,0.665360,0.334640
RandomForest,none,0,1,W0024,1,1,0.863072,0.136928
RandomForest,none,0,1,W0025,1,1,0.872790,0.127210
RandomForest,none,0,1,W0026,1,1,0.839346,0.160654
RandomForest,none,0,1,W0027,1,1,0.863403,0.136597
RandomForest,none,0,1,W0028,1,1,0.800151,0.199849
RandomForest,none,0,1,W0029,1,1,0.789773,0.210227
RandomForest,none,0,1,W0030,1,1,0.772316,0.227684
RandomForest,none,0,1,W0031,1,1,0.745717,0.254283
RandomForest,none,0,1,W0032,1,1,0.794614,0.205386
RandomForest,none,0,1,W0033,1,1,0.702966,0.297034
RandomForest,none,0,1,W0034,1,1,0.830928,0.169072
RandomForest,none,0,1,W0035,1,1,0.857864,0.142136
RandomForest,none,0,1,W0036,1,1,0.826544,0.173456
RandomForest,none,0,1,W0037,1,1,0.844133,0.155867
RandomForest,none,0,1,W0038,1,1,0.845295,0.154705
RandomForest,none,0,1,W0039,1,1,0.842952,0.157048
RandomForest,none,0,1,W0040,1,1,0.891021,0.108979
RandomForest,none,0,1,W0041,1,1,0.866180,0.133820
RandomForest,none,0,1,W0042,1,1,0.813574,0.186426
RandomForest,none,0,1,W0043,1,1,0.811496,0.188504
RandomForest,none,0,1,W0044,1,1,0.837152,0.162848
RandomForest,none,0,1,W0045,0,1,0.729439,0.270561
RandomForest,none,0,1,W0046,0,1,0.668695,0.331305
RandomForest,none,0,1,W0047,0,1,0.661240,0.338760
RandomForest,none,0,1,W0048,0,1,0.686339,0.313661
RandomForest,none,0,1,W0049,1,1,0.706559,0.293441
RandomForest,none,0,1,W0050,1,1,0.732473,0.267527
RandomForest,none,0,1,W0051,1,1,0.802833,0.197167
RandomForest,none,0,1,W0052,1,1,0.843035,0.156965
RandomForest,none,0,1,W0053,1,1,0.840741,0.159259
RandomForest,none,0,1,W0054,1,1,0.885717,0.114283
RandomForest,none,0,1,W0055,0,1,0.919201,0.080799
RandomForest,none,0,1,W0056,0,1,0.756170,0.243830
RandomForest,none,0,1,W0057,0,0,0.152330,0.847670
RandomForest,none,0,1,W0058,0,0,0.066538,0.933462
RandomForest,none,0,1,W0059,0,0,0.106757,0.893243
RandomForest,none,0,1,W0060,0,0,0.114433,0.885567
RandomForest,none,0,1,W0061,1,0,0.118397,0.881603
RandomForest,none,0,1,W0062,1,0,0.085733,0.914267
RandomForest,none,0,1,W0063,1,1,0.737208,0.262792
RandomForest,none,0,1,W0064,1,1,0.871356,0.128644
RandomForest,none,0,1,W0065,1,1,0.782430,0.217570
RandomForest,none,0,1,W0066,1,1,0.832024,0.167976
RandomForest,none,0,1,W0067,1,1,0.790667,0.209333
RandomForest,none,0,1,W0068,1,1,0.740981,0.259019
RandomForest,none,0,1,W0069,1,1,0.755917,0.244083
RandomForest,none,0,1,W0070,1,1,0.683662,0.316338
RandomForest,none,0,1,W0071,1,1,0.901819,0.098181
RandomForest,none,0,1,W0072,1,1,0.860591,0.139409
RandomForest,none,0,1,W0073,1,1,0.831157,0.168843
RandomForest,none,0,1,W0074,1,1,0.879189,0.120811
RandomForest,none,0,1,W0075,1,1,0.945266,0.054734
RandomForest,none,0,1,W0076,1,1,0.845424,0.154576
RandomForest,none,0,1,W0077,1,1,0.947753,0.052247
RandomForest,none,0,1,W0078,1,1,0.962578,0.037422
RandomForest,none,0,1,W0079,1,1,0.964567,0.035433
RandomForest,none,0,1,W0080,1,1,0.894060,0.105940
RandomForest,none,0,1,W0081,1,1,0.878275,0.121725
RandomForest,none,0,1,W0082,1,1,0.887240,0.112760
RandomForest,none,0,1,W0083,1,1,0.886233,0.113767
RandomForest,none,0,1,W0084,1,1,0.947216,0.052784
RandomForest,none,0,1,W0085,1,1,0.878549,0.121451
RandomForest,none,0,1,W0086,1,1,0.858808,0.141192
RandomForest,none,0,1,W0087,1,1,0.844672,0.155328
RandomForest,none,0,1,W0088,1,1,0.864683,0.135317
RandomForest,none,0,1,W0089,1,1,0.946984,0.053016
RandomForest,none,0,1,W0090,1,1,0.946875,0.053125
RandomForest,none,0,1,W0091,1,1,0.952700,0.047300
RandomForest,none,0,1,W0092,1,1,0.939759,0.060241
RandomForest,none,0,1,W0093,1,1,0.862974,0.137026
RandomForest,none,0,1,W0094,1,1,0.865160,0.134840
RandomForest,none,0,1,W0095,1,1,0.735942,0.264058
RandomForest,none,0,1,W0096,1,1,0.810412,0.189588
RandomForest,none,0,1,W0097,1,1,0.822396,0.177604
RandomForest,none,0,1,W0098,1,1,0.824562,0.175438
RandomForest,none,0,1,W0099,1,1,0.826670,0.173330
RandomForest,none,0,1,W0100,1,1,0.899559,0.100441
RandomForest,none,0,1,W0101,1,1,0.844724,0.155276
RandomForest,none,0,1,W0102,1,1,0.832349,0.167651
RandomForest,none,0,1,W0103,1,1,0.944509,0.055491
RandomForest,none,0,1,W0104,1,1,0.949455,0.050545
RandomForest,none,0,1,W0105,1,1,0.948937,0.051063
RandomForest,none,0,1,W0106,1,1,0.934707,0.065293
RandomForest,none,0,1,W0107,1,1,0.678622,0.321378
RandomForest,none,0,1,W0108,1,1,0.695839,0.304161
RandomForest,none,0,1,W0109,1,1,0.716682,0.283318
RandomForest,none,0,1,W0110,1,1,0.777401,0.222599
RandomForest,none,0,1,W0111,1,1,0.809127,0.190873
RandomForest,none,0,1,W0112,1,1,0.795095,0.204905
RandomForest,none,0,1,W0113,1,1,0.920901,0.079099
RandomForest,none,0,1,W0114,1,1,0.943865,0.056135
RandomForest,none,0,1,W0115,1,1,0.835815,0.164185
RandomForest,none,0,1,W0116,1,1,0.956679,0.043321
RandomForest,none,0,1,W0117,1,1,0.961160,0.038840
RandomForest,none,0,1,W0118,1,1,0.956679,0.043321
RandomForest,none,0,1,W0119,1,1,0.934167,0.065833
RandomForest,none,0,1,W0120,1,1,0.886678,0.113322
RandomForest,none,0,1,W0121,1,1,0.845125,0.154875
RandomForest,none,0,1,W0122,1,1,0.884374,0.115626
RandomForest,none,0,1,W0123,1,1,0.889219,0.110781
RandomForest,none,0,1,W0124,1,1,0.888379,0.111621
RandomForest,none,0,1,W0125,1,1,0.938970,0.061030
RandomForest,none,0,1,W0126,1,1,0.953346,0.046654
RandomForest,none,0,1,W0127,1,1,0.949047,0.050953
RandomForest,none,0,1,W0128,1,1,0.960086,0.039914
RandomForest,none,0,1,W0129,1,1,0.960086,0.039914
RandomForest,none,0,1,W0130,1,1,0.956679,0.043321
RandomForest,none,0,1,W0131,1,1,0.795431,0.204569
RandomForest,none,0,1,W0132,1,1,0.734117,0.265883
RandomForest,none,0,1,W0133,1,1,0.821912,0.178088
RandomForest,none,0,1,W0134,1,1,0.834492,0.165508
RandomForest,none,0,1,W0135,1,1,0.809139,0.190861
RandomForest,none,0,1,W0136,1,1,0.872277,0.127723
RandomForest,none,0,1,W0137,1,1,0.946034,0.053966
RandomForest,none,0,1,W0138,1,1,0.952504,0.047496
RandomForest,none,0,1,W0139,1,1,0.957684,0.042316
RandomForest,none,0,1,W0140,1,1,0.949673,0.050327
RandomForest,none,0,1,W0141,1,1,0.872503,0.127497
RandomForest,none,0,1,W0142,1,1,0.940174,0.059826
RandomForest,none,0,1,W0143,1,1,0.894155,0.105845
RandomForest,none,0,1,W0144,1,1,0.894566,0.105434
RandomForest,none,0,1,W0145,1,1,0.883950,0.116050
RandomForest,none,0,1,W0146,1,1,0.902272,0.097728
RandomForest,none,0,1,W0147,1,1,0.902931,0.097069
RandomForest,none,0,1,W0148,1,1,0.894064,0.105936
RandomForest,none,0,1,W0149,1,1,0.953170,0.046830
RandomForest,none,0,1,W0150,1,1,0.905661,0.094339
RandomForest,none,0,1,W0151,1,1,0.938598,0.061402
RandomForest,none,0,1,W0152,1,1,0.962076,0.037924
RandomForest,none,0,1,W0153,1,1,0.897897,0.102103
RandomForest,none,0,1,W0154,1,1,0.901373,0.098627
RandomForest,none,0,1,W0155,1,1,0.892883,0.107117
RandomForest,none,0,1,W0156,1,1,0.885836,0.114164
RandomForest,none,0,1,W0157,1,1,0.899310,0.100690
RandomForest,none,0,1,W0158,1,1,0.880787,0.119213
RandomForest,none,0,1,W0159,1,1,0.879904,0.120096
RandomForest,none,0,1,W0160,1,1,0.887684,0.112316
RandomForest,none,0,1,W0161,1,1,0.942233,0.057767
RandomForest,none,0,1,W0162,1,1,0.958308,0.041692
RandomForest,none,0,1,W0163,1,1,0.958669,0.041331
RandomForest,none,0,1,W0164,1,1,0.946144,0.053856
RandomForest,none,0,1,W0165,1,1,0.945869,0.054131
RandomForest,none,0,1,W0166,1,1,0.944382,0.055618
RandomForest,none,0,1,W0167,1,1,0.962578,0.037422
RandomForest,none,0,1,W0168,1,1,0.889341,0.110659
RandomForest,none,0,1,W0169,1,1,0.884480,0.115520
RandomForest,none,0,1,W0170,1,1,0.931627,0.068373
RandomForest,none,0,1,W0171,1,1,0.959085,0.040915
RandomForest,none,0,1,W0172,1,1,0.954032,0.045968
RandomForest,none,0,1,W0173,1,1,0.964567,0.035433
RandomForest,none,0,1,W0174,1,1,0.952129,0.047871
RandomForest,none,0,1,W0175,1,1,0.885138,0.114862
RandomForest,none,0,1,W0176,1,1,0.947216,0.052784
RandomForest,none,0,1,W0177,1,1,0.900121,0.099879
RandomForest,none,0,1,W0178,1,1,0.891661,0.108339
RandomForest,none,0,1,W0179,1,1,0.892147,0.107853
RandomForest,none,0,1,W0180,1,1,0.890439,0.109561
RandomForest,none,0,1,W0181,1,1,0.956450,0.043550
RandomForest,none,0,1,W0182,1,1,0.951054,0.048946
RandomForest,none,0,1,W0183,1,1,0.955764,0.044236
RandomForest,none,0,1,W0184,1,1,0.955764,0.044236
RandomForest,none,0,1,W0185,1,1,0.949367,0.050633
RandomForest,none,0,1,W0186,1,1,0.917389,0.082611
RandomForest,none,0,1,W0187,1,1,0.957181,0.042819
RandomForest,none,0,1,W0188,1,1,0.956175,0.043825
RandomForest,none,0,1,W0189,1,1,0.934765,0.065235
RandomForest,none,0,1,W0190,1,1,0.964567,0.035433
RandomForest,none,0,1,W0191,1,1,0.911894,0.088106
RandomForest,none,0,1,W0192,1,1,0.949047,0.050953
RandomForest,none,0,1,W0193,1,1,0.956022,0.043978
RandomForest,none,0,1,W0194,1,1,0.890651,0.109349
RandomForest,none,0,1,W0195,1,1,0.958097,0.041903
RandomForest,none,0,1,W0196,1,1,0.955101,0.044899
RandomForest,none,0,1,W0197,1,1,0.962076,0.037924
RandomForest,none,0,1,W0198,1,1,0.962578,0.037422
RandomForest,none,0,1,W0199,1,1,0.961160,0.038840
RandomForest,none,0,1,W0200,1,1,0.879868,0.120132
RandomForest,none,0,1,W0201,1,1,0.963080,0.036920
RandomForest,none,0,1,W0202,1,1,0.933815,0.066185
RandomForest,none,0,1,W0203,1,1,0.943359,0.056641
RandomForest,none,0,1,W0204,1,1,0.933741,0.066259
RandomForest,none,0,1,W0205,1,1,0.953117,0.046883
RandomForest,none,0,1,W0206,1,1,0.952471,0.047529
RandomForest,none,0,1,W0207,1,1,0.957181,0.042819
RandomForest,none,0,1,W0208,1,1,0.961160,0.038840
RandomForest,none,0,1,W0209,1,1,0.965139,0.034861
RandomForest,none,0,1,W0210,1,1,0.959816,0.040184
RandomForest,none,0,1,W0211,1,1,0.961160,0.038840
RandomForest,none,0,1,W0212,1,1,0.958811,0.041189
RandomForest,none,0,1,W0213,1,1,0.953614,0.046386
RandomForest,none,0,1,W0214,1,1,0.955891,0.044109
RandomForest,none,0,1,W0215,1,1,0.962076,0.037924
RandomForest,none,0,1,W0216,1,1,0.962076,0.037924
RandomForest,none,0,1,W0217,1,1,0.962076,0.037924
RandomForest,none,0,1,W0218,1,1,0.962076,0.037924
RandomForest,none,0,1,W0219,1,1,0.964567,0.035433
RandomForest,none,0,1,W0220,1,1,0.964567,0.035433
RandomForest,none,0,1,W0221,0,1,0.960658,0.039342
RandomForest,none,0,1,W0222,0,1,0.922435,0.077565
RandomForest,none,0,1,W0223,0,0,0.074046,0.925954
RandomForest,none,0,1,W0224,0,0,0.106492,0.893508
RandomForest,none,0,1,W0225,0,0,0.021960,0.978040
RandomForest,none,0,1,W0226,0,0,0.127099,0.872901
RandomForest,none,0,1,W0227,0,0,0.399716,0.600284
RandomForest,none,0,1,W0228,0,0,0.354315,0.645685
RandomForest,none,0,1,W0229,0,0,0.141381,0.858619
RandomForest,none,0,1,W0230,0,0,0.045013,0.954987
RandomForest,none,0,1,W0231,0,0,0.027103,0.972897
RandomForest,none,0,1,W0232,0,0,0.069380,0.930620
RandomForest,none,0,1,W0233,0,0,0.085770,0.914230
RandomForest,none,0,1,W0234,0,0,0.133196,0.866804
RandomForest,none,0,1,W0235,0,0,0.059948,0.940052
RandomForest,none,0,1,W0236,0,0,0.070195,0.929805
RandomForest,none,0,1,W0237,1,0,0.385106,0.614894
RandomForest,none,0,1,W0238,1,0,0.470763,0.529237
RandomForest,none,0,1,W0239,1,1,0.574181,0.425819
RandomForest,none,0,1,W0240,1,1,0.578126,0.421874
RandomForest,none,0,1,W0241,1,1,0.685042,0.314958
RandomForest,none,0,1,W0242,1,1,0.747396,0.252604
RandomForest,none,0,1,W0243,1,1,0.741252,0.258748
RandomForest,none,0,1,W0244,1,1,0.705447,0.294553
RandomForest,none,0,1,W0245,1,1,0.832655,0.167345
RandomForest,none,0,1,W0246,1,1,0.810872,0.189128
RandomForest,none,0,1,W0247,1,1,0.805543,0.194457
RandomForest,none,0,1,W0248,1,1,0.810487,0.189513
RandomForest,none,0,1,W0249,1,1,0.898345,0.101655
XGBoost,none,0,1,W0000,1,1,0.972915,0.027085
XGBoost,none,0,1,W0001,1,1,0.884314,0.115686
XGBoost,none,0,1,W0002,1,1,0.758993,0.241007
XGBoost,none,0,1,W0003,1,1,0.656920,0.343080
XGBoost,none,0,1,W0004,1,1,0.931824,0.068176
XGBoost,none,0,1,W0005,1,1,0.786439,0.213561
XGBoost,none,0,1,W0006,1,1,0.833806,0.166194
XGBoost,none,0,1,W0007,1,1,0.899567,0.100433
XGBoost,none,0,1,W0008,1,1,0.886323,0.113677
XGBoost,none,0,1,W0009,1,1,0.965854,0.034146
XGBoost,none,0,1,W0010,1,1,0.918058,0.081942
XGBoost,none,0,1,W0011,1,1,0.942184,0.057816
XGBoost,none,0,1,W0012,1,1,0.950764,0.049236
XGBoost,none,0,1,W0013,1,1,0.909811,0.090189
XGBoost,none,0,1,W0014,1,1,0.945274,0.054726
XGBoost,none,0,1,W0015,1,1,0.958757,0.041243
XGBoost,none,0,1,W0016,1,1,0.931980,0.068020
XGBoost,none,0,1,W0017,1,1,0.943235,0.056765
XGBoost,none,0,1,W0018,1,1,0.954473,0.045527
XGBoost,none,0,1,W0019,1,1,0.812485,0.187515
XGBoost,none,0,1,W0020,1,0,0.382183,0.617818
XGBoost,none,0,1,W0021,1,1,0.574262,0.425738
XGBoost,none,0,1,W0022,1,1,0.659713,0.340287
XGBoost,none,0,1,W0023,1,1,0.585644,0.414356
XGBoost,none,0,1,W0024,1,1,0.963742,0.036258
XGBoost,none,0,1,W0025,1,1,0.941390,0.058610
XGBoost,none,0,1,W0026,1,1,0.931394,0.068606
XGBoost,none,0,1,W0027,1,1,0.951817,0.048183
XGBoost,none,0,1,W0028,1,1,0.964719,0.035281
XGBoost,none,0,1,W0029,1,1,0.965710,0.034290
XGBoost,none,0,1,W0030,1,1,0.923761,0.076239
XGBoost,none,0,1,W0031,1,1,0.866014,0.133986
XGBoost,none,0,1,W0032,1,1,0.806785,0.193215
XGBoost,none,0,1,W0033,1,1,0.607995,0.392005
XGBoost,none,0,1,W0034,1,1,0.942369,0.057631
XGBoost,none,0,1,W0035,1,1,0.855595,0.144405
XGBoost,none,0,1,W0036,1,1,0.921242,0.078758
XGBoost,none,0,1,W0037,1,1,0.932528,0.067472
XGBoost,none,0,1,W0038,1,1,0.901029,0.098971
XGBoost,none,0,1,W0039,1,1,0.968003,0.031997
XGBoost,none,0,1,W0040,1,1,0.956416,0.043584
XGBoost,none,0,1,W0041,1,1,0.905731,0.094269
XGBoost,none,0,1,W0042,1,1,0.950420,0.049580
XGBoost,none,0,1,W0043,1,1,0.959000,0.041000
XGBoost,none,0,1,W0044,1,1,0.932923,0.067077
XGBoost,none,0,1,W0045,0,1,0.712446,0.287554
XGBoost,none,0,1,W0046,0,1,0.803572,0.196428
XGBoost,none,0,1,W0047,0,1,0.785900,0.214100
XGBoost,none,0,1,W0048,0,0,0.338000,0.662000
XGBoost,none,0,1,W0049,1,1,0.950100,0.049900
XGBoost,none,0,1,W0050,1,1,0.938132,0.061868
XGBoost,none,0,1,W0051,1,1,0.979597,0.020403
XGBoost,none,0,1,W0052,1,1,0.985474,0.014526
XGBoost,none,0,1,W0053,1,1,0.893244,0.106756
XGBoost,none,0,1,W0054,1,1,0.930773,0.069227
XGBoost,none,0,1,W0055,0,1,0.979754,0.020246
XGBoost,none,0,1,W0056,0,1,0.817195,0.182805
XGBoost,none,0,1,W0057,0,0,0.019169,0.980831
XGBoost,none,0,1,W0058,0,0,0.004238,0.995762
XGBoost,none,0,1,W0059,0,0,0.006390,0.993610
XGBoost,none,0,1,W0060,0,0,0.010924,0.989076
XGBoost,none,0,1,W0061,1,0,0.010569,0.989431
XGBoost,none,0,1,W0062,1,0,0.004050,0.995950
XGBoost,none,0,1,W0063,1,1,0.541742,0.458258
XGBoost,none,0,1,W0064,1,1,0.977718,0.022282
XGBoost,none,0,1,W0065,1,1,0.909677,0.090323
XGBoost,none,0,1,W0066,1,1,0.976323,0.023677
XGBoost,none,0,1,W0067,1,1,0.942485,0.057515
XGBoost,none,0,1,W0068,1,1,0.895603,0.104397
XGBoost,none,0,1,W0069,1,1,0.796631,0.203369
XGBoost,none,0,1,W0070,1,1,0.640027,0.359973
XGBoost,none,0,1,W0071,1,1,0.947320,0.052680
XGBoost,none,0,1,W0072,1,1,0.878182,0.121818
XGBoost,none,0,1,W0073,1,1,0.912323,0.087677
XGBoost,none,0,1,W0074,1,1,0.932780,0.067220
XGBoost,none,0,1,W0075,1,1,0.986819,0.013181
XGBoost,none,0,1,W0076,1,1,0.879566,0.120434
XGBoost,none,0,1,W0077,1,1,0.991677,0.008323
XGBoost,none,0,1,W0078,1,1,0.998451,0.001549
XGBoost,none,0,1,W0079,1,1,0.999238,0.000762
XGBoost,none,0,1,W0080,1,1,0.998177,0.001823
XGBoost,none,0,1,W0081,1,1,0.992799,0.007201
XGBoost,none,0,1,W0082,1,1,0.996439,0.003561
XGBoost,none,0,1,W0083,1,1,0.990794,0.009206
XGBoost,none,0,1,W0084,1,1,0.994810,0.005190
XGBoost,none,0,1,W0085,1,1,0.980594,0.019406
XGBoost,none,0,1,W0086,1,1,0.946487,0.053513
XGBoost,none,0,1,W0087,1,1,0.937786,0.062214
XGBoost,none,0,1,W0088,1,1,0.935198,0.064802
XGBoost,none,0,1,W0089,1,1,0.995625,0.004375
XGBoost,none,0,1,W0090,1,1,0.996404,0.003596
XGBoost,none,0,1,W0091,1,1,0.997002,0.002998
XGBoost,none,0,1,W0092,1,1,0.998072,0.001928
XGBoost,none,0,1,W0093,1,1,0.981520,0.018480
XGBoost,none,0,1,W0094,1,1,0.989060,0.010940
XGBoost,none,0,1,W0095,1,1,0.849204,0.150796
XGBoost,none,0,1,W0096,1,1,0.896224,0.103776
XGBoost,none,0,1,W0097,1,1,0.950710,0.049290
XGBoost,none,0,1,W0098,1,1,0.975685,0.024315
XGBoost,none,0,1,W0099,1,1,0.974074,0.025926
XGBoost,none,0,1,W0100,1,1,0.973315,0.026685
XGBoost,none,0,1,W0101,1,1,0.986666,0.013334
XGBoost,none,0,1,W0102,1,1,0.986078,0.013922
XGBoost,none,0,1,W0103,1,1,0.989463,0.010537
XGBoost,none,0,1,W0104,1,1,0.998056,0.001944
XGBoost,none,0,1,W0105,1,1,0.995828,0.004172
XGBoost,none,0,1,W0106,1,1,0.998762,0.001238
XGBoost,none,0,1,W0107,1,1,0.887551,0.112449
XGBoost,none,0,1,W0108,1,1,0.736754,0.263246
XGBoost,none,0,1,W0109,1,1,0.597201,0.402799
XGBoost,none,0,1,W0110,1,1,0.888181,0.111819
XGBoost,none,0,1,W0111,1,1,0.963823,0.036177
XGBoost,none,0,1,W0112,1,1,0.922773,0.077227
XGBoost,none,0,1,W0113,1,1,0.983165,0.016835
XGBoost,none,0,1,W0114,1,1,0.990554,0.009446
XGBoost,none,0,1,W0115,1,1,0.975002,0.024998
XGBoost,none,0,1,W0116,1,1,0.996781,0.003219
XGBoost,none,0,1,W0117,1,1,0.998286,0.001714
XGBoost,none,0,1,W0118,1,1,0.997631,0.002369
XGBoost,none,0,1,W0119,1,1,0.997398,0.002602
XGBoost,none,0,1,W0120,1,1,0.982624,0.017376
XGBoost,none,0,1,W0121,1,1,0.900341,0.099659
XGBoost,none,0,1,W0122,1,1,0.989894,0.010106
XGBoost,none,0,1,W0123,1,1,0.983835,0.016165
XGBoost,none,0,1,W0124,1,1,0.990940,0.009060
XGBoost,none,0,1,W0125,1,1,0.974916,0.025084
XGBoost,none,0,1,W0126,1,1,0.992773,0.007227
XGBoost,none,0,1,W0127,1,1,0.997214,0.002786
XGBoost,none,0,1,W0128,1,1,0.998271,0.001729
XGBoost,none,0,1,W0129,1,1,0.998402,0.001598
XGBoost,none,0,1,W0130,1,1,0.996328,0.003672
XGBoost,none,0,1,W0131,1,1,0.881846,0.118154
XGBoost,none,0,1,W0132,1,0,0.369086,0.630913
XGBoost,none,0,1,W0133,1,1,0.874235,0.125765
XGBoost,none,0,1,W0134,1,1,0.990185,0.009815
XGBoost,none,0,1,W0135,1,1,0.960985,0.039015
XGBoost,none,0,1,W0136,1,1,0.984163,0.015837
XGBoost,none,0,1,W0137,1,1,0.979577,0.020423
XGBoost,none,0,1,W0138,1,1,0.997596,0.002404
XGBoost,none,0,1,W0139,1,1,0.996465,0.003535
XGBoost,none,0,1,W0140,1,1,0.997249,0.002751
XGBoost,none,0,1,W0141,1,1,0.989860,0.010140
XGBoost,none,0,1,W0142,1,1,0.992722,0.007278
XGBoost,none,0,1,W0143,1,1,0.987494,0.012506
XGBoost,none,0,1,W0144,1,1,0.977399,0.022601
XGBoost,none,0,1,W0145,1,1,0.986366,0.013634
XGBoost,none,0,1,W0146,1,1,0.988254,0.011746
XGBoost,none,0,1,W0147,1,1,0.993748,0.006252
XGBoost,none,0,1,W0148,1,1,0.958192,0.041808
XGBoost,none,0,1,W0149,1,1,0.991626,0.008374
XGBoost,none,0,1,W0150,1,1,0.994010,0.005990
XGBoost,none,0,1,W0151,1,1,0.996554,0.003446
XGBoost,none,0,1,W0152,1,1,0.998500,0.001500
XGBoost,none,0,1,W0153,1,1,0.998207,0.001793
XGBoost,none,0,1,W0154,1,1,0.997447,0.002553
XGBoost,none,0,1,W0155,1,1,0.990060,0.009940
XGBoost,none,0,1,W0156,1,1,0.953043,0.046957
XGBoost,none,0,1,W0157,1,1,0.977802,0.022198
XGBoost,none,0,1,W0158,1,1,0.984342,0.015658
XGBoost,none,0,1,W0159,1,1,0.995404,0.004596
XGBoost,none,0,1,W0160,1,1,0.980108,0.019892
XGBoost,none,0,1,W0161,1,1,0.997779,0.002221
XGBoost,none,0,1,W0162,1,1,0.999141,0.000859
XGBoost,none,0,1,W0163,1,1,0.998708,0.001292
XGBoost,none,0,1,W0164,1,1,0.993580,0.006420
XGBoost,none,0,1,W0165,1,1,0.994917,0.005083
XGBoost,none,0,1,W0166,1,1,0.991585,0.008415
XGBoost,none,0,1,W0167,1,1,0.996663,0.003337
XGBoost,none,0,1,W0168,1,1,0.996545,0.003455
XGBoost,none,0,1,W0169,1,1,0.994076,0.005924
XGBoost,none,0,1,W0170,1,1,0.997862,0.002138
XGBoost,none,0,1,W0171,1,1,0.998867,0.001133
XGBoost,none,0,1,W0172,1,1,0.999429,0.000571
XGBoost,none,0,1,W0173,1,1,0.999677,0.000323
XGBoost,none,0,1,W0174,1,1,0.999268,0.000732
XGBoost,none,0,1,W0175,1,1,0.995035,0.004965
XGBoost,none,0,1,W0176,1,1,0.996289,0.003711
XGBoost,none,0,1,W0177,1,1,0.995103,0.004897
XGBoost,none,0,1,W0178,1,1,0.978153,0.021847
XGBoost,none,0,1,W0179,1,1,0.986489,0.013511
XGBoost,none,0,1,W0180,1,1,0.993396,0.006604
XGBoost,none,0,1,W0181,1,1,0.997995,0.002005
XGBoost,none,0,1,W0182,1,1,0.998271,0.001729
XGBoost,none,0,1,W0183,1,1,0.999085,0.000915
XGBoost,none,0,1,W0184,1,1,0.998630,0.001370
XGBoost,none,0,1,W0185,1,1,0.997715,0.002285
XGBoost,none,0,1,W0186,1,1,0.995188,0.004812
XGBoost,none,0,1,W0187,1,1,0.996699,0.003301
XGBoost,none,0,1,W0188,1,1,0.998779,0.001221
XGBoost,none,0,1,W0189,1,1,0.998059,0.001941
XGBoost,none,0,1,W0190,1,1,0.998670,0.001330
XGBoost,none,0,1,W0191,1,1,0.996082,0.003918
XGBoost,none,0,1,W0192,1,1,0.984022,0.015978
XGBoost,none,0,1,W0193,1,1,0.988547,0.011453
XGBoost,none,0,1,W0194,1,1,0.997329,0.002671
XGBoost,none,0,1,W0195,1,1,0.998487,0.001513
XGBoost,none,0,1,W0196,1,1,0.997735,0.002265
XGBoost,none,0,1,W0197,1,1,0.998905,0.001095
XGBoost,none,0,1,W0198,1,1,0.999016,0.000984
XGBoost,none,0,1,W0199,1,1,0.998951,0.001049
XGBoost,none,0,1,W0200,1,1,0.993680,0.006320
XGBoost,none,0,1,W0201,1,1,0.995640,0.004360
XGBoost,none,0,1,W0202,1,1,0.987670,0.012330
XGBoost,none,0,1,W0203,1,1,0.990667,0.009333
XGBoost,none,0,1,W0204,1,1,0.982758,0.017242
XGBoost,none,0,1,W0205,1,1,0.982944,0.017056
XGBoost,none,0,1,W0206,1,1,0.995553,0.004447
XGBoost,none,0,1,W0207,1,1,0.999110,0.000890
XGBoost,none,0,1,W0208,1,1,0.999533,0.000467
XGBoost,none,0,1,W0209,1,1,0.998711,0.001289
XGBoost,none,0,1,W0210,1,1,0.998824,0.001176
XGBoost,none,0,1,W0211,1,1,0.999151,0.000849
XGBoost,none,0,1,W0212,1,1,0.999026,0.000974
XGBoost,none,0,1,W0213,1,1,0.994587,0.005413
XGBoost,none,0,1,W0214,1,1,0.994758,0.005242
XGBoost,none,0,1,W0215,1,1,0.995155,0.004845
XGBoost,none,0,1,W0216,1,1,0.996543,0.003457
XGBoost,none,0,1,W0217,1,1,0.995883,0.004117
XGBoost,none,0,1,W0218,1,1,0.992209,0.007791
XGBoost,none,0,1,W0219,1,1,0.996119,0.003881
XGBoost,none,0,1,W0220,1,1,0.997988,0.002012
XGBoost,none,0,1,W0221,0,1,0.998596,0.001404
XGBoost,none,0,1,W0222,0,1,0.996996,0.003004
XGBoost,none,0,1,W0223,0,0,0.081167,0.918833
XGBoost,none,0,1,W0224,0,0,0.133298,0.866702
XGBoost,none,0,1,W0225,0,0,0.025963,0.974037
XGBoost,none,0,1,W0226,0,0,0.016223,0.983777
XGBoost,none,0,1,W0227,0,0,0.260826,0.739174
XGBoost,none,0,1,W0228,0,0,0.318010,0.681990
XGBoost,none,0,1,W0229,0,0,0.034002,0.965998
XGBoost,none,0,1,W0230,0,0,0.005893,0.994107
XGBoost,none,0,1,W0231,0,0,0.008682,0.991318
XGBoost,none,0,1,W0232,0,0,0.024096,0.975904
XGBoost,none,0,1,W0233,0,0,0.023924,0.976076
XGBoost,none,0,1,W0234,0,0,0.019189,0.980811
XGBoost,none,0,1,W0235,0,0,0.010781,0.989219
XGBoost,none,0,1,W0236,0,0,0.101419,0.898581
XGBoost,none,0,1,W0237,1,1,0.529124,0.470876
XGBoost,none,0,1,W0238,1,0,0.385936,0.614064
XGBoost,none,0,1,W0239,1,1,0.638404,0.361596
XGBoost,none,0,1,W0240,1,1,0.545946,0.454054
XGBoost,none,0,1,W0241,1,1,0.789029,0.210971
XGBoost,none,0,1,W0242,1,1,0.958810,0.041190
XGBoost,none,0,1,W0243,1,1,0.974881,0.025119
XGBoost,none,0,1,W0244,1,1,0.550769,0.449231
XGBoost,none,0,1,W0245,1,1,0.969390,0.030610
XGBoost,none,0,1,W0246,1,1,0.941445,0.058555
XGBoost,none,0,1,W0247,1,1,0.947921,0.052079
XGBoost,none,0,1,W0248,1,1,0.949374,0.050626
XGBoost,none,0,1,W0249,1,1,0.985713,0.014287
MLP_NeuralNet,none,0,1,W0000,1,1,0.958235,0.041765
MLP_NeuralNet,none,0,1,W0001,1,1,0.937329,0.062671
MLP_NeuralNet,none,0,1,W0002,1,1,0.888155,0.111845
MLP_NeuralNet,none,0,1,W0003,1,1,0.902537,0.097463
MLP_NeuralNet,none,0,1,W0004,1,1,0.941520,0.058480
MLP_NeuralNet,none,0,1,W0005,1,1,0.953687,0.046313
MLP_NeuralNet,none,0,1,W0006,1,1,0.929643,0.070357
MLP_NeuralNet,none,0,1,W0007,1,1,0.867425,0.132575
MLP_NeuralNet,none,0,1,W0008,1,1,0.919390,0.080610
MLP_NeuralNet,none,0,1,W0009,1,1,0.961615,0.038385
MLP_NeuralNet,none,0,1,W0010,1,1,0.967195,0.032805
MLP_NeuralNet,none,0,1,W0011,1,1,0.948964,0.051036
MLP_NeuralNet,none,0,1,W0012,1,1,0.915740,0.084260
MLP_NeuralNet,none,0,1,W0013,1,1,0.910195,0.089805
MLP_NeuralNet,none,0,1,W0014,1,1,0.922600,0.077400
MLP_NeuralNet,none,0,1,W0015,1,1,0.938818,0.061182
MLP_NeuralNet,none,0,1,W0016,1,1,0.932046,0.067954
MLP_NeuralNet,none,0,1,W0017,1,1,0.953223,0.046777
MLP_NeuralNet,none,0,1,W0018,1,1,0.962872,0.037128
MLP_NeuralNet,none,0,1,W0019,1,1,0.945668,0.054332
MLP_NeuralNet,none,0,1,W0020,1,1,0.832676,0.167324
MLP_NeuralNet,none,0,1,W0021,1,1,0.910550,0.089450
MLP_NeuralNet,none,0,1,W0022,1,1,0.871386,0.128614
MLP_NeuralNet,none,0,1,W0023,1,1,0.908858,0.091142
MLP_NeuralNet,none,0,1,W0024,1,1,0.947012,0.052988
MLP_NeuralNet,none,0,1,W0025,1,1,0.898489,0.101511
MLP_NeuralNet,none,0,1,W0026,1,1,0.888268,0.111732
MLP_NeuralNet,none,0,1,W0027,1,1,0.904595,0.095405
MLP_NeuralNet,none,0,1,W0028,1,1,0.911370,0.088630
MLP_NeuralNet,none,0,1,W0029,1,1,0.944915,0.055085
MLP_NeuralNet,none,0,1,W0030,1,1,0.937743,0.062257
MLP_NeuralNet,none,0,1,W0031,1,1,0.959118,0.040882
MLP_NeuralNet,none,0,1,W0032,1,1,0.945941,0.054059
MLP_NeuralNet,none,0,1,W0033,1,1,0.942748,0.057252
MLP_NeuralNet,none,0,1,W0034,1,1,0.947375,0.052625
MLP_NeuralNet,none,0,1,W0035,1,1,0.957886,0.042114
MLP_NeuralNet,none,0,1,W0036,1,1,0.930567,0.069433
MLP_NeuralNet,none,0,1,W0037,1,1,0.927388,0.072612
MLP_NeuralNet,none,0,1,W0038,1,1,0.920163,0.079837
MLP_NeuralNet,none,0,1,W0039,1,1,0.943876,0.056124
MLP_NeuralNet,none,0,1,W0040,1,1,0.884870,0.115130
MLP_NeuralNet,none,0,1,W0041,1,1,0.873107,0.126893
MLP_NeuralNet,none,0,1,W0042,1,1,0.917023,0.082977
MLP_NeuralNet,none,0,1,W0043,1,1,0.936470,0.063530
MLP_NeuralNet,none,0,1,W0044,1,1,0.944466,0.055534
MLP_NeuralNet,none,0,1,W0045,0,1,0.882872,0.117128
MLP_NeuralNet,none,0,1,W0046,0,1,0.729970,0.270030
MLP_NeuralNet,none,0,1,W0047,0,1,0.692909,0.307091
MLP_NeuralNet,none,0,1,W0048,0,1,0.645873,0.354127
MLP_NeuralNet,none,0,1,W0049,1,1,0.633672,0.366328
MLP_NeuralNet,none,0,1,W0050,1,1,0.778332,0.221668
MLP_NeuralNet,none,0,1,W0051,1,1,0.901454,0.098546
MLP_NeuralNet,none,0,1,W0052,1,1,0.965425,0.034575
MLP_NeuralNet,none,0,1,W0053,1,1,0.903708,0.096292
MLP_NeuralNet,none,0,1,W0054,1,1,0.913749,0.086251
MLP_NeuralNet,none,0,1,W0055,0,1,0.924821,0.075179
MLP_NeuralNet,none,0,1,W0056,0,1,0.851356,0.148644
MLP_NeuralNet,none,0,1,W0057,0,0,0.114435,0.885565
MLP_NeuralNet,none,0,1,W0058,0,0,0.000746,0.999254
MLP_NeuralNet,none,0,1,W0059,0,0,0.000369,0.999631
MLP_NeuralNet,none,0,1,W0060,0,0,0.000088,0.999912
MLP_NeuralNet,none,0,1,W0061,1,0,0.001215,0.998785
MLP_NeuralNet,none,0,1,W0062,1,0,0.237173,0.762827
MLP_NeuralNet,none,0,1,W0063,1,1,0.937491,0.062509
MLP_NeuralNet,none,0,1,W0064,1,1,0.968916,0.031084
MLP_NeuralNet,none,0,1,W0065,1,1,0.969130,0.030870
MLP_NeuralNet,none,0,1,W0066,1,1,0.974018,0.025982
MLP_NeuralNet,none,0,1,W0067,1,1,0.974879,0.025121
MLP_NeuralNet,none,0,1,W0068,1,1,0.959518,0.040482
MLP_NeuralNet,none,0,1,W0069,1,1,0.902536,0.097464
MLP_NeuralNet,none,0,1,W0070,1,1,0.859222,0.140778
MLP_NeuralNet,none,0,1,W0071,1,1,0.915558,0.084442
MLP_NeuralNet,none,0,1,W0072,1,1,0.940090,0.059910
MLP_NeuralNet,none,0,1,W0073,1,1,0.954445,0.045555
MLP_NeuralNet,none,0,1,W0074,1,1,0.971167,0.028833
MLP_NeuralNet,none,0,1,W0075,1,1,0.977389,0.022611
MLP_NeuralNet,none,0,1,W0076,1,1,0.974289,0.025711
MLP_NeuralNet,none,0,1,W0077,1,1,0.986723,0.013277
MLP_NeuralNet,none,0,1,W0078,1,1,0.986974,0.013026
MLP_NeuralNet,none,0,1,W0079,1,1,0.990670,0.009330
MLP_NeuralNet,none,0,1,W0080,1,1,0.970354,0.029646
MLP_NeuralNet,none,0,1,W0081,1,1,0.942713,0.057287
MLP_NeuralNet,none,0,1,W0082,1,1,0.935676,0.064324
MLP_NeuralNet,none,0,1,W0083,1,1,0.944864,0.055136
MLP_NeuralNet,none,0,1,W0084,1,1,0.954770,0.045230
MLP_NeuralNet,none,0,1,W0085,1,1,0.955568,0.044432
MLP_NeuralNet,none,0,1,W0086,1,1,0.966082,0.033918
MLP_NeuralNet,none,0,1,W0087,1,1,0.964081,0.035919
MLP_NeuralNet,none,0,1,W0088,1,1,0.971746,0.028254
MLP_NeuralNet,none,0,1,W0089,1,1,0.985378,0.014622
MLP_NeuralNet,none,0,1,W0090,1,1,0.985506,0.014494
MLP_NeuralNet,none,0,1,W0091,1,1,0.990398,0.009602
MLP_NeuralNet,none,0,1,W0092,1,1,0.988529,0.011471
MLP_NeuralNet,none,0,1,W0093,1,1,0.971246,0.028754
MLP_NeuralNet,none,0,1,W0094,1,1,0.933645,0.066355
MLP_NeuralNet,none,0,1,W0095,1,1,0.886576,0.113424
MLP_NeuralNet,none,0,1,W0096,1,1,0.924023,0.075977
MLP_NeuralNet,none,0,1,W0097,1,1,0.937646,0.062354
MLP_NeuralNet,none,0,1,W0098,1,1,0.978542,0.021458
MLP_NeuralNet,none,0,1,W0099,1,1,0.983789,0.016211
MLP_NeuralNet,none,0,1,W0100,1,1,0.986639,0.013361
MLP_NeuralNet,none,0,1,W0101,1,1,0.988588,0.011412
MLP_NeuralNet,none,0,1,W0102,1,1,0.984380,0.015620
MLP_NeuralNet,none,0,1,W0103,1,1,0.984373,0.015627
MLP_NeuralNet,none,0,1,W0104,1,1,0.987915,0.012085
MLP_NeuralNet,none,0,1,W0105,1,1,0.982761,0.017239
MLP_NeuralNet,none,0,1,W0106,1,1,0.973559,0.026441
MLP_NeuralNet,none,0,1,W0107,1,1,0.905080,0.094920
MLP_NeuralNet,none,0,1,W0108,1,1,0.878604,0.121396
MLP_NeuralNet,none,0,1,W0109,1,1,0.872740,0.127260
MLP_NeuralNet,none,0,1,W0110,1,1,0.923338,0.076662
MLP_NeuralNet,none,0,1,W0111,1,1,0.967302,0.032698
MLP_NeuralNet,none,0,1,W0112,1,1,0.979459,0.020541
MLP_NeuralNet,none,0,1,W0113,1,1,0.986059,0.013941
MLP_NeuralNet,none,0,1,W0114,1,1,0.988064,0.011936
MLP_NeuralNet,none,0,1,W0115,1,1,0.987840,0.012160
MLP_NeuralNet,none,0,1,W0116,1,1,0.988187,0.011813
MLP_NeuralNet,none,0,1,W0117,1,1,0.992006,0.007994
MLP_NeuralNet,none,0,1,W0118,1,1,0.984776,0.015224
MLP_NeuralNet,none,0,1,W0119,1,1,0.962010,0.037990
MLP_NeuralNet,none,0,1,W0120,1,1,0.948886,0.051114
MLP_NeuralNet,none,0,1,W0121,1,1,0.903051,0.096949
MLP_NeuralNet,none,0,1,W0122,1,1,0.944371,0.055629
MLP_NeuralNet,none,0,1,W0123,1,1,0.974846,0.025154
MLP_NeuralNet,none,0,1,W0124,1,1,0.974168,0.025832
MLP_NeuralNet,none,0,1,W0125,1,1,0.976334,0.023666
MLP_NeuralNet,none,0,1,W0126,1,1,0.986960,0.013040
MLP_NeuralNet,none,0,1,W0127,1,1,0.984137,0.015863
MLP_NeuralNet,none,0,1,W0128,1,1,0.990880,0.009120
MLP_NeuralNet,none,0,1,W0129,1,1,0.987657,0.012343
MLP_NeuralNet,none,0,1,W0130,1,1,0.980048,0.019952
MLP_NeuralNet,none,0,1,W0131,1,1,0.896182,0.103818
MLP_NeuralNet,none,0,1,W0132,1,1,0.872624,0.127376
MLP_NeuralNet,none,0,1,W0133,1,1,0.916596,0.083404
MLP_NeuralNet,none,0,1,W0134,1,1,0.932213,0.067787
MLP_NeuralNet,none,0,1,W0135,1,1,0.971236,0.028764
MLP_NeuralNet,none,0,1,W0136,1,1,0.982592,0.017408
MLP_NeuralNet,none,0,1,W0137,1,1,0.983284,0.016716
MLP_NeuralNet,none,0,1,W0138,1,1,0.984591,0.015409
MLP_NeuralNet,none,0,1,W0139,1,1,0.986219,0.013781
MLP_NeuralNet,none,0,1,W0140,1,1,0.988500,0.011500
MLP_NeuralNet,none,0,1,W0141,1,1,0.987997,0.012003
MLP_NeuralNet,none,0,1,W0142,1,1,0.975947,0.024053
MLP_NeuralNet,none,0,1,W0143,1,1,0.960588,0.039412
MLP_NeuralNet,none,0,1,W0144,1,1,0.941931,0.058069
MLP_NeuralNet,none,0,1,W0145,1,1,0.951207,0.048793
MLP_NeuralNet,none,0,1,W0146,1,1,0.947892,0.052108
MLP_NeuralNet,none,0,1,W0147,1,1,0.973869,0.026131
MLP_NeuralNet,none,0,1,W0148,1,1,0.979092,0.020908
MLP_NeuralNet,none,0,1,W0149,1,1,0.983707,0.016293
MLP_NeuralNet,none,0,1,W0150,1,1,0.983479,0.016521
MLP_NeuralNet,none,0,1,W0151,1,1,0.985058,0.014942
MLP_NeuralNet,none,0,1,W0152,1,1,0.989831,0.010169
MLP_NeuralNet,none,0,1,W0153,1,1,0.956794,0.043206
MLP_NeuralNet,none,0,1,W0154,1,1,0.972233,0.027767
MLP_NeuralNet,none,0,1,W0155,1,1,0.951026,0.048974
MLP_NeuralNet,none,0,1,W0156,1,1,0.905882,0.094118
MLP_NeuralNet,none,0,1,W0157,1,1,0.965034,0.034966
MLP_NeuralNet,none,0,1,W0158,1,1,0.946853,0.053147
MLP_NeuralNet,none,0,1,W0159,1,1,0.958744,0.041256
MLP_NeuralNet,none,0,1,W0160,1,1,0.981394,0.018606
MLP_NeuralNet,none,0,1,W0161,1,1,0.986275,0.013725
MLP_NeuralNet,none,0,1,W0162,1,1,0.989657,0.010343
MLP_NeuralNet,none,0,1,W0163,1,1,0.988420,0.011580
MLP_NeuralNet,none,0,1,W0164,1,1,0.986681,0.013319
MLP_NeuralNet,none,0,1,W0165,1,1,0.984946,0.015054
MLP_NeuralNet,none,0,1,W0166,1,1,0.981912,0.018088
MLP_NeuralNet,none,0,1,W0167,1,1,0.980322,0.019678
MLP_NeuralNet,none,0,1,W0168,1,1,0.959966,0.040034
MLP_NeuralNet,none,0,1,W0169,1,1,0.974002,0.025998
MLP_NeuralNet,none,0,1,W0170,1,1,0.977520,0.022480
MLP_NeuralNet,none,0,1,W0171,1,1,0.982520,0.017480
MLP_NeuralNet,none,0,1,W0172,1,1,0.986877,0.013123
MLP_NeuralNet,none,0,1,W0173,1,1,0.990102,0.009898
MLP_NeuralNet,none,0,1,W0174,1,1,0.987955,0.012045
MLP_NeuralNet,none,0,1,W0175,1,1,0.983055,0.016945
MLP_NeuralNet,none,0,1,W0176,1,1,0.972171,0.027829
MLP_NeuralNet,none,0,1,W0177,1,1,0.967021,0.032979
MLP_NeuralNet,none,0,1,W0178,1,1,0.971922,0.028078
MLP_NeuralNet,none,0,1,W0179,1,1,0.977729,0.022271
MLP_NeuralNet,none,0,1,W0180,1,1,0.980107,0.019893
MLP_NeuralNet,none,0,1,W0181,1,1,0.989976,0.010024
MLP_NeuralNet,none,0,1,W0182,1,1,0.990583,0.009417
MLP_NeuralNet,none,0,1,W0183,1,1,0.990458,0.009542
MLP_NeuralNet,none,0,1,W0184,1,1,0.990937,0.009063
MLP_NeuralNet,none,0,1,W0185,1,1,0.991051,0.008949
MLP_NeuralNet,none,0,1,W0186,1,1,0.986299,0.013701
MLP_NeuralNet,none,0,1,W0187,1,1,0.986640,0.013360
MLP_NeuralNet,none,0,1,W0188,1,1,0.981996,0.018004
MLP_NeuralNet,none,0,1,W0189,1,1,0.970157,0.029843
MLP_NeuralNet,none,0,1,W0190,1,1,0.980668,0.019332
MLP_NeuralNet,none,0,1,W0191,1,1,0.979331,0.020669
MLP_NeuralNet,none,0,1,W0192,1,1,0.984673,0.015327
MLP_NeuralNet,none,0,1,W0193,1,1,0.987128,0.012872
MLP_NeuralNet,none,0,1,W0194,1,1,0.985295,0.014705
MLP_NeuralNet,none,0,1,W0195,1,1,0.989335,0.010665
MLP_NeuralNet,none,0,1,W0196,1,1,0.988454,0.011546
MLP_NeuralNet,none,0,1,W0197,1,1,0.988991,0.011009
MLP_NeuralNet,none,0,1,W0198,1,1,0.989159,0.010841
MLP_NeuralNet,none,0,1,W0199,1,1,0.987650,0.012350
MLP_NeuralNet,none,0,1,W0200,1,1,0.961712,0.038288
MLP_NeuralNet,none,0,1,W0201,1,1,0.946556,0.053444
MLP_NeuralNet,none,0,1,W0202,1,1,0.953862,0.046138
MLP_NeuralNet,none,0,1,W0203,1,1,0.969787,0.030213
MLP_NeuralNet,none,0,1,W0204,1,1,0.973543,0.026457
MLP_NeuralNet,none,0,1,W0205,1,1,0.982691,0.017309
MLP_NeuralNet,none,0,1,W0206,1,1,0.988119,0.011881
MLP_NeuralNet,none,0,1,W0207,1,1,0.992043,0.007957
MLP_NeuralNet,none,0,1,W0208,1,1,0.990648,0.009352
MLP_NeuralNet,none,0,1,W0209,1,1,0.988902,0.011098
MLP_NeuralNet,none,0,1,W0210,1,1,0.988587,0.011413
MLP_NeuralNet,none,0,1,W0211,1,1,0.988510,0.011490
MLP_NeuralNet,none,0,1,W0212,1,1,0.980634,0.019366
MLP_NeuralNet,none,0,1,W0213,1,1,0.973684,0.026316
MLP_NeuralNet,none,0,1,W0214,1,1,0.972837,0.027163
MLP_NeuralNet,none,0,1,W0215,1,1,0.973879,0.026121
MLP_NeuralNet,none,0,1,W0216,1,1,0.986472,0.013528
MLP_NeuralNet,none,0,1,W0217,1,1,0.986577,0.013423
MLP_NeuralNet,none,0,1,W0218,1,1,0.988074,0.011926
MLP_NeuralNet,none,0,1,W0219,1,1,0.989993,0.010007
MLP_NeuralNet,none,0,1,W0220,1,1,0.989661,0.010339
MLP_NeuralNet,none,0,1,W0221,0,1,0.989728,0.010272
MLP_NeuralNet,none,0,1,W0222,0,1,0.978174,0.021826
MLP_NeuralNet,none,0,1,W0223,0,0,0.020787,0.979213
MLP_NeuralNet,none,0,1,W0224,0,0,0.000001,0.999999
MLP_NeuralNet,none,0,1,W0225,0,0,0.000000,1.000000
MLP_NeuralNet,none,0,1,W0226,0,0,0.000014,0.999986
MLP_NeuralNet,none,0,1,W0227,0,0,0.000272,0.999728
MLP_NeuralNet,none,0,1,W0228,0,0,0.001553,0.998447
MLP_NeuralNet,none,0,1,W0229,0,0,0.010540,0.989460
MLP_NeuralNet,none,0,1,W0230,0,0,0.015484,0.984516
MLP_NeuralNet,none,0,1,W0231,0,0,0.008019,0.991981
MLP_NeuralNet,none,0,1,W0232,0,0,0.022232,0.977768
MLP_NeuralNet,none,0,1,W0233,0,0,0.057105,0.942895
MLP_NeuralNet,none,0,1,W0234,0,0,0.001234,0.998766
MLP_NeuralNet,none,0,1,W0235,0,0,0.002517,0.997483
MLP_NeuralNet,none,0,1,W0236,0,0,0.038091,0.961909
MLP_NeuralNet,none,0,1,W0237,1,0,0.410531,0.589469
MLP_NeuralNet,none,0,1,W0238,1,1,0.728126,0.271874
MLP_NeuralNet,none,0,1,W0239,1,1,0.851962,0.148038
MLP_NeuralNet,none,0,1,W0240,1,1,0.910481,0.089519
MLP_NeuralNet,none,0,1,W0241,1,1,0.932442,0.067558
MLP_NeuralNet,none,0,1,W0242,1,1,0.930960,0.069040
MLP_NeuralNet,none,0,1,W0243,1,1,0.930697,0.069303
MLP_NeuralNet,none,0,1,W0244,1,1,0.920033,0.079967
MLP_NeuralNet,none,0,1,W0245,1,1,0.953119,0.046881
MLP_NeuralNet,none,0,1,W0246,1,1,0.948438,0.051562
MLP_NeuralNet,none,0,1,W0247,1,1,0.953064,0.046936
MLP_NeuralNet,none,0,1,W0248,1,1,0.970818,0.029182
MLP_NeuralNet,none,0,1,W0249,1,1,0.973213,0.026787
LogisticRegression,pooled_global,0,1,W0000,1,1,0.981605,0.018395
LogisticRegression,pooled_global,0,1,W0001,1,1,0.971257,0.028743
LogisticRegression,pooled_global,0,1,W0002,1,1,0.927672,0.072328
LogisticRegression,pooled_global,0,1,W0003,1,1,0.925842,0.074158
LogisticRegression,pooled_global,0,1,W0004,1,1,0.938853,0.061147
LogisticRegression,pooled_global,0,1,W0005,1,1,0.969074,0.030926
LogisticRegression,pooled_global,0,1,W0006,1,1,0.976263,0.023737
LogisticRegression,pooled_global,0,1,W0007,1,1,0.971932,0.028068
LogisticRegression,pooled_global,0,1,W0008,1,1,0.960871,0.039129
LogisticRegression,pooled_global,0,1,W0009,1,1,0.983905,0.016095
LogisticRegression,pooled_global,0,1,W0010,1,1,0.983976,0.016024
LogisticRegression,pooled_global,0,1,W0011,1,1,0.983408,0.016592
LogisticRegression,pooled_global,0,1,W0012,1,1,0.980699,0.019301
LogisticRegression,pooled_global,0,1,W0013,1,1,0.986048,0.013952
LogisticRegression,pooled_global,0,1,W0014,1,1,0.988517,0.011483
LogisticRegression,pooled_global,0,1,W0015,1,1,0.990078,0.009922
LogisticRegression,pooled_global,0,1,W0016,1,1,0.983546,0.016454
LogisticRegression,pooled_global,0,1,W0017,1,1,0.983152,0.016848
LogisticRegression,pooled_global,0,1,W0018,1,1,0.986416,0.013584
LogisticRegression,pooled_global,0,1,W0019,1,1,0.972337,0.027663
LogisticRegression,pooled_global,0,1,W0020,1,1,0.857720,0.142280
LogisticRegression,pooled_global,0,1,W0021,1,1,0.965346,0.034654
LogisticRegression,pooled_global,0,1,W0022,1,1,0.963374,0.036626
LogisticRegression,pooled_global,0,1,W0023,1,1,0.975062,0.024938
LogisticRegression,pooled_global,0,1,W0024,1,1,0.980830,0.019170
LogisticRegression,pooled_global,0,1,W0025,1,1,0.976157,0.023843
LogisticRegression,pooled_global,0,1,W0026,1,1,0.959634,0.040366
LogisticRegression,pooled_global,0,1,W0027,1,1,0.979284,0.020716
LogisticRegression,pooled_global,0,1,W0028,1,1,0.978890,0.021110
LogisticRegression,pooled_global,0,1,W0029,1,1,0.990235,0.009765
LogisticRegression,pooled_global,0,1,W0030,1,1,0.985009,0.014991
LogisticRegression,pooled_global,0,1,W0031,1,1,0.983868,0.016132
LogisticRegression,pooled_global,0,1,W0032,1,1,0.979041,0.020959
LogisticRegression,pooled_global,0,1,W0033,1,1,0.959786,0.040214
LogisticRegression,pooled_global,0,1,W0034,1,1,0.961393,0.038607
LogisticRegression,pooled_global,0,1,W0035,1,1,0.983700,0.016300
LogisticRegression,pooled_global,0,1,W0036,1,1,0.984605,0.015395
LogisticRegression,pooled_global,0,1,W0037,1,1,0.986390,0.013610
LogisticRegression,pooled_global,0,1,W0038,1,1,0.983594,0.016406
LogisticRegression,pooled_global,0,1,W0039,1,1,0.989607,0.010393
LogisticRegression,pooled_global,0,1,W0040,1,1,0.972350,0.027650
LogisticRegression,pooled_global,0,1,W0041,1,1,0.983425,0.016575
LogisticRegression,pooled_global,0,1,W0042,1,1,0.988873,0.011127
LogisticRegression,pooled_global,0,1,W0043,1,1,0.990556,0.009444
LogisticRegression,pooled_global,0,1,W0044,1,1,0.982019,0.017981
LogisticRegression,pooled_global,0,1,W0045,0,1,0.876238,0.123762
LogisticRegression,pooled_global,0,1,W0046,0,1,0.686355,0.313645
LogisticRegression,pooled_global,0,1,W0047,0,1,0.647368,0.352632
LogisticRegression,pooled_global,0,1,W0048,0,0,0.473261,0.526739
LogisticRegression,pooled_global,0,1,W0049,1,0,0.398285,0.601715
LogisticRegression,pooled_global,0,1,W0050,1,1,0.589353,0.410647
LogisticRegression,pooled_global,0,1,W0051,1,1,0.778237,0.221763
LogisticRegression,pooled_global,0,1,W0052,1,1,0.953656,0.046344
LogisticRegression,pooled_global,0,1,W0053,1,1,0.959534,0.040466
LogisticRegression,pooled_global,0,1,W0054,1,1,0.965009,0.034991
LogisticRegression,pooled_global,0,1,W0055,0,1,0.977515,0.022485
LogisticRegression,pooled_global,0,1,W0056,0,1,0.908598,0.091402
LogisticRegression,pooled_global,0,1,W0057,0,0,0.005185,0.994815
LogisticRegression,pooled_global,0,1,W0058,0,0,0.000000,1.000000
LogisticRegression,pooled_global,0,1,W0059,0,0,0.000000,1.000000
LogisticRegression,pooled_global,0,1,W0060,0,0,0.000000,1.000000
LogisticRegression,pooled_global,0,1,W0061,1,0,0.000007,0.999993
LogisticRegression,pooled_global,0,1,W0062,1,0,0.097193,0.902807
LogisticRegression,pooled_global,0,1,W0063,1,1,0.970186,0.029814
LogisticRegression,pooled_global,0,1,W0064,1,1,0.970871,0.029129
LogisticRegression,pooled_global,0,1,W0065,1,1,0.935104,0.064896
LogisticRegression,pooled_global,0,1,W0066,1,1,0.947031,0.052969
LogisticRegression,pooled_global,0,1,W0067,1,1,0.975660,0.024340
LogisticRegression,pooled_global,0,1,W0068,1,1,0.987280,0.012720
LogisticRegression,pooled_global,0,1,W0069,1,1,0.967509,0.032491
LogisticRegression,pooled_global,0,1,W0070,1,1,0.945619,0.054381
LogisticRegression,pooled_global,0,1,W0071,1,1,0.982844,0.017156
LogisticRegression,pooled_global,0,1,W0072,1,1,0.990381,0.009619
LogisticRegression,pooled_global,0,1,W0073,1,1,0.992066,0.007934
LogisticRegression,pooled_global,0,1,W0074,1,1,0.992218,0.007782
LogisticRegression,pooled_global,0,1,W0075,1,1,0.978683,0.021317
LogisticRegression,pooled_global,0,1,W0076,1,1,0.935584,0.064416
LogisticRegression,pooled_global,0,1,W0077,1,1,0.968356,0.031644
LogisticRegression,pooled_global,0,1,W0078,1,1,0.980636,0.019364
LogisticRegression,pooled_global,0,1,W0079,1,1,0.996171,0.003829
LogisticRegression,pooled_global,0,1,W0080,1,1,0.988801,0.011199
LogisticRegression,pooled_global,0,1,W0081,1,1,0.989080,0.010920
LogisticRegression,pooled_global,0,1,W0082,1,1,0.990229,0.009771
LogisticRegression,pooled_global,0,1,W0083,1,1,0.991394,0.008606
LogisticRegression,pooled_global,0,1,W0084,1,1,0.992732,0.007268
LogisticRegression,pooled_global,0,1,W0085,1,1,0.994907,0.005093
LogisticRegression,pooled_global,0,1,W0086,1,1,0.996377,0.003623
LogisticRegression,pooled_global,0,1,W0087,1,1,0.992018,0.007982
LogisticRegression,pooled_global,0,1,W0088,1,1,0.985713,0.014287
LogisticRegression,pooled_global,0,1,W0089,1,1,0.991237,0.008763
LogisticRegression,pooled_global,0,1,W0090,1,1,0.983812,0.016188
LogisticRegression,pooled_global,0,1,W0091,1,1,0.989351,0.010649
LogisticRegression,pooled_global,0,1,W0092,1,1,0.994804,0.005196
LogisticRegression,pooled_global,0,1,W0093,1,1,0.994002,0.005998
LogisticRegression,pooled_global,0,1,W0094,1,1,0.983595,0.016405
LogisticRegression,pooled_global,0,1,W0095,1,1,0.976154,0.023846
LogisticRegression,pooled_global,0,1,W0096,1,1,0.985370,0.014630
LogisticRegression,pooled_global,0,1,W0097,1,1,0.993806,0.006194
LogisticRegression,pooled_global,0,1,W0098,1,1,0.997742,0.002258
LogisticRegression,pooled_global,0,1,W0099,1,1,0.994305,0.005695
LogisticRegression,pooled_global,0,1,W0100,1,1,0.985932,0.014068
LogisticRegression,pooled_global,0,1,W0101,1,1,0.971875,0.028125
LogisticRegression,pooled_global,0,1,W0102,1,1,0.954592,0.045408
LogisticRegression,pooled_global,0,1,W0103,1,1,0.968940,0.031060
LogisticRegression,pooled_global,0,1,W0104,1,1,0.993400,0.006600
LogisticRegression,pooled_global,0,1,W0105,1,1,0.990822,0.009178
LogisticRegression,pooled_global,0,1,W0106,1,1,0.977854,0.022146
LogisticRegression,pooled_global,0,1,W0107,1,1,0.976766,0.023234
LogisticRegression,pooled_global,0,1,W0108,1,1,0.973140,0.026860
LogisticRegression,pooled_global,0,1,W0109,1,1,0.985873,0.014127
LogisticRegression,pooled_global,0,1,W0110,1,1,0.993528,0.006472
LogisticRegression,pooled_global,0,1,W0111,1,1,0.996036,0.003964
LogisticRegression,pooled_global,0,1,W0112,1,1,0.993823,0.006177
LogisticRegression,pooled_global,0,1,W0113,1,1,0.991630,0.008370
LogisticRegression,pooled_global,0,1,W0114,1,1,0.987193,0.012807
LogisticRegression,pooled_global,0,1,W0115,1,1,0.974792,0.025208
LogisticRegression,pooled_global,0,1,W0116,1,1,0.985866,0.014134
LogisticRegression,pooled_global,0,1,W0117,1,1,0.996905,0.003095
LogisticRegression,pooled_global,0,1,W0118,1,1,0.991735,0.008265
LogisticRegression,pooled_global,0,1,W0119,1,1,0.985520,0.014480
LogisticRegression,pooled_global,0,1,W0120,1,1,0.989181,0.010819
LogisticRegression,pooled_global,0,1,W0121,1,1,0.982411,0.017589
LogisticRegression,pooled_global,0,1,W0122,1,1,0.991360,0.008640
LogisticRegression,pooled_global,0,1,W0123,1,1,0.996455,0.003545
LogisticRegression,pooled_global,0,1,W0124,1,1,0.991816,0.008184
LogisticRegression,pooled_global,0,1,W0125,1,1,0.978218,0.021782
LogisticRegression,pooled_global,0,1,W0126,1,1,0.980112,0.019888
LogisticRegression,pooled_global,0,1,W0127,1,1,0.991910,0.008090
LogisticRegression,pooled_global,0,1,W0128,1,1,0.996422,0.003578
LogisticRegression,pooled_global,0,1,W0129,1,1,0.995025,0.004975
LogisticRegression,pooled_global,0,1,W0130,1,1,0.993184,0.006816
LogisticRegression,pooled_global,0,1,W0131,1,1,0.983208,0.016792
LogisticRegression,pooled_global,0,1,W0132,1,1,0.980382,0.019618
LogisticRegression,pooled_global,0,1,W0133,1,1,0.990940,0.009060
LogisticRegression,pooled_global,0,1,W0134,1,1,0.992810,0.007190
LogisticRegression,pooled_global,0,1,W0135,1,1,0.994981,0.005019
LogisticRegression,pooled_global,0,1,W0136,1,1,0.987826,0.012174
LogisticRegression,pooled_global,0,1,W0137,1,1,0.984027,0.015973
LogisticRegression,pooled_global,0,1,W0138,1,1,0.986943,0.013057
LogisticRegression,pooled_global,0,1,W0139,1,1,0.981956,0.018044
LogisticRegression,pooled_global,0,1,W0140,1,1,0.987976,0.012024
LogisticRegression,pooled_global,0,1,W0141,1,1,0.996852,0.003148
LogisticRegression,pooled_global,0,1,W0142,1,1,0.995480,0.004520
LogisticRegression,pooled_global,0,1,W0143,1,1,0.989850,0.010150
LogisticRegression,pooled_global,0,1,W0144,1,1,0.990279,0.009721
LogisticRegression,pooled_global,0,1,W0145,1,1,0.992851,0.007149
LogisticRegression,pooled_global,0,1,W0146,1,1,0.992602,0.007398
LogisticRegression,pooled_global,0,1,W0147,1,1,0.996689,0.003311
LogisticRegression,pooled_global,0,1,W0148,1,1,0.995835,0.004165
LogisticRegression,pooled_global,0,1,W0149,1,1,0.995650,0.004350
LogisticRegression,pooled_global,0,1,W0150,1,1,0.993476,0.006524
LogisticRegression,pooled_global,0,1,W0151,1,1,0.991979,0.008021
LogisticRegression,pooled_global,0,1,W0152,1,1,0.996006,0.003994
LogisticRegression,pooled_global,0,1,W0153,1,1,0.994094,0.005906
LogisticRegression,pooled_global,0,1,W0154,1,1,0.995422,0.004578
LogisticRegression,pooled_global,0,1,W0155,1,1,0.992527,0.007473
LogisticRegression,pooled_global,0,1,W0156,1,1,0.986790,0.013210
LogisticRegression,pooled_global,0,1,W0157,1,1,0.995815,0.004185
LogisticRegression,pooled_global,0,1,W0158,1,1,0.993145,0.006855
LogisticRegression,pooled_global,0,1,W0159,1,1,0.992154,0.007846
LogisticRegression,pooled_global,0,1,W0160,1,1,0.991931,0.008069
LogisticRegression,pooled_global,0,1,W0161,1,1,0.994779,0.005221
LogisticRegression,pooled_global,0,1,W0162,1,1,0.991899,0.008101
LogisticRegression,pooled_global,0,1,W0163,1,1,0.992224,0.007776
LogisticRegression,pooled_global,0,1,W0164,1,1,0.997084,0.002916
LogisticRegression,pooled_global,0,1,W0165,1,1,0.995526,0.004474
LogisticRegression,pooled_global,0,1,W0166,1,1,0.994879,0.005121
LogisticRegression,pooled_global,0,1,W0167,1,1,0.994635,0.005365
LogisticRegression,pooled_global,0,1,W0168,1,1,0.992805,0.007195
LogisticRegression,pooled_global,0,1,W0169,1,1,0.995513,0.004487
LogisticRegression,pooled_global,0,1,W0170,1,1,0.996043,0.003957
LogisticRegression,pooled_global,0,1,W0171,1,1,0.995966,0.004034
LogisticRegression,pooled_global,0,1,W0172,1,1,0.996045,0.003955
LogisticRegression,pooled_global,0,1,W0173,1,1,0.996372,0.003628
LogisticRegression,pooled_global,0,1,W0174,1,1,0.996918,0.003082
LogisticRegression,pooled_global,0,1,W0175,1,1,0.997282,0.002718
LogisticRegression,pooled_global,0,1,W0176,1,1,0.995469,0.004531
LogisticRegression,pooled_global,0,1,W0177,1,1,0.996361,0.003639
LogisticRegression,pooled_global,0,1,W0178,1,1,0.997038,0.002962
LogisticRegression,pooled_global,0,1,W0179,1,1,0.997642,0.002358
LogisticRegression,pooled_global,0,1,W0180,1,1,0.996918,0.003082
LogisticRegression,pooled_global,0,1,W0181,1,1,0.996951,0.003049
LogisticRegression,pooled_global,0,1,W0182,1,1,0.995894,0.004106
LogisticRegression,pooled_global,0,1,W0183,1,1,0.996281,0.003719
LogisticRegression,pooled_global,0,1,W0184,1,1,0.996599,0.003401
LogisticRegression,pooled_global,0,1,W0185,1,1,0.995625,0.004375
LogisticRegression,pooled_global,0,1,W0186,1,1,0.995701,0.004299
LogisticRegression,pooled_global,0,1,W0187,1,1,0.996473,0.003527
LogisticRegression,pooled_global,0,1,W0188,1,1,0.995743,0.004257
LogisticRegression,pooled_global,0,1,W0189,1,1,0.993253,0.006747
LogisticRegression,pooled_global,0,1,W0190,1,1,0.995186,0.004814
LogisticRegression,pooled_global,0,1,W0191,1,1,0.996081,0.003919
LogisticRegression,pooled_global,0,1,W0192,1,1,0.997305,0.002695
LogisticRegression,pooled_global,0,1,W0193,1,1,0.997546,0.002454
LogisticRegression,pooled_global,0,1,W0194,1,1,0.995123,0.004877
LogisticRegression,pooled_global,0,1,W0195,1,1,0.992941,0.007059
LogisticRegression,pooled_global,0,1,W0196,1,1,0.994307,0.005693
LogisticRegression,pooled_global,0,1,W0197,1,1,0.996276,0.003724
LogisticRegression,pooled_global,0,1,W0198,1,1,0.996365,0.003635
LogisticRegression,pooled_global,0,1,W0199,1,1,0.995674,0.004326
LogisticRegression,pooled_global,0,1,W0200,1,1,0.991771,0.008229
LogisticRegression,pooled_global,0,1,W0201,1,1,0.989341,0.010659
LogisticRegression,pooled_global,0,1,W0202,1,1,0.992767,0.007233
LogisticRegression,pooled_global,0,1,W0203,1,1,0.994016,0.005984
LogisticRegression,pooled_global,0,1,W0204,1,1,0.993363,0.006637
LogisticRegression,pooled_global,0,1,W0205,1,1,0.993109,0.006891
LogisticRegression,pooled_global,0,1,W0206,1,1,0.992211,0.007789
LogisticRegression,pooled_global,0,1,W0207,1,1,0.993830,0.006170
LogisticRegression,pooled_global,0,1,W0208,1,1,0.992976,0.007024
LogisticRegression,pooled_global,0,1,W0209,1,1,0.994060,0.005940
LogisticRegression,pooled_global,0,1,W0210,1,1,0.996306,0.003694
LogisticRegression,pooled_global,0,1,W0211,1,1,0.996898,0.003102
LogisticRegression,pooled_global,0,1,W0212,1,1,0.994179,0.005821
LogisticRegression,pooled_global,0,1,W0213,1,1,0.993199,0.006801
LogisticRegression,pooled_global,0,1,W0214,1,1,0.993489,0.006511
LogisticRegression,pooled_global,0,1,W0215,1,1,0.994488,0.005512
LogisticRegression,pooled_global,0,1,W0216,1,1,0.996919,0.003081
LogisticRegression,pooled_global,0,1,W0217,1,1,0.996572,0.003428
LogisticRegression,pooled_global,0,1,W0218,1,1,0.996080,0.003920
LogisticRegression,pooled_global,0,1,W0219,1,1,0.995887,0.004113
LogisticRegression,pooled_global,0,1,W0220,1,1,0.995807,0.004193
LogisticRegression,pooled_global,0,1,W0221,0,1,0.993622,0.006378
LogisticRegression,pooled_global,0,1,W0222,0,1,0.986565,0.013435
LogisticRegression,pooled_global,0,1,W0223,0,0,0.000006,0.999994
LogisticRegression,pooled_global,0,1,W0224,0,0,0.000000,1.000000
LogisticRegression,pooled_global,0,1,W0225,0,0,0.000000,1.000000
LogisticRegression,pooled_global,0,1,W0226,0,0,0.000000,1.000000
LogisticRegression,pooled_global,0,1,W0227,0,0,0.000000,1.000000
LogisticRegression,pooled_global,0,1,W0228,0,0,0.000007,0.999993
LogisticRegression,pooled_global,0,1,W0229,0,0,0.000543,0.999457
LogisticRegression,pooled_global,0,1,W0230,0,0,0.000147,0.999853
LogisticRegression,pooled_global,0,1,W0231,0,0,0.000012,0.999988
LogisticRegression,pooled_global,0,1,W0232,0,0,0.000011,0.999989
LogisticRegression,pooled_global,0,1,W0233,0,0,0.000312,0.999688
LogisticRegression,pooled_global,0,1,W0234,0,0,0.000000,1.000000
LogisticRegression,pooled_global,0,1,W0235,0,0,0.000000,1.000000
LogisticRegression,pooled_global,0,1,W0236,0,0,0.000333,0.999667
LogisticRegression,pooled_global,0,1,W0237,1,0,0.110406,0.889594
LogisticRegression,pooled_global,0,1,W0238,1,1,0.623466,0.376534
LogisticRegression,pooled_global,0,1,W0239,1,1,0.881455,0.118545
LogisticRegression,pooled_global,0,1,W0240,1,1,0.922932,0.077068
LogisticRegression,pooled_global,0,1,W0241,1,1,0.935659,0.064341
LogisticRegression,pooled_global,0,1,W0242,1,1,0.954274,0.045726
LogisticRegression,pooled_global,0,1,W0243,1,1,0.960339,0.039661
LogisticRegression,pooled_global,0,1,W0244,1,1,0.954248,0.045752
LogisticRegression,pooled_global,0,1,W0245,1,1,0.984397,0.015603
LogisticRegression,pooled_global,0,1,W0246,1,1,0.988879,0.011121
LogisticRegression,pooled_global,0,1,W0247,1,1,0.990851,0.009149
LogisticRegression,pooled_global,0,1,W0248,1,1,0.988727,0.011273
LogisticRegression,pooled_global,0,1,W0249,1,1,0.987869,0.012131
SVM_RBF,pooled_global,0,1,W0000,1,1,0.980473,0.019527
SVM_RBF,pooled_global,0,1,W0001,1,1,0.970699,0.029301
SVM_RBF,pooled_global,0,1,W0002,1,1,0.941601,0.058399
SVM_RBF,pooled_global,0,1,W0003,1,1,0.939553,0.060447
SVM_RBF,pooled_global,0,1,W0004,1,1,0.954113,0.045887
SVM_RBF,pooled_global,0,1,W0005,1,1,0.970778,0.029222
SVM_RBF,pooled_global,0,1,W0006,1,1,0.967183,0.032817
SVM_RBF,pooled_global,0,1,W0007,1,1,0.970734,0.029266
SVM_RBF,pooled_global,0,1,W0008,1,1,0.971168,0.028832
SVM_RBF,pooled_global,0,1,W0009,1,1,0.980939,0.019061
SVM_RBF,pooled_global,0,1,W0010,1,1,0.984159,0.015841
SVM_RBF,pooled_global,0,1,W0011,1,1,0.982533,0.017467
SVM_RBF,pooled_global,0,1,W0012,1,1,0.976301,0.023699
SVM_RBF,pooled_global,0,1,W0013,1,1,0.975923,0.024077
SVM_RBF,pooled_global,0,1,W0014,1,1,0.978560,0.021440
SVM_RBF,pooled_global,0,1,W0015,1,1,0.979995,0.020005
SVM_RBF,pooled_global,0,1,W0016,1,1,0.975212,0.024788
SVM_RBF,pooled_global,0,1,W0017,1,1,0.981486,0.018514
SVM_RBF,pooled_global,0,1,W0018,1,1,0.985881,0.014119
SVM_RBF,pooled_global,0,1,W0019,1,1,0.976741,0.023259
SVM_RBF,pooled_global,0,1,W0020,1,1,0.892541,0.107459
SVM_RBF,pooled_global,0,1,W0021,1,1,0.963839,0.036161
SVM_RBF,pooled_global,0,1,W0022,1,1,0.952044,0.047956
SVM_RBF,pooled_global,0,1,W0023,1,1,0.973242,0.026758
SVM_RBF,pooled_global,0,1,W0024,1,1,0.984504,0.015496
SVM_RBF,pooled_global,0,1,W0025,1,1,0.977786,0.022214
SVM_RBF,pooled_global,0,1,W0026,1,1,0.965955,0.034045
SVM_RBF,pooled_global,0,1,W0027,1,1,0.974427,0.025573
SVM_RBF,pooled_global,0,1,W0028,1,1,0.973180,0.026820
SVM_RBF,pooled_global,0,1,W0029,1,1,0.982084,0.017916
SVM_RBF,pooled_global,0,1,W0030,1,1,0.976015,0.023985
SVM_RBF,pooled_global,0,1,W0031,1,1,0.983213,0.016787
SVM_RBF,pooled_global,0,1,W0032,1,1,0.978386,0.021614
SVM_RBF,pooled_global,0,1,W0033,1,1,0.968339,0.031661
SVM_RBF,pooled_global,0,1,W0034,1,1,0.968549,0.031451
SVM_RBF,pooled_global,0,1,W0035,1,1,0.980658,0.019342
SVM_RBF,pooled_global,0,1,W0036,1,1,0.976234,0.023766
SVM_RBF,pooled_global,0,1,W0037,1,1,0.979353,0.020647
SVM_RBF,pooled_global,0,1,W0038,1,1,0.983464,0.016536
SVM_RBF,pooled_global,0,1,W0039,1,1,0.989557,0.010443
SVM_RBF,pooled_global,0,1,W0040,1,1,0.976767,0.023233
SVM_RBF,pooled_global,0,1,W0041,1,1,0.978820,0.021180
SVM_RBF,pooled_global,0,1,W0042,1,1,0.982320,0.017680
SVM_RBF,pooled_global,0,1,W0043,1,1,0.978540,0.021460
SVM_RBF,pooled_global,0,1,W0044,1,1,0.977509,0.022491
SVM_RBF,pooled_global,0,1,W0045,0,1,0.900369,0.099631
SVM_RBF,pooled_global,0,1,W0046,0,1,0.651583,0.348417
SVM_RBF,pooled_global,0,1,W0047,0,0,0.469772,0.530228
SVM_RBF,pooled_global,0,1,W0048,0,0,0.331663,0.668337
SVM_RBF,pooled_global,0,1,W0049,1,0,0.287357,0.712643
SVM_RBF,pooled_global,0,1,W0050,1,0,0.442227,0.557773
SVM_RBF,pooled_global,0,1,W0051,1,1,0.697794,0.302206
SVM_RBF,pooled_global,0,1,W0052,1,1,0.925381,0.074619
SVM_RBF,pooled_global,0,1,W0053,1,1,0.950443,0.049557
SVM_RBF,pooled_global,0,1,W0054,1,1,0.967071,0.032929
SVM_RBF,pooled_global,0,1,W0055,0,1,0.979051,0.020949
SVM_RBF,pooled_global,0,1,W0056,0,1,0.916832,0.083168
SVM_RBF,pooled_global,0,1,W0057,0,0,0.021397,0.978603
SVM_RBF,pooled_global,0,1,W0058,0,0,0.000168,0.999832
SVM_RBF,pooled_global,0,1,W0059,0,0,0.000232,0.999768
SVM_RBF,pooled_global,0,1,W0060,0,0,0.000245,0.999755
SVM_RBF,pooled_global,0,1,W0061,1,0,0.000627,0.999373
SVM_RBF,pooled_global,0,1,W0062,1,0,0.184507,0.815493
SVM_RBF,pooled_global,0,1,W0063,1,1,0.966490,0.033510
SVM_RBF,pooled_global,0,1,W0064,1,1,0.974916,0.025084
SVM_RBF,pooled_global,0,1,W0065,1,1,0.963747,0.036253
SVM_RBF,pooled_global,0,1,W0066,1,1,0.965471,0.034529
SVM_RBF,pooled_global,0,1,W0067,1,1,0.974459,0.025541
SVM_RBF,pooled_global,0,1,W0068,1,1,0.979494,0.020506
SVM_RBF,pooled_global,0,1,W0069,1,1,0.969316,0.030684
SVM_RBF,pooled_global,0,1,W0070,1,1,0.957827,0.042173
SVM_RBF,pooled_global,0,1,W0071,1,1,0.980264,0.019736
SVM_RBF,pooled_global,0,1,W0072,1,1,0.985175,0.014825
SVM_RBF,pooled_global,0,1,W0073,1,1,0.982304,0.017696
SVM_RBF,pooled_global,0,1,W0074,1,1,0.987170,0.012830
SVM_RBF,pooled_global,0,1,W0075,1,1,0.982408,0.017592
SVM_RBF,pooled_global,0,1,W0076,1,1,0.961293,0.038707
SVM_RBF,pooled_global,0,1,W0077,1,1,0.978805,0.021195
SVM_RBF,pooled_global,0,1,W0078,1,1,0.983697,0.016303
SVM_RBF,pooled_global,0,1,W0079,1,1,0.992683,0.007317
SVM_RBF,pooled_global,0,1,W0080,1,1,0.989009,0.010991
SVM_RBF,pooled_global,0,1,W0081,1,1,0.985410,0.014590
SVM_RBF,pooled_global,0,1,W0082,1,1,0.986174,0.013826
SVM_RBF,pooled_global,0,1,W0083,1,1,0.987971,0.012029
SVM_RBF,pooled_global,0,1,W0084,1,1,0.987203,0.012797
SVM_RBF,pooled_global,0,1,W0085,1,1,0.988960,0.011040
SVM_RBF,pooled_global,0,1,W0086,1,1,0.989407,0.010593
SVM_RBF,pooled_global,0,1,W0087,1,1,0.985160,0.014840
SVM_RBF,pooled_global,0,1,W0088,1,1,0.983912,0.016088
SVM_RBF,pooled_global,0,1,W0089,1,1,0.990292,0.009708
SVM_RBF,pooled_global,0,1,W0090,1,1,0.986577,0.013423
SVM_RBF,pooled_global,0,1,W0091,1,1,0.988998,0.011002
SVM_RBF,pooled_global,0,1,W0092,1,1,0.989989,0.010011
SVM_RBF,pooled_global,0,1,W0093,1,1,0.991265,0.008735
SVM_RBF,pooled_global,0,1,W0094,1,1,0.982373,0.017627
SVM_RBF,pooled_global,0,1,W0095,1,1,0.973418,0.026582
SVM_RBF,pooled_global,0,1,W0096,1,1,0.984634,0.015366
SVM_RBF,pooled_global,0,1,W0097,1,1,0.989938,0.010062
SVM_RBF,pooled_global,0,1,W0098,1,1,0.992713,0.007287
SVM_RBF,pooled_global,0,1,W0099,1,1,0.991749,0.008251
SVM_RBF,pooled_global,0,1,W0100,1,1,0.989068,0.010932
SVM_RBF,pooled_global,0,1,W0101,1,1,0.981180,0.018820
SVM_RBF,pooled_global,0,1,W0102,1,1,0.966794,0.033206
SVM_RBF,pooled_global,0,1,W0103,1,1,0.976733,0.023267
SVM_RBF,pooled_global,0,1,W0104,1,1,0.990279,0.009721
SVM_RBF,pooled_global,0,1,W0105,1,1,0.989743,0.010257
SVM_RBF,pooled_global,0,1,W0106,1,1,0.982672,0.017328
SVM_RBF,pooled_global,0,1,W0107,1,1,0.977270,0.022730
SVM_RBF,pooled_global,0,1,W0108,1,1,0.974066,0.025934
SVM_RBF,pooled_global,0,1,W0109,1,1,0.980823,0.019177
SVM_RBF,pooled_global,0,1,W0110,1,1,0.986832,0.013168
SVM_RBF,pooled_global,0,1,W0111,1,1,0.989157,0.010843
SVM_RBF,pooled_global,0,1,W0112,1,1,0.990844,0.009156
SVM_RBF,pooled_global,0,1,W0113,1,1,0.990774,0.009226
SVM_RBF,pooled_global,0,1,W0114,1,1,0.990105,0.009895
SVM_RBF,pooled_global,0,1,W0115,1,1,0.977774,0.022226
SVM_RBF,pooled_global,0,1,W0116,1,1,0.988001,0.011999
SVM_RBF,pooled_global,0,1,W0117,1,1,0.993913,0.006087
SVM_RBF,pooled_global,0,1,W0118,1,1,0.989848,0.010152
SVM_RBF,pooled_global,0,1,W0119,1,1,0.987131,0.012869
SVM_RBF,pooled_global,0,1,W0120,1,1,0.988545,0.011455
SVM_RBF,pooled_global,0,1,W0121,1,1,0.981853,0.018147
SVM_RBF,pooled_global,0,1,W0122,1,1,0.987828,0.012172
SVM_RBF,pooled_global,0,1,W0123,1,1,0.991046,0.008954
SVM_RBF,pooled_global,0,1,W0124,1,1,0.988157,0.011843
SVM_RBF,pooled_global,0,1,W0125,1,1,0.979663,0.020337
SVM_RBF,pooled_global,0,1,W0126,1,1,0.983406,0.016594
SVM_RBF,pooled_global,0,1,W0127,1,1,0.987511,0.012489
SVM_RBF,pooled_global,0,1,W0128,1,1,0.993068,0.006932
SVM_RBF,pooled_global,0,1,W0129,1,1,0.990065,0.009935
SVM_RBF,pooled_global,0,1,W0130,1,1,0.990816,0.009184
SVM_RBF,pooled_global,0,1,W0131,1,1,0.977977,0.022023
SVM_RBF,pooled_global,0,1,W0132,1,1,0.975883,0.024117
SVM_RBF,pooled_global,0,1,W0133,1,1,0.985019,0.014981
SVM_RBF,pooled_global,0,1,W0134,1,1,0.983248,0.016752
SVM_RBF,pooled_global,0,1,W0135,1,1,0.989434,0.010566
SVM_RBF,pooled_global,0,1,W0136,1,1,0.989092,0.010908
SVM_RBF,pooled_global,0,1,W0137,1,1,0.986596,0.013404
SVM_RBF,pooled_global,0,1,W0138,1,1,0.988479,0.011521
SVM_RBF,pooled_global,0,1,W0139,1,1,0.984157,0.015843
SVM_RBF,pooled_global,0,1,W0140,1,1,0.986636,0.013364
SVM_RBF,pooled_global,0,1,W0141,1,1,0.991083,0.008917
SVM_RBF,pooled_global,0,1,W0142,1,1,0.992496,0.007504
SVM_RBF,pooled_global,0,1,W0143,1,1,0.987604,0.012396
SVM_RBF,pooled_global,0,1,W0144,1,1,0.986116,0.013884
SVM_RBF,pooled_global,0,1,W0145,1,1,0.988993,0.011007
SVM_RBF,pooled_global,0,1,W0146,1,1,0.988193,0.011807
SVM_RBF,pooled_global,0,1,W0147,1,1,0.991551,0.008449
SVM_RBF,pooled_global,0,1,W0148,1,1,0.990017,0.009983
SVM_RBF,pooled_global,0,1,W0149,1,1,0.992382,0.007618
SVM_RBF,pooled_global,0,1,W0150,1,1,0.991279,0.008721
SVM_RBF,pooled_global,0,1,W0151,1,1,0.989968,0.010032
SVM_RBF,pooled_global,0,1,W0152,1,1,0.992612,0.007388
SVM_RBF,pooled_global,0,1,W0153,1,1,0.988877,0.011123
SVM_RBF,pooled_global,0,1,W0154,1,1,0.990543,0.009457
SVM_RBF,pooled_global,0,1,W0155,1,1,0.987485,0.012515
SVM_RBF,pooled_global,0,1,W0156,1,1,0.981766,0.018234
SVM_RBF,pooled_global,0,1,W0157,1,1,0.988350,0.011650
SVM_RBF,pooled_global,0,1,W0158,1,1,0.986141,0.013859
SVM_RBF,pooled_global,0,1,W0159,1,1,0.987350,0.012650
SVM_RBF,pooled_global,0,1,W0160,1,1,0.989951,0.010049
SVM_RBF,pooled_global,0,1,W0161,1,1,0.992772,0.007228
SVM_RBF,pooled_global,0,1,W0162,1,1,0.990908,0.009092
SVM_RBF,pooled_global,0,1,W0163,1,1,0.989401,0.010599
SVM_RBF,pooled_global,0,1,W0164,1,1,0.992570,0.007430
SVM_RBF,pooled_global,0,1,W0165,1,1,0.990550,0.009450
SVM_RBF,pooled_global,0,1,W0166,1,1,0.989523,0.010477
SVM_RBF,pooled_global,0,1,W0167,1,1,0.990537,0.009463
SVM_RBF,pooled_global,0,1,W0168,1,1,0.989306,0.010694
SVM_RBF,pooled_global,0,1,W0169,1,1,0.991684,0.008316
SVM_RBF,pooled_global,0,1,W0170,1,1,0.989103,0.010897
SVM_RBF,pooled_global,0,1,W0171,1,1,0.990049,0.009951
SVM_RBF,pooled_global,0,1,W0172,1,1,0.989797,0.010203
SVM_RBF,pooled_global,0,1,W0173,1,1,0.992060,0.007940
SVM_RBF,pooled_global,0,1,W0174,1,1,0.992552,0.007448
SVM_RBF,pooled_global,0,1,W0175,1,1,0.992197,0.007803
SVM_RBF,pooled_global,0,1,W0176,1,1,0.990880,0.009120
SVM_RBF,pooled_global,0,1,W0177,1,1,0.991135,0.008865
SVM_RBF,pooled_global,0,1,W0178,1,1,0.990583,0.009417
SVM_RBF,pooled_global,0,1,W0179,1,1,0.993045,0.006955
SVM_RBF,pooled_global,0,1,W0180,1,1,0.991269,0.008731
SVM_RBF,pooled_global,0,1,W0181,1,1,0.993544,0.006456
SVM_RBF,pooled_global,0,1,W0182,1,1,0.993533,0.006467
SVM_RBF,pooled_global,0,1,W0183,1,1,0.994584,0.005416
SVM_RBF,pooled_global,0,1,W0184,1,1,0.994561,0.005439
SVM_RBF,pooled_global,0,1,W0185,1,1,0.992163,0.007837
SVM_RBF,pooled_global,0,1,W0186,1,1,0.990542,0.009458
SVM_RBF,pooled_global,0,1,W0187,1,1,0.992874,0.007126
SVM_RBF,pooled_global,0,1,W0188,1,1,0.992095,0.007905
SVM_RBF,pooled_global,0,1,W0189,1,1,0.988956,0.011044
SVM_RBF,pooled_global,0,1,W0190,1,1,0.991514,0.008486
SVM_RBF,pooled_global,0,1,W0191,1,1,0.991133,0.008867
SVM_RBF,pooled_global,0,1,W0192,1,1,0.993234,0.006766
SVM_RBF,pooled_global,0,1,W0193,1,1,0.993268,0.006732
SVM_RBF,pooled_global,0,1,W0194,1,1,0.991566,0.008434
SVM_RBF,pooled_global,0,1,W0195,1,1,0.990873,0.009127
SVM_RBF,pooled_global,0,1,W0196,1,1,0.991045,0.008955
SVM_RBF,pooled_global,0,1,W0197,1,1,0.993171,0.006829
SVM_RBF,pooled_global,0,1,W0198,1,1,0.993385,0.006615
SVM_RBF,pooled_global,0,1,W0199,1,1,0.993094,0.006906
SVM_RBF,pooled_global,0,1,W0200,1,1,0.988701,0.011299
SVM_RBF,pooled_global,0,1,W0201,1,1,0.987760,0.012240
SVM_RBF,pooled_global,0,1,W0202,1,1,0.989571,0.010429
SVM_RBF,pooled_global,0,1,W0203,1,1,0.989215,0.010785
SVM_RBF,pooled_global,0,1,W0204,1,1,0.986326,0.013674
SVM_RBF,pooled_global,0,1,W0205,1,1,0.991444,0.008556
SVM_RBF,pooled_global,0,1,W0206,1,1,0.992225,0.007775
SVM_RBF,pooled_global,0,1,W0207,1,1,0.992990,0.007010
SVM_RBF,pooled_global,0,1,W0208,1,1,0.993033,0.006967
SVM_RBF,pooled_global,0,1,W0209,1,1,0.992009,0.007991
SVM_RBF,pooled_global,0,1,W0210,1,1,0.992101,0.007899
SVM_RBF,pooled_global,0,1,W0211,1,1,0.994662,0.005338
SVM_RBF,pooled_global,0,1,W0212,1,1,0.991544,0.008456
SVM_RBF,pooled_global,0,1,W0213,1,1,0.990151,0.009849
SVM_RBF,pooled_global,0,1,W0214,1,1,0.991562,0.008438
SVM_RBF,pooled_global,0,1,W0215,1,1,0.991218,0.008782
SVM_RBF,pooled_global,0,1,W0216,1,1,0.993492,0.006508
SVM_RBF,pooled_global,0,1,W0217,1,1,0.993644,0.006356
SVM_RBF,pooled_global,0,1,W0218,1,1,0.993703,0.006297
SVM_RBF,pooled_global,0,1,W0219,1,1,0.993294,0.006706
SVM_RBF,pooled_global,0,1,W0220,1,1,0.994044,0.005956
SVM_RBF,pooled_global,0,1,W0221,0,1,0.992757,0.007243
SVM_RBF,pooled_global,0,1,W0222,0,1,0.982643,0.017357
SVM_RBF,pooled_global,0,1,W0223,0,0,0.002063,0.997937
SVM_RBF,pooled_global,0,1,W0224,0,0,0.000541,0.999459
SVM_RBF,pooled_global,0,1,W0225,0,0,0.004248,0.995752
SVM_RBF,pooled_global,0,1,W0226,0,0,0.008048,0.991952
SVM_RBF,pooled_global,0,1,W0227,0,0,0.008170,0.991830
SVM_RBF,pooled_global,0,1,W0228,0,0,0.014751,0.985249
SVM_RBF,pooled_global,0,1,W0229,0,0,0.053469,0.946531
SVM_RBF,pooled_global,0,1,W0230,0,0,0.029408,0.970592
SVM_RBF,pooled_global,0,1,W0231,0,0,0.010208,0.989792
SVM_RBF,pooled_global,0,1,W0232,0,0,0.014932,0.985068
SVM_RBF,pooled_global,0,1,W0233,0,0,0.049165,0.950835
SVM_RBF,pooled_global,0,1,W0234,0,0,0.005468,0.994532
SVM_RBF,pooled_global,0,1,W0235,0,0,0.005600,0.994400
SVM_RBF,pooled_global,0,1,W0236,0,0,0.066683,0.933317
SVM_RBF,pooled_global,0,1,W0237,1,1,0.547508,0.452492
SVM_RBF,pooled_global,0,1,W0238,1,1,0.836675,0.163325
SVM_RBF,pooled_global,0,1,W0239,1,1,0.909097,0.090903
SVM_RBF,pooled_global,0,1,W0240,1,1,0.928168,0.071832
SVM_RBF,pooled_global,0,1,W0241,1,1,0.952844,0.047156
SVM_RBF,pooled_global,0,1,W0242,1,1,0.953649,0.046351
SVM_RBF,pooled_global,0,1,W0243,1,1,0.955896,0.044104
SVM_RBF,pooled_global,0,1,W0244,1,1,0.964316,0.035684
SVM_RBF,pooled_global,0,1,W0245,1,1,0.973255,0.026745
SVM_RBF,pooled_global,0,1,W0246,1,1,0.970220,0.029780
SVM_RBF,pooled_global,0,1,W0247,1,1,0.975188,0.024812
SVM_RBF,pooled_global,0,1,W0248,1,1,0.976457,0.023543
SVM_RBF,pooled_global,0,1,W0249,1,1,0.974723,0.025277
RandomForest,pooled_global,0,1,W0000,1,1,0.994354,0.005646
RandomForest,pooled_global,0,1,W0001,1,1,0.988239,0.011761
RandomForest,pooled_global,0,1,W0002,1,1,0.979813,0.020187
RandomForest,pooled_global,0,1,W0003,1,1,0.973179,0.026821
RandomForest,pooled_global,0,1,W0004,1,1,0.941745,0.058255
RandomForest,pooled_global,0,1,W0005,1,1,0.975699,0.024301
RandomForest,pooled_global,0,1,W0006,1,1,0.991563,0.008437
RandomForest,pooled_global,0,1,W0007,1,1,0.995655,0.004345
RandomForest,pooled_global,0,1,W0008,1,1,0.998795,0.001205
RandomForest,pooled_global,0,1,W0009,1,1,0.994354,0.005646
RandomForest,pooled_global,0,1,W0010,1,1,0.996667,0.003333
RandomForest,pooled_global,0,1,W0011,1,1,0.996667,0.003333
RandomForest,pooled_global,0,1,W0012,1,1,0.987383,0.012617
RandomForest,pooled_global,0,1,W0013,1,1,0.973046,0.026954
RandomForest,pooled_global,0,1,W0014,1,1,1.000000,0.000000
RandomForest,pooled_global,0,1,W0015,1,1,1.000000,0.000000
RandomForest,pooled_global,0,1,W0016,1,1,0.997590,0.002410
RandomForest,pooled_global,0,1,W0017,1,1,0.983687,0.016313
RandomForest,pooled_global,0,1,W0018,1,1,0.980496,0.019504
RandomForest,pooled_global,0,1,W0019,1,1,0.970082,0.029918
RandomForest,pooled_global,0,1,W0020,1,1,0.942271,0.057729
RandomForest,pooled_global,0,1,W0021,1,1,0.930024,0.069976
RandomForest,pooled_global,0,1,W0022,1,1,0.929659,0.070341
RandomForest,pooled_global,0,1,W0023,1,1,0.917421,0.082579
RandomForest,pooled_global,0,1,W0024,1,1,0.974536,0.025464
RandomForest,pooled_global,0,1,W0025,1,1,0.977414,0.022586
RandomForest,pooled_global,0,1,W0026,1,1,0.994897,0.005103
RandomForest,pooled_global,0,1,W0027,1,1,0.998230,0.001770
RandomForest,pooled_global,0,1,W0028,1,1,0.994897,0.005103
RandomForest,pooled_global,0,1,W0029,1,1,0.997025,0.002975
RandomForest,pooled_global,0,1,W0030,1,1,0.970815,0.029185
RandomForest,pooled_global,0,1,W0031,1,1,0.975042,0.024958
RandomForest,pooled_global,0,1,W0032,1,1,0.951181,0.048819
RandomForest,pooled_global,0,1,W0033,1,1,0.889499,0.110501
RandomForest,pooled_global,0,1,W0034,1,1,0.996667,0.003333
RandomForest,pooled_global,0,1,W0035,1,1,0.978391,0.021609
RandomForest,pooled_global,0,1,W0036,1,1,0.971280,0.028720
RandomForest,pooled_global,0,1,W0037,1,1,0.973969,0.026031
RandomForest,pooled_global,0,1,W0038,1,1,0.970071,0.029929
RandomForest,pooled_global,0,1,W0039,1,1,0.974067,0.025933
RandomForest,pooled_global,0,1,W0040,1,1,0.995569,0.004431
RandomForest,pooled_global,0,1,W0041,1,1,0.978980,0.021020
RandomForest,pooled_global,0,1,W0042,1,1,0.976445,0.023555
RandomForest,pooled_global,0,1,W0043,1,1,0.982124,0.017876
RandomForest,pooled_global,0,1,W0044,1,1,0.996667,0.003333
RandomForest,pooled_global,0,1,W0045,0,1,0.684564,0.315436
RandomForest,pooled_global,0,1,W0046,0,0,0.490582,0.509418
RandomForest,pooled_global,0,1,W0047,0,1,0.546550,0.453450
RandomForest,pooled_global,0,1,W0048,0,1,0.536848,0.463152
RandomForest,pooled_global,0,1,W0049,1,0,0.480698,0.519302
RandomForest,pooled_global,0,1,W0050,1,1,0.553239,0.446761
RandomForest,pooled_global,0,1,W0051,1,1,0.697891,0.302109
RandomForest,pooled_global,0,1,W0052,1,1,0.806261,0.193739
RandomForest,pooled_global,0,1,W0053,1,1,0.934019,0.065981
RandomForest,pooled_global,0,1,W0054,1,1,0.994569,0.005431
RandomForest,pooled_global,0,1,W0055,0,1,0.974524,0.025476
RandomForest,pooled_global,0,1,W0056,0,1,0.821783,0.178217
RandomForest,pooled_global,0,1,W0057,0,0,0.170876,0.829124
RandomForest,pooled_global,0,1,W0058,0,0,0.076471,0.923529
RandomForest,pooled_global,0,1,W0059,0,0,0.071270,0.928730
RandomForest,pooled_global,0,1,W0060,0,0,0.063224,0.936776
RandomForest,pooled_global,0,1,W0061,1,0,0.088613,0.911387
RandomForest,pooled_global,0,1,W0062,1,0,0.162979,0.837021
RandomForest,pooled_global,0,1,W0063,1,1,0.876108,0.123892
RandomForest,pooled_global,0,1,W0064,1,1,0.983301,0.016699
RandomForest,pooled_global,0,1,W0065,1,1,0.959370,0.040630
RandomForest,pooled_global,0,1,W0066,1,1,0.959598,0.040402
RandomForest,pooled_global,0,1,W0067,1,1,0.963909,0.036091
RandomForest,pooled_global,0,1,W0068,1,1,0.905204,0.094796
RandomForest,pooled_global,0,1,W0069,1,1,0.933201,0.066799
RandomForest,pooled_global,0,1,W0070,1,1,0.862802,0.137198
RandomForest,pooled_global,0,1,W0071,1,1,0.998230,0.001770
RandomForest,pooled_global,0,1,W0072,1,1,0.989802,0.010198
RandomForest,pooled_global,0,1,W0073,1,1,0.992799,0.007201
RandomForest,pooled_global,0,1,W0074,1,1,0.975688,0.024312
RandomForest,pooled_global,0,1,W0075,1,1,0.985764,0.014236
RandomForest,pooled_global,0,1,W0076,1,1,0.971127,0.028873
RandomForest,pooled_global,0,1,W0077,1,1,0.989632,0.010368
RandomForest,pooled_global,0,1,W0078,1,1,1.000000,0.000000
RandomForest,pooled_global,0,1,W0079,1,1,1.000000,0.000000
RandomForest,pooled_global,0,1,W0080,1,1,0.996667,0.003333
RandomForest,pooled_global,0,1,W0081,1,1,0.973918,0.026082
RandomForest,pooled_global,0,1,W0082,1,1,0.984278,0.015722
RandomForest,pooled_global,0,1,W0083,1,1,0.970261,0.029739
RandomForest,pooled_global,0,1,W0084,1,1,1.000000,0.000000
RandomForest,pooled_global,0,1,W0085,1,1,0.998795,0.001205
RandomForest,pooled_global,0,1,W0086,1,1,0.970913,0.029087
RandomForest,pooled_global,0,1,W0087,1,1,0.995462,0.004538
RandomForest,pooled_global,0,1,W0088,1,1,0.979464,0.020536
RandomForest,pooled_global,0,1,W0089,1,1,0.994342,0.005658
RandomForest,pooled_global,0,1,W0090,1,1,0.996667,0.003333
RandomForest,pooled_global,0,1,W0091,1,1,0.995820,0.004180
RandomForest,pooled_global,0,1,W0092,1,1,1.000000,0.000000
RandomForest,pooled_global,0,1,W0093,1,1,0.982722,0.017278
RandomForest,pooled_global,0,1,W0094,1,1,1.000000,0.000000
RandomForest,pooled_global,0,1,W0095,1,1,0.951860,0.048140
RandomForest,pooled_global,0,1,W0096,1,1,0.995255,0.004745
RandomForest,pooled_global,0,1,W0097,1,1,0.971343,0.028657
RandomForest,pooled_global,0,1,W0098,1,1,0.972839,0.027161
RandomForest,pooled_global,0,1,W0099,1,1,0.996112,0.003888
RandomForest,pooled_global,0,1,W0100,1,1,0.975536,0.024464
RandomForest,pooled_global,0,1,W0101,1,1,0.854826,0.145174
RandomForest,pooled_global,0,1,W0102,1,1,0.807407,0.192593
RandomForest,pooled_global,0,1,W0103,1,1,1.000000,0.000000
RandomForest,pooled_global,0,1,W0104,1,1,0.990152,0.009848
RandomForest,pooled_global,0,1,W0105,1,1,0.994050,0.005950
RandomForest,pooled_global,0,1,W0106,1,1,1.000000,0.000000
RandomForest,pooled_global,0,1,W0107,1,1,0.898408,0.101592
RandomForest,pooled_global,0,1,W0108,1,1,0.943363,0.056637
RandomForest,pooled_global,0,1,W0109,1,1,0.943461,0.056539
RandomForest,pooled_global,0,1,W0110,1,1,0.941355,0.058645
RandomForest,pooled_global,0,1,W0111,1,1,1.000000,0.000000
RandomForest,pooled_global,0,1,W0112,1,1,0.968693,0.031307
RandomForest,pooled_global,0,1,W0113,1,1,0.981210,0.018790
RandomForest,pooled_global,0,1,W0114,1,1,0.985711,0.014289
RandomForest,pooled_global,0,1,W0115,1,1,0.964741,0.035259
RandomForest,pooled_global,0,1,W0116,1,1,1.000000,0.000000
RandomForest,pooled_global,0,1,W0117,1,1,0.995547,0.004453
RandomForest,pooled_global,0,1,W0118,1,1,1.000000,0.000000
RandomForest,pooled_global,0,1,W0119,1,1,0.994690,0.005310
RandomForest,pooled_global,0,1,W0120,1,1,1.000000,0.000000
RandomForest,pooled_global,0,1,W0121,1,1,1.000000,0.000000
RandomForest,pooled_global,0,1,W0122,1,1,1.000000,0.000000
RandomForest,pooled_global,0,1,W0123,1,1,0.971185,0.028815
RandomForest,pooled_global,0,1,W0124,1,1,1.000000,0.000000
RandomForest,pooled_global,0,1,W0125,1,1,0.986612,0.013388
RandomForest,pooled_global,0,1,W0126,1,1,0.994713,0.005287
RandomForest,pooled_global,0,1,W0127,1,1,1.000000,0.000000
RandomForest,pooled_global,0,1,W0128,1,1,0.992584,0.007416
RandomForest,pooled_global,0,1,W0129,1,1,0.992042,0.007958
RandomForest,pooled_global,0,1,W0130,1,1,0.992584,0.007416
RandomForest,pooled_global,0,1,W0131,1,1,1.000000,0.000000
RandomForest,pooled_global,0,1,W0132,1,1,0.924670,0.075330
RandomForest,pooled_global,0,1,W0133,1,1,0.955349,0.044651
RandomForest,pooled_global,0,1,W0134,1,1,0.989523,0.010477
RandomForest,pooled_global,0,1,W0135,1,1,0.998795,0.001205
RandomForest,pooled_global,0,1,W0136,1,1,1.000000,0.000000
RandomForest,pooled_global,0,1,W0137,1,1,1.000000,0.000000
RandomForest,pooled_global,0,1,W0138,1,1,0.991021,0.008979
RandomForest,pooled_global,0,1,W0139,1,1,0.985363,0.014637
RandomForest,pooled_global,0,1,W0140,1,1,0.994897,0.005103
RandomForest,pooled_global,0,1,W0141,1,1,0.973202,0.026798
RandomForest,pooled_global,0,1,W0142,1,1,0.983942,0.016058
RandomForest,pooled_global,0,1,W0143,1,1,0.996667,0.003333
RandomForest,pooled_global,0,1,W0144,1,1,0.974102,0.025898
RandomForest,pooled_global,0,1,W0145,1,1,0.956747,0.043253
RandomForest,pooled_global,0,1,W0146,1,1,1.000000,0.000000
RandomForest,pooled_global,0,1,W0147,1,1,0.971511,0.028489
RandomForest,pooled_global,0,1,W0148,1,1,0.942172,0.057828
RandomForest,pooled_global,0,1,W0149,1,1,0.998230,0.001770
RandomForest,pooled_global,0,1,W0150,1,1,0.974481,0.025519
RandomForest,pooled_global,0,1,W0151,1,1,0.978273,0.021727
RandomForest,pooled_global,0,1,W0152,1,1,0.998230,0.001770
RandomForest,pooled_global,0,1,W0153,1,1,0.991835,0.008165
RandomForest,pooled_global,0,1,W0154,1,1,0.990065,0.009935
RandomForest,pooled_global,0,1,W0155,1,1,0.989152,0.010848
RandomForest,pooled_global,0,1,W0156,1,1,0.978499,0.021501
RandomForest,pooled_global,0,1,W0157,1,1,0.979703,0.020297
RandomForest,pooled_global,0,1,W0158,1,1,0.969127,0.030873
RandomForest,pooled_global,0,1,W0159,1,1,0.996667,0.003333
RandomForest,pooled_global,0,1,W0160,1,1,0.944028,0.055972
RandomForest,pooled_global,0,1,W0161,1,1,0.992572,0.007428
RandomForest,pooled_global,0,1,W0162,1,1,0.998230,0.001770
RandomForest,pooled_global,0,1,W0163,1,1,1.000000,0.000000
RandomForest,pooled_global,0,1,W0164,1,1,0.998230,0.001770
RandomForest,pooled_global,0,1,W0165,1,1,0.994897,0.005103
RandomForest,pooled_global,0,1,W0166,1,1,0.996460,0.003540
RandomForest,pooled_global,0,1,W0167,1,1,0.998230,0.001770
RandomForest,pooled_global,0,1,W0168,1,1,0.973830,0.026170
RandomForest,pooled_global,0,1,W0169,1,1,0.989652,0.010348
RandomForest,pooled_global,0,1,W0170,1,1,1.000000,0.000000
RandomForest,pooled_global,0,1,W0171,1,1,0.995255,0.004745
RandomForest,pooled_global,0,1,W0172,1,1,1.000000,0.000000
RandomForest,pooled_global,0,1,W0173,1,1,0.995918,0.004082
RandomForest,pooled_global,0,1,W0174,1,1,0.991715,0.008285
RandomForest,pooled_global,0,1,W0175,1,1,0.974122,0.025878
RandomForest,pooled_global,0,1,W0176,1,1,0.982737,0.017263
RandomForest,pooled_global,0,1,W0177,1,1,0.989152,0.010848
RandomForest,pooled_global,0,1,W0178,1,1,0.969656,0.030344
RandomForest,pooled_global,0,1,W0179,1,1,0.967094,0.032906
RandomForest,pooled_global,0,1,W0180,1,1,0.977183,0.022817
RandomForest,pooled_global,0,1,W0181,1,1,0.997317,0.002683
RandomForest,pooled_global,0,1,W0182,1,1,0.986568,0.013432
RandomForest,pooled_global,0,1,W0183,1,1,0.986568,0.013432
RandomForest,pooled_global,0,1,W0184,1,1,0.980715,0.019285
RandomForest,pooled_global,0,1,W0185,1,1,0.975819,0.024181
RandomForest,pooled_global,0,1,W0186,1,1,0.985819,0.014181
RandomForest,pooled_global,0,1,W0187,1,1,1.000000,0.000000
RandomForest,pooled_global,0,1,W0188,1,1,1.000000,0.000000
RandomForest,pooled_global,0,1,W0189,1,1,0.992378,0.007622
RandomForest,pooled_global,0,1,W0190,1,1,0.994690,0.005310
RandomForest,pooled_global,0,1,W0191,1,1,1.000000,0.000000
RandomForest,pooled_global,0,1,W0192,1,1,0.994897,0.005103
RandomForest,pooled_global,0,1,W0193,1,1,0.998230,0.001770
RandomForest,pooled_global,0,1,W0194,1,1,0.979768,0.020232
RandomForest,pooled_global,0,1,W0195,1,1,0.992584,0.007416
RandomForest,pooled_global,0,1,W0196,1,1,1.000000,0.000000
RandomForest,pooled_global,0,1,W0197,1,1,1.000000,0.000000
RandomForest,pooled_global,0,1,W0198,1,1,0.990272,0.009728
RandomForest,pooled_global,0,1,W0199,1,1,0.990814,0.009186
RandomForest,pooled_global,0,1,W0200,1,1,0.985620,0.014380
RandomForest,pooled_global,0,1,W0201,1,1,0.998230,0.001770
RandomForest,pooled_global,0,1,W0202,1,1,0.997025,0.002975
RandomForest,pooled_global,0,1,W0203,1,1,0.994897,0.005103
RandomForest,pooled_global,0,1,W0204,1,1,0.994897,0.005103
RandomForest,pooled_global,0,1,W0205,1,1,0.993234,0.006766
RandomForest,pooled_global,0,1,W0206,1,1,0.987133,0.012867
RandomForest,pooled_global,0,1,W0207,1,1,0.989251,0.010749
RandomForest,pooled_global,0,1,W0208,1,1,0.986939,0.013061
RandomForest,pooled_global,0,1,W0209,1,1,1.000000,0.000000
RandomForest,pooled_global,0,1,W0210,1,1,0.993777,0.006223
RandomForest,pooled_global,0,1,W0211,1,1,0.997025,0.002975
RandomForest,pooled_global,0,1,W0212,1,1,0.991173,0.008827
RandomForest,pooled_global,0,1,W0213,1,1,1.000000,0.000000
RandomForest,pooled_global,0,1,W0214,1,1,0.998795,0.001205
RandomForest,pooled_global,0,1,W0215,1,1,1.000000,0.000000
RandomForest,pooled_global,0,1,W0216,1,1,0.998230,0.001770
RandomForest,pooled_global,0,1,W0217,1,1,1.000000,0.000000
RandomForest,pooled_global,0,1,W0218,1,1,0.997025,0.002975
RandomForest,pooled_global,0,1,W0219,1,1,0.984962,0.015038
RandomForest,pooled_global,0,1,W0220,1,1,0.989609,0.010391
RandomForest,pooled_global,0,1,W0221,0,1,1.000000,0.000000
RandomForest,pooled_global,0,1,W0222,0,1,0.967011,0.032989
RandomForest,pooled_global,0,1,W0223,0,0,0.018814,0.981186
RandomForest,pooled_global,0,1,W0224,0,0,0.011880,0.988120
RandomForest,pooled_global,0,1,W0225,0,0,0.002128,0.997872
RandomForest,pooled_global,0,1,W0226,0,0,0.009609,0.990391
RandomForest,pooled_global,0,1,W0227,0,0,0.254344,0.745656
RandomForest,pooled_global,0,1,W0228,0,0,0.264470,0.735530
RandomForest,pooled_global,0,1,W0229,0,0,0.034135,0.965865
RandomForest,pooled_global,0,1,W0230,0,0,0.008502,0.991498
RandomForest,pooled_global,0,1,W0231,0,0,0.008636,0.991364
RandomForest,pooled_global,0,1,W0232,0,0,0.056985,0.943015
RandomForest,pooled_global,0,1,W0233,0,0,0.101476,0.898524
RandomForest,pooled_global,0,1,W0234,0,0,0.136192,0.863808
RandomForest,pooled_global,0,1,W0235,0,0,0.059222,0.940778
RandomForest,pooled_global,0,1,W0236,0,0,0.097614,0.902386
RandomForest,pooled_global,0,1,W0237,1,0,0.377655,0.622345
RandomForest,pooled_global,0,1,W0238,1,1,0.627174,0.372826
RandomForest,pooled_global,0,1,W0239,1,1,0.744134,0.255866
RandomForest,pooled_global,0,1,W0240,1,1,0.825283,0.174717
RandomForest,pooled_global,0,1,W0241,1,1,0.870168,0.129832
RandomForest,pooled_global,0,1,W0242,1,1,0.902169,0.097831
RandomForest,pooled_global,0,1,W0243,1,1,0.909485,0.090515
RandomForest,pooled_global,0,1,W0244,1,1,0.903239,0.096761
RandomForest,pooled_global,0,1,W0245,1,1,0.949061,0.050939
RandomForest,pooled_global,0,1,W0246,1,1,0.935339,0.064661
RandomForest,pooled_global,0,1,W0247,1,1,0.936402,0.063598
RandomForest,pooled_global,0,1,W0248,1,1,0.963088,0.036912
RandomForest,pooled_global,0,1,W0249,1,1,0.960715,0.039285
XGBoost,pooled_global,0,1,W0000,1,1,0.998783,0.001217
XGBoost,pooled_global,0,1,W0001,1,1,0.998801,0.001199
XGBoost,pooled_global,0,1,W0002,1,1,0.991521,0.008479
XGBoost,pooled_global,0,1,W0003,1,1,0.994735,0.005265
XGBoost,pooled_global,0,1,W0004,1,1,0.998686,0.001314
XGBoost,pooled_global,0,1,W0005,1,1,0.992155,0.007845
XGBoost,pooled_global,0,1,W0006,1,1,0.997385,0.002615
XGBoost,pooled_global,0,1,W0007,1,1,0.997706,0.002294
XGBoost,pooled_global,0,1,W0008,1,1,0.996940,0.003060
XGBoost,pooled_global,0,1,W0009,1,1,0.997872,0.002128
XGBoost,pooled_global,0,1,W0010,1,1,0.998600,0.001400
XGBoost,pooled_global,0,1,W0011,1,1,0.999497,0.000503
XGBoost,pooled_global,0,1,W0012,1,1,0.997013,0.002987
XGBoost,pooled_global,0,1,W0013,1,1,0.997325,0.002675
XGBoost,pooled_global,0,1,W0014,1,1,0.999336,0.000664
XGBoost,pooled_global,0,1,W0015,1,1,0.999152,0.000848
XGBoost,pooled_global,0,1,W0016,1,1,0.998756,0.001244
XGBoost,pooled_global,0,1,W0017,1,1,0.998635,0.001365
XGBoost,pooled_global,0,1,W0018,1,1,0.998386,0.001614
XGBoost,pooled_global,0,1,W0019,1,1,0.998618,0.001382
XGBoost,pooled_global,0,1,W0020,1,1,0.917070,0.082930
XGBoost,pooled_global,0,1,W0021,1,1,0.995159,0.004841
XGBoost,pooled_global,0,1,W0022,1,1,0.972489,0.027511
XGBoost,pooled_global,0,1,W0023,1,1,0.959736,0.040264
XGBoost,pooled_global,0,1,W0024,1,1,0.998228,0.001772
XGBoost,pooled_global,0,1,W0025,1,1,0.997051,0.002949
XGBoost,pooled_global,0,1,W0026,1,1,0.997955,0.002045
XGBoost,pooled_global,0,1,W0027,1,1,0.999120,0.000880
XGBoost,pooled_global,0,1,W0028,1,1,0.999112,0.000888
XGBoost,pooled_global,0,1,W0029,1,1,0.998831,0.001169
XGBoost,pooled_global,0,1,W0030,1,1,0.996311,0.003689
XGBoost,pooled_global,0,1,W0031,1,1,0.995751,0.004249
XGBoost,pooled_global,0,1,W0032,1,1,0.996577,0.003423
XGBoost,pooled_global,0,1,W0033,1,1,0.895615,0.104385
XGBoost,pooled_global,0,1,W0034,1,1,0.998408,0.001592
XGBoost,pooled_global,0,1,W0035,1,1,0.997474,0.002526
XGBoost,pooled_global,0,1,W0036,1,1,0.997979,0.002021
XGBoost,pooled_global,0,1,W0037,1,1,0.997877,0.002123
XGBoost,pooled_global,0,1,W0038,1,1,0.998656,0.001344
XGBoost,pooled_global,0,1,W0039,1,1,0.999123,0.000877
XGBoost,pooled_global,0,1,W0040,1,1,0.997620,0.002380
XGBoost,pooled_global,0,1,W0041,1,1,0.997759,0.002241
XGBoost,pooled_global,0,1,W0042,1,1,0.995829,0.004171
XGBoost,pooled_global,0,1,W0043,1,1,0.998264,0.001736
XGBoost,pooled_global,0,1,W0044,1,1,0.998850,0.001150
XGBoost,pooled_global,0,1,W0045,0,1,0.772138,0.227862
XGBoost,pooled_global,0,1,W0046,0,1,0.716995,0.283005
XGBoost,pooled_global,0,1,W0047,0,1,0.854466,0.145534
XGBoost,pooled_global,0,1,W0048,0,1,0.609198,0.390802
XGBoost,pooled_global,0,1,W0049,1,0,0.302652,0.697348
XGBoost,pooled_global,0,1,W0050,1,1,0.654909,0.345091
XGBoost,pooled_global,0,1,W0051,1,1,0.973493,0.026507
XGBoost,pooled_global,0,1,W0052,1,1,0.990152,0.009848
XGBoost,pooled_global,0,1,W0053,1,1,0.982155,0.017845
XGBoost,pooled_global,0,1,W0054,1,1,0.996732,0.003268
XGBoost,pooled_global,0,1,W0055,0,1,0.997096,0.002904
XGBoost,pooled_global,0,1,W0056,0,1,0.883644,0.116356
XGBoost,pooled_global,0,1,W0057,0,0,0.026157,0.973843
XGBoost,pooled_global,0,1,W0058,0,0,0.003960,0.996040
XGBoost,pooled_global,0,1,W0059,0,0,0.001565,0.998435
XGBoost,pooled_global,0,1,W0060,0,0,0.002225,0.997775
XGBoost,pooled_global,0,1,W0061,1,0,0.003435,0.996565
XGBoost,pooled_global,0,1,W0062,1,0,0.018277,0.981723
XGBoost,pooled_global,0,1,W0063,1,1,0.996479,0.003521
XGBoost,pooled_global,0,1,W0064,1,1,0.999146,0.000854
XGBoost,pooled_global,0,1,W0065,1,1,0.993079,0.006921
XGBoost,pooled_global,0,1,W0066,1,1,0.996343,0.003657
XGBoost,pooled_global,0,1,W0067,1,1,0.998432,0.001568
XGBoost,pooled_global,0,1,W0068,1,1,0.988616,0.011384
XGBoost,pooled_global,0,1,W0069,1,1,0.989195,0.010805
XGBoost,pooled_global,0,1,W0070,1,1,0.975428,0.024572
XGBoost,pooled_global,0,1,W0071,1,1,0.999178,0.000822
XGBoost,pooled_global,0,1,W0072,1,1,0.998522,0.001478
XGBoost,pooled_global,0,1,W0073,1,1,0.997802,0.002198
XGBoost,pooled_global,0,1,W0074,1,1,0.998810,0.001190
XGBoost,pooled_global,0,1,W0075,1,1,0.999036,0.000964
XGBoost,pooled_global,0,1,W0076,1,1,0.995070,0.004930
XGBoost,pooled_global,0,1,W0077,1,1,0.999428,0.000572
XGBoost,pooled_global,0,1,W0078,1,1,0.999842,0.000158
XGBoost,pooled_global,0,1,W0079,1,1,0.999827,0.000173
XGBoost,pooled_global,0,1,W0080,1,1,0.999746,0.000254
XGBoost,pooled_global,0,1,W0081,1,1,0.999547,0.000453
XGBoost,pooled_global,0,1,W0082,1,1,0.999815,0.000185
XGBoost,pooled_global,0,1,W0083,1,1,0.999745,0.000255
XGBoost,pooled_global,0,1,W0084,1,1,0.999695,0.000305
XGBoost,pooled_global,0,1,W0085,1,1,0.998893,0.001107
XGBoost,pooled_global,0,1,W0086,1,1,0.995706,0.004294
XGBoost,pooled_global,0,1,W0087,1,1,0.998860,0.001140
XGBoost,pooled_global,0,1,W0088,1,1,0.997331,0.002669
XGBoost,pooled_global,0,1,W0089,1,1,0.999747,0.000253
XGBoost,pooled_global,0,1,W0090,1,1,0.999791,0.000209
XGBoost,pooled_global,0,1,W0091,1,1,0.999833,0.000167
XGBoost,pooled_global,0,1,W0092,1,1,0.999801,0.000199
XGBoost,pooled_global,0,1,W0093,1,1,0.999350,0.000650
XGBoost,pooled_global,0,1,W0094,1,1,0.999520,0.000480
XGBoost,pooled_global,0,1,W0095,1,1,0.985327,0.014673
XGBoost,pooled_global,0,1,W0096,1,1,0.997510,0.002490
XGBoost,pooled_global,0,1,W0097,1,1,0.999100,0.000900
XGBoost,pooled_global,0,1,W0098,1,1,0.999035,0.000965
XGBoost,pooled_global,0,1,W0099,1,1,0.998956,0.001044
XGBoost,pooled_global,0,1,W0100,1,1,0.993887,0.006113
XGBoost,pooled_global,0,1,W0101,1,1,0.991317,0.008683
XGBoost,pooled_global,0,1,W0102,1,1,0.988971,0.011029
XGBoost,pooled_global,0,1,W0103,1,1,0.999668,0.000332
XGBoost,pooled_global,0,1,W0104,1,1,0.999814,0.000186
XGBoost,pooled_global,0,1,W0105,1,1,0.999794,0.000206
XGBoost,pooled_global,0,1,W0106,1,1,0.999745,0.000255
XGBoost,pooled_global,0,1,W0107,1,1,0.929194,0.070806
XGBoost,pooled_global,0,1,W0108,1,1,0.962538,0.037462
XGBoost,pooled_global,0,1,W0109,1,1,0.990274,0.009726
XGBoost,pooled_global,0,1,W0110,1,1,0.995760,0.004240
XGBoost,pooled_global,0,1,W0111,1,1,0.999130,0.000870
XGBoost,pooled_global,0,1,W0112,1,1,0.997888,0.002112
XGBoost,pooled_global,0,1,W0113,1,1,0.998691,0.001309
XGBoost,pooled_global,0,1,W0114,1,1,0.999448,0.000552
XGBoost,pooled_global,0,1,W0115,1,1,0.996133,0.003867
XGBoost,pooled_global,0,1,W0116,1,1,0.999853,0.000147
XGBoost,pooled_global,0,1,W0117,1,1,0.999727,0.000273
XGBoost,pooled_global,0,1,W0118,1,1,0.999906,0.000094
XGBoost,pooled_global,0,1,W0119,1,1,0.999811,0.000189
XGBoost,pooled_global,0,1,W0120,1,1,0.999240,0.000760
XGBoost,pooled_global,0,1,W0121,1,1,0.998723,0.001277
XGBoost,pooled_global,0,1,W0122,1,1,0.999665,0.000335
XGBoost,pooled_global,0,1,W0123,1,1,0.998844,0.001156
XGBoost,pooled_global,0,1,W0124,1,1,0.999773,0.000227
XGBoost,pooled_global,0,1,W0125,1,1,0.999515,0.000485
XGBoost,pooled_global,0,1,W0126,1,1,0.999461,0.000539
XGBoost,pooled_global,0,1,W0127,1,1,0.999383,0.000617
XGBoost,pooled_global,0,1,W0128,1,1,0.999760,0.000240
XGBoost,pooled_global,0,1,W0129,1,1,0.999538,0.000462
XGBoost,pooled_global,0,1,W0130,1,1,0.999292,0.000708
XGBoost,pooled_global,0,1,W0131,1,1,0.994352,0.005648
XGBoost,pooled_global,0,1,W0132,1,1,0.970201,0.029799
XGBoost,pooled_global,0,1,W0133,1,1,0.997873,0.002127
XGBoost,pooled_global,0,1,W0134,1,1,0.998964,0.001036
XGBoost,pooled_global,0,1,W0135,1,1,0.998992,0.001008
XGBoost,pooled_global,0,1,W0136,1,1,0.999177,0.000823
XGBoost,pooled_global,0,1,W0137,1,1,0.998027,0.001973
XGBoost,pooled_global,0,1,W0138,1,1,0.999717,0.000283
XGBoost,pooled_global,0,1,W0139,1,1,0.999546,0.000454
XGBoost,pooled_global,0,1,W0140,1,1,0.999789,0.000211
XGBoost,pooled_global,0,1,W0141,1,1,0.999225,0.000775
XGBoost,pooled_global,0,1,W0142,1,1,0.999419,0.000581
XGBoost,pooled_global,0,1,W0143,1,1,0.999768,0.000232
XGBoost,pooled_global,0,1,W0144,1,1,0.999375,0.000625
XGBoost,pooled_global,0,1,W0145,1,1,0.998588,0.001412
XGBoost,pooled_global,0,1,W0146,1,1,0.999615,0.000385
XGBoost,pooled_global,0,1,W0147,1,1,0.999261,0.000739
XGBoost,pooled_global,0,1,W0148,1,1,0.997694,0.002306
XGBoost,pooled_global,0,1,W0149,1,1,0.999722,0.000278
XGBoost,pooled_global,0,1,W0150,1,1,0.998979,0.001021
XGBoost,pooled_global,0,1,W0151,1,1,0.999621,0.000379
XGBoost,pooled_global,0,1,W0152,1,1,0.999869,0.000131
XGBoost,pooled_global,0,1,W0153,1,1,0.999265,0.000735
XGBoost,pooled_global,0,1,W0154,1,1,0.999677,0.000323
XGBoost,pooled_global,0,1,W0155,1,1,0.999539,0.000461
XGBoost,pooled_global,0,1,W0156,1,1,0.999221,0.000779
XGBoost,pooled_global,0,1,W0157,1,1,0.998809,0.001191
XGBoost,pooled_global,0,1,W0158,1,1,0.997726,0.002274
XGBoost,pooled_global,0,1,W0159,1,1,0.998921,0.001079
XGBoost,pooled_global,0,1,W0160,1,1,0.999165,0.000835
XGBoost,pooled_global,0,1,W0161,1,1,0.999806,0.000194
XGBoost,pooled_global,0,1,W0162,1,1,0.999893,0.000107
XGBoost,pooled_global,0,1,W0163,1,1,0.999853,0.000147
XGBoost,pooled_global,0,1,W0164,1,1,0.999680,0.000320
XGBoost,pooled_global,0,1,W0165,1,1,0.999655,0.000345
XGBoost,pooled_global,0,1,W0166,1,1,0.999629,0.000371
XGBoost,pooled_global,0,1,W0167,1,1,0.999767,0.000233
XGBoost,pooled_global,0,1,W0168,1,1,0.998556,0.001444
XGBoost,pooled_global,0,1,W0169,1,1,0.999481,0.000519
XGBoost,pooled_global,0,1,W0170,1,1,0.999621,0.000379
XGBoost,pooled_global,0,1,W0171,1,1,0.999820,0.000180
XGBoost,pooled_global,0,1,W0172,1,1,0.999861,0.000139
XGBoost,pooled_global,0,1,W0173,1,1,0.999863,0.000137
XGBoost,pooled_global,0,1,W0174,1,1,0.999767,0.000233
XGBoost,pooled_global,0,1,W0175,1,1,0.999147,0.000853
XGBoost,pooled_global,0,1,W0176,1,1,0.999478,0.000522
XGBoost,pooled_global,0,1,W0177,1,1,0.999431,0.000569
XGBoost,pooled_global,0,1,W0178,1,1,0.998225,0.001775
XGBoost,pooled_global,0,1,W0179,1,1,0.998664,0.001336
XGBoost,pooled_global,0,1,W0180,1,1,0.999545,0.000455
XGBoost,pooled_global,0,1,W0181,1,1,0.999669,0.000331
XGBoost,pooled_global,0,1,W0182,1,1,0.999483,0.000517
XGBoost,pooled_global,0,1,W0183,1,1,0.999721,0.000279
XGBoost,pooled_global,0,1,W0184,1,1,0.999625,0.000375
XGBoost,pooled_global,0,1,W0185,1,1,0.999525,0.000475
XGBoost,pooled_global,0,1,W0186,1,1,0.999492,0.000508
XGBoost,pooled_global,0,1,W0187,1,1,0.999719,0.000281
XGBoost,pooled_global,0,1,W0188,1,1,0.999855,0.000145
XGBoost,pooled_global,0,1,W0189,1,1,0.999866,0.000134
XGBoost,pooled_global,0,1,W0190,1,1,0.999766,0.000234
XGBoost,pooled_global,0,1,W0191,1,1,0.999621,0.000379
XGBoost,pooled_global,0,1,W0192,1,1,0.999123,0.000877
XGBoost,pooled_global,0,1,W0193,1,1,0.999582,0.000418
XGBoost,pooled_global,0,1,W0194,1,1,0.999368,0.000632
XGBoost,pooled_global,0,1,W0195,1,1,0.999801,0.000199
XGBoost,pooled_global,0,1,W0196,1,1,0.999583,0.000417
XGBoost,pooled_global,0,1,W0197,1,1,0.999821,0.000179
XGBoost,pooled_global,0,1,W0198,1,1,0.999676,0.000324
XGBoost,pooled_global,0,1,W0199,1,1,0.999634,0.000366
XGBoost,pooled_global,0,1,W0200,1,1,0.998245,0.001755
XGBoost,pooled_global,0,1,W0201,1,1,0.999730,0.000270
XGBoost,pooled_global,0,1,W0202,1,1,0.999808,0.000192
XGBoost,pooled_global,0,1,W0203,1,1,0.999560,0.000440
XGBoost,pooled_global,0,1,W0204,1,1,0.999151,0.000849
XGBoost,pooled_global,0,1,W0205,1,1,0.999586,0.000414
XGBoost,pooled_global,0,1,W0206,1,1,0.999353,0.000647
XGBoost,pooled_global,0,1,W0207,1,1,0.999719,0.000281
XGBoost,pooled_global,0,1,W0208,1,1,0.999852,0.000148
XGBoost,pooled_global,0,1,W0209,1,1,0.999885,0.000115
XGBoost,pooled_global,0,1,W0210,1,1,0.999836,0.000164
XGBoost,pooled_global,0,1,W0211,1,1,0.999898,0.000102
XGBoost,pooled_global,0,1,W0212,1,1,0.999905,0.000095
XGBoost,pooled_global,0,1,W0213,1,1,0.999686,0.000314
XGBoost,pooled_global,0,1,W0214,1,1,0.999803,0.000197
XGBoost,pooled_global,0,1,W0215,1,1,0.999755,0.000245
XGBoost,pooled_global,0,1,W0216,1,1,0.999699,0.000301
XGBoost,pooled_global,0,1,W0217,1,1,0.999786,0.000214
XGBoost,pooled_global,0,1,W0218,1,1,0.999445,0.000555
XGBoost,pooled_global,0,1,W0219,1,1,0.998701,0.001299
XGBoost,pooled_global,0,1,W0220,1,1,0.999804,0.000196
XGBoost,pooled_global,0,1,W0221,0,1,0.999727,0.000273
XGBoost,pooled_global,0,1,W0222,0,1,0.999210,0.000790
XGBoost,pooled_global,0,1,W0223,0,0,0.002526,0.997474
XGBoost,pooled_global,0,1,W0224,0,0,0.002695,0.997305
XGBoost,pooled_global,0,1,W0225,0,0,0.000811,0.999189
XGBoost,pooled_global,0,1,W0226,0,0,0.001342,0.998658
XGBoost,pooled_global,0,1,W0227,0,0,0.334726,0.665274
XGBoost,pooled_global,0,1,W0228,0,0,0.275237,0.724763
XGBoost,pooled_global,0,1,W0229,0,0,0.002323,0.997677
XGBoost,pooled_global,0,1,W0230,0,0,0.000700,0.999300
XGBoost,pooled_global,0,1,W0231,0,0,0.000864,0.999136
XGBoost,pooled_global,0,1,W0232,0,0,0.001073,0.998927
XGBoost,pooled_global,0,1,W0233,0,0,0.008269,0.991731
XGBoost,pooled_global,0,1,W0234,0,0,0.013565,0.986435
XGBoost,pooled_global,0,1,W0235,0,0,0.004750,0.995250
XGBoost,pooled_global,0,1,W0236,0,0,0.026654,0.973346
XGBoost,pooled_global,0,1,W0237,1,1,0.640893,0.359107
XGBoost,pooled_global,0,1,W0238,1,1,0.842211,0.157789
XGBoost,pooled_global,0,1,W0239,1,1,0.995074,0.004926
XGBoost,pooled_global,0,1,W0240,1,1,0.875994,0.124006
XGBoost,pooled_global,0,1,W0241,1,1,0.961618,0.038382
XGBoost,pooled_global,0,1,W0242,1,1,0.978499,0.021501
XGBoost,pooled_global,0,1,W0243,1,1,0.984940,0.015060
XGBoost,pooled_global,0,1,W0244,1,1,0.954249,0.045751
XGBoost,pooled_global,0,1,W0245,1,1,0.998839,0.001161
XGBoost,pooled_global,0,1,W0246,1,1,0.995800,0.004200
XGBoost,pooled_global,0,1,W0247,1,1,0.994609,0.005391
XGBoost,pooled_global,0,1,W0248,1,1,0.996109,0.003891
XGBoost,pooled_global,0,1,W0249,1,1,0.999028,0.000972
MLP_NeuralNet,pooled_global,0,1,W0000,1,1,0.997417,0.002583
MLP_NeuralNet,pooled_global,0,1,W0001,1,1,0.997237,0.002763
MLP_NeuralNet,pooled_global,0,1,W0002,1,1,0.994163,0.005837
MLP_NeuralNet,pooled_global,0,1,W0003,1,1,0.993444,0.006556
MLP_NeuralNet,pooled_global,0,1,W0004,1,1,0.996468,0.003532
MLP_NeuralNet,pooled_global,0,1,W0005,1,1,0.997631,0.002369
MLP_NeuralNet,pooled_global,0,1,W0006,1,1,0.993455,0.006545
MLP_NeuralNet,pooled_global,0,1,W0007,1,1,0.968355,0.031645
MLP_NeuralNet,pooled_global,0,1,W0008,1,1,0.972901,0.027099
MLP_NeuralNet,pooled_global,0,1,W0009,1,1,0.992904,0.007096
MLP_NeuralNet,pooled_global,0,1,W0010,1,1,0.995115,0.004885
MLP_NeuralNet,pooled_global,0,1,W0011,1,1,0.990222,0.009778
MLP_NeuralNet,pooled_global,0,1,W0012,1,1,0.981785,0.018215
MLP_NeuralNet,pooled_global,0,1,W0013,1,1,0.989421,0.010579
MLP_NeuralNet,pooled_global,0,1,W0014,1,1,0.994848,0.005152
MLP_NeuralNet,pooled_global,0,1,W0015,1,1,0.996665,0.003335
MLP_NeuralNet,pooled_global,0,1,W0016,1,1,0.996237,0.003763
MLP_NeuralNet,pooled_global,0,1,W0017,1,1,0.998057,0.001943
MLP_NeuralNet,pooled_global,0,1,W0018,1,1,0.997641,0.002359
MLP_NeuralNet,pooled_global,0,1,W0019,1,1,0.997561,0.002439
MLP_NeuralNet,pooled_global,0,1,W0020,1,1,0.974393,0.025607
MLP_NeuralNet,pooled_global,0,1,W0021,1,1,0.995301,0.004699
MLP_NeuralNet,pooled_global,0,1,W0022,1,1,0.973444,0.026556
MLP_NeuralNet,pooled_global,0,1,W0023,1,1,0.981218,0.018782
MLP_NeuralNet,pooled_global,0,1,W0024,1,1,0.985808,0.014192
MLP_NeuralNet,pooled_global,0,1,W0025,1,1,0.967663,0.032337
MLP_NeuralNet,pooled_global,0,1,W0026,1,1,0.959748,0.040252
MLP_NeuralNet,pooled_global,0,1,W0027,1,1,0.987767,0.012233
MLP_NeuralNet,pooled_global,0,1,W0028,1,1,0.991722,0.008278
MLP_NeuralNet,pooled_global,0,1,W0029,1,1,0.996313,0.003687
MLP_NeuralNet,pooled_global,0,1,W0030,1,1,0.996424,0.003576
MLP_NeuralNet,pooled_global,0,1,W0031,1,1,0.998379,0.001621
MLP_NeuralNet,pooled_global,0,1,W0032,1,1,0.995779,0.004221
MLP_NeuralNet,pooled_global,0,1,W0033,1,1,0.995113,0.004887
MLP_NeuralNet,pooled_global,0,1,W0034,1,1,0.996388,0.003612
MLP_NeuralNet,pooled_global,0,1,W0035,1,1,0.998590,0.001410
MLP_NeuralNet,pooled_global,0,1,W0036,1,1,0.995160,0.004840
MLP_NeuralNet,pooled_global,0,1,W0037,1,1,0.993217,0.006783
MLP_NeuralNet,pooled_global,0,1,W0038,1,1,0.982034,0.017966
MLP_NeuralNet,pooled_global,0,1,W0039,1,1,0.991195,0.008805
MLP_NeuralNet,pooled_global,0,1,W0040,1,1,0.981831,0.018169
MLP_NeuralNet,pooled_global,0,1,W0041,1,1,0.978985,0.021015
MLP_NeuralNet,pooled_global,0,1,W0042,1,1,0.993632,0.006368
MLP_NeuralNet,pooled_global,0,1,W0043,1,1,0.994959,0.005041
MLP_NeuralNet,pooled_global,0,1,W0044,1,1,0.997073,0.002927
MLP_NeuralNet,pooled_global,0,1,W0045,0,1,0.985779,0.014221
MLP_NeuralNet,pooled_global,0,1,W0046,0,1,0.883772,0.116228
MLP_NeuralNet,pooled_global,0,1,W0047,0,1,0.776046,0.223954
MLP_NeuralNet,pooled_global,0,1,W0048,0,1,0.575694,0.424306
MLP_NeuralNet,pooled_global,0,1,W0049,1,0,0.401376,0.598624
MLP_NeuralNet,pooled_global,0,1,W0050,1,1,0.759903,0.240097
MLP_NeuralNet,pooled_global,0,1,W0051,1,1,0.957657,0.042343
MLP_NeuralNet,pooled_global,0,1,W0052,1,1,0.992490,0.007510
MLP_NeuralNet,pooled_global,0,1,W0053,1,1,0.956984,0.043016
MLP_NeuralNet,pooled_global,0,1,W0054,1,1,0.897274,0.102726
MLP_NeuralNet,pooled_global,0,1,W0055,0,1,0.933367,0.066633
MLP_NeuralNet,pooled_global,0,1,W0056,0,1,0.810314,0.189686
MLP_NeuralNet,pooled_global,0,1,W0057,0,0,0.008220,0.991780
MLP_NeuralNet,pooled_global,0,1,W0058,0,0,0.002028,0.997972
MLP_NeuralNet,pooled_global,0,1,W0059,0,0,0.001463,0.998537
MLP_NeuralNet,pooled_global,0,1,W0060,0,0,0.000594,0.999406
MLP_NeuralNet,pooled_global,0,1,W0061,1,0,0.002377,0.997623
MLP_NeuralNet,pooled_global,0,1,W0062,1,0,0.258780,0.741220
MLP_NeuralNet,pooled_global,0,1,W0063,1,1,0.996541,0.003459
MLP_NeuralNet,pooled_global,0,1,W0064,1,1,0.997312,0.002688
MLP_NeuralNet,pooled_global,0,1,W0065,1,1,0.994855,0.005145
MLP_NeuralNet,pooled_global,0,1,W0066,1,1,0.988046,0.011954
MLP_NeuralNet,pooled_global,0,1,W0067,1,1,0.992519,0.007481
MLP_NeuralNet,pooled_global,0,1,W0068,1,1,0.993821,0.006179
MLP_NeuralNet,pooled_global,0,1,W0069,1,1,0.964040,0.035960
MLP_NeuralNet,pooled_global,0,1,W0070,1,1,0.898013,0.101987
MLP_NeuralNet,pooled_global,0,1,W0071,1,1,0.985784,0.014216
MLP_NeuralNet,pooled_global,0,1,W0072,1,1,0.995366,0.004634
MLP_NeuralNet,pooled_global,0,1,W0073,1,1,0.997209,0.002791
MLP_NeuralNet,pooled_global,0,1,W0074,1,1,0.999005,0.000995
MLP_NeuralNet,pooled_global,0,1,W0075,1,1,0.998585,0.001415
MLP_NeuralNet,pooled_global,0,1,W0076,1,1,0.995072,0.004928
MLP_NeuralNet,pooled_global,0,1,W0077,1,1,0.997416,0.002584
MLP_NeuralNet,pooled_global,0,1,W0078,1,1,0.996735,0.003265
MLP_NeuralNet,pooled_global,0,1,W0079,1,1,0.998547,0.001453
MLP_NeuralNet,pooled_global,0,1,W0080,1,1,0.991514,0.008486
MLP_NeuralNet,pooled_global,0,1,W0081,1,1,0.982451,0.017549
MLP_NeuralNet,pooled_global,0,1,W0082,1,1,0.987617,0.012383
MLP_NeuralNet,pooled_global,0,1,W0083,1,1,0.993555,0.006445
MLP_NeuralNet,pooled_global,0,1,W0084,1,1,0.997038,0.002962
MLP_NeuralNet,pooled_global,0,1,W0085,1,1,0.998007,0.001993
MLP_NeuralNet,pooled_global,0,1,W0086,1,1,0.998975,0.001025
MLP_NeuralNet,pooled_global,0,1,W0087,1,1,0.998388,0.001612
MLP_NeuralNet,pooled_global,0,1,W0088,1,1,0.997606,0.002394
MLP_NeuralNet,pooled_global,0,1,W0089,1,1,0.998973,0.001027
MLP_NeuralNet,pooled_global,0,1,W0090,1,1,0.998257,0.001743
MLP_NeuralNet,pooled_global,0,1,W0091,1,1,0.998817,0.001183
MLP_NeuralNet,pooled_global,0,1,W0092,1,1,0.997101,0.002899
MLP_NeuralNet,pooled_global,0,1,W0093,1,1,0.995971,0.004029
MLP_NeuralNet,pooled_global,0,1,W0094,1,1,0.979945,0.020055
MLP_NeuralNet,pooled_global,0,1,W0095,1,1,0.934965,0.065035
MLP_NeuralNet,pooled_global,0,1,W0096,1,1,0.984744,0.015256
MLP_NeuralNet,pooled_global,0,1,W0097,1,1,0.994944,0.005056
MLP_NeuralNet,pooled_global,0,1,W0098,1,1,0.999281,0.000719
MLP_NeuralNet,pooled_global,0,1,W0099,1,1,0.999282,0.000718
MLP_NeuralNet,pooled_global,0,1,W0100,1,1,0.999203,0.000797
MLP_NeuralNet,pooled_global,0,1,W0101,1,1,0.998818,0.001182
MLP_NeuralNet,pooled_global,0,1,W0102,1,1,0.995528,0.004472
MLP_NeuralNet,pooled_global,0,1,W0103,1,1,0.996265,0.003735
MLP_NeuralNet,pooled_global,0,1,W0104,1,1,0.998774,0.001226
MLP_NeuralNet,pooled_global,0,1,W0105,1,1,0.996647,0.003353
MLP_NeuralNet,pooled_global,0,1,W0106,1,1,0.982366,0.017634
MLP_NeuralNet,pooled_global,0,1,W0107,1,1,0.943575,0.056425
MLP_NeuralNet,pooled_global,0,1,W0108,1,1,0.942950,0.057050
MLP_NeuralNet,pooled_global,0,1,W0109,1,1,0.978032,0.021968
MLP_NeuralNet,pooled_global,0,1,W0110,1,1,0.995845,0.004155
MLP_NeuralNet,pooled_global,0,1,W0111,1,1,0.999308,0.000692
MLP_NeuralNet,pooled_global,0,1,W0112,1,1,0.999516,0.000484
MLP_NeuralNet,pooled_global,0,1,W0113,1,1,0.999507,0.000493
MLP_NeuralNet,pooled_global,0,1,W0114,1,1,0.999200,0.000800
MLP_NeuralNet,pooled_global,0,1,W0115,1,1,0.996684,0.003316
MLP_NeuralNet,pooled_global,0,1,W0116,1,1,0.998594,0.001406
MLP_NeuralNet,pooled_global,0,1,W0117,1,1,0.999388,0.000612
MLP_NeuralNet,pooled_global,0,1,W0118,1,1,0.997540,0.002460
MLP_NeuralNet,pooled_global,0,1,W0119,1,1,0.988841,0.011159
MLP_NeuralNet,pooled_global,0,1,W0120,1,1,0.990211,0.009789
MLP_NeuralNet,pooled_global,0,1,W0121,1,1,0.970544,0.029456
MLP_NeuralNet,pooled_global,0,1,W0122,1,1,0.993973,0.006027
MLP_NeuralNet,pooled_global,0,1,W0123,1,1,0.999058,0.000942
MLP_NeuralNet,pooled_global,0,1,W0124,1,1,0.998956,0.001044
MLP_NeuralNet,pooled_global,0,1,W0125,1,1,0.996983,0.003017
MLP_NeuralNet,pooled_global,0,1,W0126,1,1,0.998065,0.001935
MLP_NeuralNet,pooled_global,0,1,W0127,1,1,0.999046,0.000954
MLP_NeuralNet,pooled_global,0,1,W0128,1,1,0.999636,0.000364
MLP_NeuralNet,pooled_global,0,1,W0129,1,1,0.998794,0.001206
MLP_NeuralNet,pooled_global,0,1,W0130,1,1,0.997470,0.002530
MLP_NeuralNet,pooled_global,0,1,W0131,1,1,0.974033,0.025967
MLP_NeuralNet,pooled_global,0,1,W0132,1,1,0.977655,0.022345
MLP_NeuralNet,pooled_global,0,1,W0133,1,1,0.993636,0.006364
MLP_NeuralNet,pooled_global,0,1,W0134,1,1,0.998349,0.001651
MLP_NeuralNet,pooled_global,0,1,W0135,1,1,0.998878,0.001122
MLP_NeuralNet,pooled_global,0,1,W0136,1,1,0.998909,0.001091
MLP_NeuralNet,pooled_global,0,1,W0137,1,1,0.998499,0.001501
MLP_NeuralNet,pooled_global,0,1,W0138,1,1,0.999022,0.000978
MLP_NeuralNet,pooled_global,0,1,W0139,1,1,0.998289,0.001711
MLP_NeuralNet,pooled_global,0,1,W0140,1,1,0.998997,0.001003
MLP_NeuralNet,pooled_global,0,1,W0141,1,1,0.998783,0.001217
MLP_NeuralNet,pooled_global,0,1,W0142,1,1,0.997189,0.002811
MLP_NeuralNet,pooled_global,0,1,W0143,1,1,0.992695,0.007305
MLP_NeuralNet,pooled_global,0,1,W0144,1,1,0.989447,0.010553
MLP_NeuralNet,pooled_global,0,1,W0145,1,1,0.994399,0.005601
MLP_NeuralNet,pooled_global,0,1,W0146,1,1,0.994367,0.005633
MLP_NeuralNet,pooled_global,0,1,W0147,1,1,0.998436,0.001564
MLP_NeuralNet,pooled_global,0,1,W0148,1,1,0.998545,0.001455
MLP_NeuralNet,pooled_global,0,1,W0149,1,1,0.999392,0.000608
MLP_NeuralNet,pooled_global,0,1,W0150,1,1,0.998970,0.001030
MLP_NeuralNet,pooled_global,0,1,W0151,1,1,0.998719,0.001281
MLP_NeuralNet,pooled_global,0,1,W0152,1,1,0.999392,0.000608
MLP_NeuralNet,pooled_global,0,1,W0153,1,1,0.997344,0.002656
MLP_NeuralNet,pooled_global,0,1,W0154,1,1,0.998062,0.001938
MLP_NeuralNet,pooled_global,0,1,W0155,1,1,0.996583,0.003417
MLP_NeuralNet,pooled_global,0,1,W0156,1,1,0.984578,0.015422
MLP_NeuralNet,pooled_global,0,1,W0157,1,1,0.997982,0.002018
MLP_NeuralNet,pooled_global,0,1,W0158,1,1,0.996677,0.003323
MLP_NeuralNet,pooled_global,0,1,W0159,1,1,0.997604,0.002396
MLP_NeuralNet,pooled_global,0,1,W0160,1,1,0.998796,0.001204
MLP_NeuralNet,pooled_global,0,1,W0161,1,1,0.999293,0.000707
MLP_NeuralNet,pooled_global,0,1,W0162,1,1,0.999040,0.000960
MLP_NeuralNet,pooled_global,0,1,W0163,1,1,0.998849,0.001151
MLP_NeuralNet,pooled_global,0,1,W0164,1,1,0.999470,0.000530
MLP_NeuralNet,pooled_global,0,1,W0165,1,1,0.998920,0.001080
MLP_NeuralNet,pooled_global,0,1,W0166,1,1,0.999020,0.000980
MLP_NeuralNet,pooled_global,0,1,W0167,1,1,0.998621,0.001379
MLP_NeuralNet,pooled_global,0,1,W0168,1,1,0.997048,0.002952
MLP_NeuralNet,pooled_global,0,1,W0169,1,1,0.998367,0.001633
MLP_NeuralNet,pooled_global,0,1,W0170,1,1,0.999145,0.000855
MLP_NeuralNet,pooled_global,0,1,W0171,1,1,0.999451,0.000549
MLP_NeuralNet,pooled_global,0,1,W0172,1,1,0.999408,0.000592
MLP_NeuralNet,pooled_global,0,1,W0173,1,1,0.999569,0.000431
MLP_NeuralNet,pooled_global,0,1,W0174,1,1,0.998726,0.001274
MLP_NeuralNet,pooled_global,0,1,W0175,1,1,0.999108,0.000892
MLP_NeuralNet,pooled_global,0,1,W0176,1,1,0.998422,0.001578
MLP_NeuralNet,pooled_global,0,1,W0177,1,1,0.998508,0.001492
MLP_NeuralNet,pooled_global,0,1,W0178,1,1,0.998963,0.001037
MLP_NeuralNet,pooled_global,0,1,W0179,1,1,0.999341,0.000659
MLP_NeuralNet,pooled_global,0,1,W0180,1,1,0.999187,0.000813
MLP_NeuralNet,pooled_global,0,1,W0181,1,1,0.999482,0.000518
MLP_NeuralNet,pooled_global,0,1,W0182,1,1,0.999468,0.000532
MLP_NeuralNet,pooled_global,0,1,W0183,1,1,0.999608,0.000392
MLP_NeuralNet,pooled_global,0,1,W0184,1,1,0.999569,0.000431
MLP_NeuralNet,pooled_global,0,1,W0185,1,1,0.999131,0.000869
MLP_NeuralNet,pooled_global,0,1,W0186,1,1,0.998560,0.001440
MLP_NeuralNet,pooled_global,0,1,W0187,1,1,0.999242,0.000758
MLP_NeuralNet,pooled_global,0,1,W0188,1,1,0.998954,0.001046
MLP_NeuralNet,pooled_global,0,1,W0189,1,1,0.997547,0.002453
MLP_NeuralNet,pooled_global,0,1,W0190,1,1,0.998679,0.001321
MLP_NeuralNet,pooled_global,0,1,W0191,1,1,0.998223,0.001777
MLP_NeuralNet,pooled_global,0,1,W0192,1,1,0.999130,0.000870
MLP_NeuralNet,pooled_global,0,1,W0193,1,1,0.999284,0.000716
MLP_NeuralNet,pooled_global,0,1,W0194,1,1,0.999160,0.000840
MLP_NeuralNet,pooled_global,0,1,W0195,1,1,0.999286,0.000714
MLP_NeuralNet,pooled_global,0,1,W0196,1,1,0.998854,0.001146
MLP_NeuralNet,pooled_global,0,1,W0197,1,1,0.999160,0.000840
MLP_NeuralNet,pooled_global,0,1,W0198,1,1,0.998942,0.001058
MLP_NeuralNet,pooled_global,0,1,W0199,1,1,0.998593,0.001407
MLP_NeuralNet,pooled_global,0,1,W0200,1,1,0.996166,0.003834
MLP_NeuralNet,pooled_global,0,1,W0201,1,1,0.994839,0.005161
MLP_NeuralNet,pooled_global,0,1,W0202,1,1,0.997546,0.002454
MLP_NeuralNet,pooled_global,0,1,W0203,1,1,0.998332,0.001668
MLP_NeuralNet,pooled_global,0,1,W0204,1,1,0.997766,0.002234
MLP_NeuralNet,pooled_global,0,1,W0205,1,1,0.999519,0.000481
MLP_NeuralNet,pooled_global,0,1,W0206,1,1,0.999384,0.000616
MLP_NeuralNet,pooled_global,0,1,W0207,1,1,0.999469,0.000531
MLP_NeuralNet,pooled_global,0,1,W0208,1,1,0.999509,0.000491
MLP_NeuralNet,pooled_global,0,1,W0209,1,1,0.999303,0.000697
MLP_NeuralNet,pooled_global,0,1,W0210,1,1,0.999136,0.000864
MLP_NeuralNet,pooled_global,0,1,W0211,1,1,0.999366,0.000634
MLP_NeuralNet,pooled_global,0,1,W0212,1,1,0.998423,0.001577
MLP_NeuralNet,pooled_global,0,1,W0213,1,1,0.997642,0.002358
MLP_NeuralNet,pooled_global,0,1,W0214,1,1,0.998237,0.001763
MLP_NeuralNet,pooled_global,0,1,W0215,1,1,0.998380,0.001620
MLP_NeuralNet,pooled_global,0,1,W0216,1,1,0.999371,0.000629
MLP_NeuralNet,pooled_global,0,1,W0217,1,1,0.999486,0.000514
MLP_NeuralNet,pooled_global,0,1,W0218,1,1,0.999645,0.000355
MLP_NeuralNet,pooled_global,0,1,W0219,1,1,0.999573,0.000427
MLP_NeuralNet,pooled_global,0,1,W0220,1,1,0.999662,0.000338
MLP_NeuralNet,pooled_global,0,1,W0221,0,1,0.999530,0.000470
MLP_NeuralNet,pooled_global,0,1,W0222,0,1,0.998249,0.001751
MLP_NeuralNet,pooled_global,0,1,W0223,0,0,0.003367,0.996633
MLP_NeuralNet,pooled_global,0,1,W0224,0,0,0.000007,0.999993
MLP_NeuralNet,pooled_global,0,1,W0225,0,0,0.000001,0.999999
MLP_NeuralNet,pooled_global,0,1,W0226,0,0,0.000010,0.999990
MLP_NeuralNet,pooled_global,0,1,W0227,0,0,0.000052,0.999948
MLP_NeuralNet,pooled_global,0,1,W0228,0,0,0.000228,0.999772
MLP_NeuralNet,pooled_global,0,1,W0229,0,0,0.002920,0.997080
MLP_NeuralNet,pooled_global,0,1,W0230,0,0,0.000888,0.999112
MLP_NeuralNet,pooled_global,0,1,W0231,0,0,0.000115,0.999885
MLP_NeuralNet,pooled_global,0,1,W0232,0,0,0.000273,0.999727
MLP_NeuralNet,pooled_global,0,1,W0233,0,0,0.002473,0.997527
MLP_NeuralNet,pooled_global,0,1,W0234,0,0,0.000012,0.999988
MLP_NeuralNet,pooled_global,0,1,W0235,0,0,0.000058,0.999942
MLP_NeuralNet,pooled_global,0,1,W0236,0,0,0.002412,0.997588
MLP_NeuralNet,pooled_global,0,1,W0237,1,0,0.079486,0.920514
MLP_NeuralNet,pooled_global,0,1,W0238,1,1,0.604213,0.395787
MLP_NeuralNet,pooled_global,0,1,W0239,1,1,0.637371,0.362629
MLP_NeuralNet,pooled_global,0,1,W0240,1,1,0.557038,0.442962
MLP_NeuralNet,pooled_global,0,1,W0241,1,1,0.926969,0.073031
MLP_NeuralNet,pooled_global,0,1,W0242,1,1,0.901469,0.098531
MLP_NeuralNet,pooled_global,0,1,W0243,1,1,0.847596,0.152404
MLP_NeuralNet,pooled_global,0,1,W0244,1,1,0.950888,0.049112
MLP_NeuralNet,pooled_global,0,1,W0245,1,1,0.989053,0.010947
MLP_NeuralNet,pooled_global,0,1,W0246,1,1,0.965253,0.034747
MLP_NeuralNet,pooled_global,0,1,W0247,1,1,0.986108,0.013892
MLP_NeuralNet,pooled_global,0,1,W0248,1,1,0.995131,0.004869
MLP_NeuralNet,pooled_global,0,1,W0249,1,1,0.969304,0.030696
LogisticRegression,fold_aware,0,1,W0000,1,1,0.966045,0.033955
LogisticRegression,fold_aware,0,1,W0001,1,1,0.916412,0.083588
LogisticRegression,fold_aware,0,1,W0002,1,1,0.821377,0.178623
LogisticRegression,fold_aware,0,1,W0003,1,1,0.801102,0.198898
LogisticRegression,fold_aware,0,1,W0004,1,1,0.841895,0.158105
LogisticRegression,fold_aware,0,1,W0005,1,1,0.930690,0.069310
LogisticRegression,fold_aware,0,1,W0006,1,1,0.960686,0.039314
LogisticRegression,fold_aware,0,1,W0007,1,1,0.949603,0.050397
LogisticRegression,fold_aware,0,1,W0008,1,1,0.955474,0.044526
LogisticRegression,fold_aware,0,1,W0009,1,1,0.981214,0.018786
LogisticRegression,fold_aware,0,1,W0010,1,1,0.972567,0.027433
LogisticRegression,fold_aware,0,1,W0011,1,1,0.969124,0.030876
LogisticRegression,fold_aware,0,1,W0012,1,1,0.940269,0.059731
LogisticRegression,fold_aware,0,1,W0013,1,1,0.950006,0.049994
LogisticRegression,fold_aware,0,1,W0014,1,1,0.960844,0.039156
LogisticRegression,fold_aware,0,1,W0015,1,1,0.966989,0.033011
LogisticRegression,fold_aware,0,1,W0016,1,1,0.963338,0.036662
LogisticRegression,fold_aware,0,1,W0017,1,1,0.963543,0.036457
LogisticRegression,fold_aware,0,1,W0018,1,1,0.980783,0.019217
LogisticRegression,fold_aware,0,1,W0019,1,1,0.953834,0.046166
LogisticRegression,fold_aware,0,1,W0020,1,1,0.784947,0.215053
LogisticRegression,fold_aware,0,1,W0021,1,1,0.918893,0.081107
LogisticRegression,fold_aware,0,1,W0022,1,1,0.955150,0.044850
LogisticRegression,fold_aware,0,1,W0023,1,1,0.970607,0.029393
LogisticRegression,fold_aware,0,1,W0024,1,1,0.977525,0.022475
LogisticRegression,fold_aware,0,1,W0025,1,1,0.959763,0.040237
LogisticRegression,fold_aware,0,1,W0026,1,1,0.948718,0.051282
LogisticRegression,fold_aware,0,1,W0027,1,1,0.956952,0.043048
LogisticRegression,fold_aware,0,1,W0028,1,1,0.941533,0.058467
LogisticRegression,fold_aware,0,1,W0029,1,1,0.974363,0.025637
LogisticRegression,fold_aware,0,1,W0030,1,1,0.959379,0.040621
LogisticRegression,fold_aware,0,1,W0031,1,1,0.967959,0.032041
LogisticRegression,fold_aware,0,1,W0032,1,1,0.968952,0.031048
LogisticRegression,fold_aware,0,1,W0033,1,1,0.926635,0.073365
LogisticRegression,fold_aware,0,1,W0034,1,1,0.897826,0.102174
LogisticRegression,fold_aware,0,1,W0035,1,1,0.955514,0.044486
LogisticRegression,fold_aware,0,1,W0036,1,1,0.960293,0.039707
LogisticRegression,fold_aware,0,1,W0037,1,1,0.972157,0.027843
LogisticRegression,fold_aware,0,1,W0038,1,1,0.976069,0.023931
LogisticRegression,fold_aware,0,1,W0039,1,1,0.983650,0.016350
LogisticRegression,fold_aware,0,1,W0040,1,1,0.946694,0.053306
LogisticRegression,fold_aware,0,1,W0041,1,1,0.943882,0.056118
LogisticRegression,fold_aware,0,1,W0042,1,1,0.951191,0.048809
LogisticRegression,fold_aware,0,1,W0043,1,1,0.964697,0.035303
LogisticRegression,fold_aware,0,1,W0044,1,1,0.951303,0.048697
LogisticRegression,fold_aware,0,1,W0045,0,1,0.823951,0.176049
LogisticRegression,fold_aware,0,1,W0046,0,1,0.537674,0.462326
LogisticRegression,fold_aware,0,1,W0047,0,0,0.362500,0.637500
LogisticRegression,fold_aware,0,1,W0048,0,0,0.193107,0.806893
LogisticRegression,fold_aware,0,1,W0049,1,0,0.157560,0.842440
LogisticRegression,fold_aware,0,1,W0050,1,0,0.349345,0.650655
LogisticRegression,fold_aware,0,1,W0051,1,1,0.710081,0.289919
LogisticRegression,fold_aware,0,1,W0052,1,1,0.931766,0.068234
LogisticRegression,fold_aware,0,1,W0053,1,1,0.955999,0.044001
LogisticRegression,fold_aware,0,1,W0054,1,1,0.963186,0.036814
LogisticRegression,fold_aware,0,1,W0055,0,1,0.976617,0.023383
LogisticRegression,fold_aware,0,1,W0056,0,1,0.938601,0.061399
LogisticRegression,fold_aware,0,1,W0057,0,0,0.053691,0.946309
LogisticRegression,fold_aware,0,1,W0058,0,0,0.000187,0.999813
LogisticRegression,fold_aware,0,1,W0059,0,0,0.000076,0.999924
LogisticRegression,fold_aware,0,1,W0060,0,0,0.000014,0.999986
LogisticRegression,fold_aware,0,1,W0061,1,0,0.000390,0.999610
LogisticRegression,fold_aware,0,1,W0062,1,0,0.121850,0.878150
LogisticRegression,fold_aware,0,1,W0063,1,1,0.879262,0.120738
LogisticRegression,fold_aware,0,1,W0064,1,1,0.905107,0.094893
LogisticRegression,fold_aware,0,1,W0065,1,1,0.919267,0.080733
LogisticRegression,fold_aware,0,1,W0066,1,1,0.953331,0.046669
LogisticRegression,fold_aware,0,1,W0067,1,1,0.965288,0.034712
LogisticRegression,fold_aware,0,1,W0068,1,1,0.980433,0.019567
LogisticRegression,fold_aware,0,1,W0069,1,1,0.954157,0.045843
LogisticRegression,fold_aware,0,1,W0070,1,1,0.923029,0.076971
LogisticRegression,fold_aware,0,1,W0071,1,1,0.965105,0.034895
LogisticRegression,fold_aware,0,1,W0072,1,1,0.973982,0.026018
LogisticRegression,fold_aware,0,1,W0073,1,1,0.982446,0.017554
LogisticRegression,fold_aware,0,1,W0074,1,1,0.976683,0.023317
LogisticRegression,fold_aware,0,1,W0075,1,1,0.932631,0.067369
LogisticRegression,fold_aware,0,1,W0076,1,1,0.905168,0.094832
LogisticRegression,fold_aware,0,1,W0077,1,1,0.947586,0.052414
LogisticRegression,fold_aware,0,1,W0078,1,1,0.976967,0.023033
LogisticRegression,fold_aware,0,1,W0079,1,1,0.995835,0.004165
LogisticRegression,fold_aware,0,1,W0080,1,1,0.988805,0.011195
LogisticRegression,fold_aware,0,1,W0081,1,1,0.986327,0.013673
LogisticRegression,fold_aware,0,1,W0082,1,1,0.983428,0.016572
LogisticRegression,fold_aware,0,1,W0083,1,1,0.977727,0.022273
LogisticRegression,fold_aware,0,1,W0084,1,1,0.981106,0.018894
LogisticRegression,fold_aware,0,1,W0085,1,1,0.983705,0.016295
LogisticRegression,fold_aware,0,1,W0086,1,1,0.986363,0.013637
LogisticRegression,fold_aware,0,1,W0087,1,1,0.977672,0.022328
LogisticRegression,fold_aware,0,1,W0088,1,1,0.971003,0.028997
LogisticRegression,fold_aware,0,1,W0089,1,1,0.982651,0.017349
LogisticRegression,fold_aware,0,1,W0090,1,1,0.971035,0.028965
LogisticRegression,fold_aware,0,1,W0091,1,1,0.986502,0.013498
LogisticRegression,fold_aware,0,1,W0092,1,1,0.992469,0.007531
LogisticRegression,fold_aware,0,1,W0093,1,1,0.991027,0.008973
LogisticRegression,fold_aware,0,1,W0094,1,1,0.980781,0.019219
LogisticRegression,fold_aware,0,1,W0095,1,1,0.961861,0.038139
LogisticRegression,fold_aware,0,1,W0096,1,1,0.973725,0.026275
LogisticRegression,fold_aware,0,1,W0097,1,1,0.982597,0.017403
LogisticRegression,fold_aware,0,1,W0098,1,1,0.993150,0.006850
LogisticRegression,fold_aware,0,1,W0099,1,1,0.984895,0.015105
LogisticRegression,fold_aware,0,1,W0100,1,1,0.964869,0.035131
LogisticRegression,fold_aware,0,1,W0101,1,1,0.942415,0.057585
LogisticRegression,fold_aware,0,1,W0102,1,1,0.909176,0.090824
LogisticRegression,fold_aware,0,1,W0103,1,1,0.953405,0.046595
LogisticRegression,fold_aware,0,1,W0104,1,1,0.992754,0.007246
LogisticRegression,fold_aware,0,1,W0105,1,1,0.988955,0.011045
LogisticRegression,fold_aware,0,1,W0106,1,1,0.975039,0.024961
LogisticRegression,fold_aware,0,1,W0107,1,1,0.961073,0.038927
LogisticRegression,fold_aware,0,1,W0108,1,1,0.947507,0.052493
LogisticRegression,fold_aware,0,1,W0109,1,1,0.955270,0.044730
LogisticRegression,fold_aware,0,1,W0110,1,1,0.975309,0.024691
LogisticRegression,fold_aware,0,1,W0111,1,1,0.983123,0.016877
LogisticRegression,fold_aware,0,1,W0112,1,1,0.980051,0.019949
LogisticRegression,fold_aware,0,1,W0113,1,1,0.975373,0.024627
LogisticRegression,fold_aware,0,1,W0114,1,1,0.972681,0.027319
LogisticRegression,fold_aware,0,1,W0115,1,1,0.951540,0.048460
LogisticRegression,fold_aware,0,1,W0116,1,1,0.982222,0.017778
LogisticRegression,fold_aware,0,1,W0117,1,1,0.996100,0.003900
LogisticRegression,fold_aware,0,1,W0118,1,1,0.990548,0.009452
LogisticRegression,fold_aware,0,1,W0119,1,1,0.979923,0.020077
LogisticRegression,fold_aware,0,1,W0120,1,1,0.984717,0.015283
LogisticRegression,fold_aware,0,1,W0121,1,1,0.969271,0.030729
LogisticRegression,fold_aware,0,1,W0122,1,1,0.983161,0.016839
LogisticRegression,fold_aware,0,1,W0123,1,1,0.990001,0.009999
LogisticRegression,fold_aware,0,1,W0124,1,1,0.978259,0.021741
LogisticRegression,fold_aware,0,1,W0125,1,1,0.935743,0.064257
LogisticRegression,fold_aware,0,1,W0126,1,1,0.966548,0.033452
LogisticRegression,fold_aware,0,1,W0127,1,1,0.984534,0.015466
LogisticRegression,fold_aware,0,1,W0128,1,1,0.993979,0.006021
LogisticRegression,fold_aware,0,1,W0129,1,1,0.991390,0.008610
LogisticRegression,fold_aware,0,1,W0130,1,1,0.987095,0.012905
LogisticRegression,fold_aware,0,1,W0131,1,1,0.960607,0.039393
LogisticRegression,fold_aware,0,1,W0132,1,1,0.937165,0.062835
LogisticRegression,fold_aware,0,1,W0133,1,1,0.965717,0.034283
LogisticRegression,fold_aware,0,1,W0134,1,1,0.976782,0.023218
LogisticRegression,fold_aware,0,1,W0135,1,1,0.988566,0.011434
LogisticRegression,fold_aware,0,1,W0136,1,1,0.978031,0.021969
LogisticRegression,fold_aware,0,1,W0137,1,1,0.971724,0.028276
LogisticRegression,fold_aware,0,1,W0138,1,1,0.971602,0.028398
LogisticRegression,fold_aware,0,1,W0139,1,1,0.961693,0.038307
LogisticRegression,fold_aware,0,1,W0140,1,1,0.982015,0.017985
LogisticRegression,fold_aware,0,1,W0141,1,1,0.994597,0.005403
LogisticRegression,fold_aware,0,1,W0142,1,1,0.992450,0.007550
LogisticRegression,fold_aware,0,1,W0143,1,1,0.981070,0.018930
LogisticRegression,fold_aware,0,1,W0144,1,1,0.984074,0.015926
LogisticRegression,fold_aware,0,1,W0145,1,1,0.986677,0.013323
LogisticRegression,fold_aware,0,1,W0146,1,1,0.983766,0.016234
LogisticRegression,fold_aware,0,1,W0147,1,1,0.991653,0.008347
LogisticRegression,fold_aware,0,1,W0148,1,1,0.989912,0.010088
LogisticRegression,fold_aware,0,1,W0149,1,1,0.989931,0.010069
LogisticRegression,fold_aware,0,1,W0150,1,1,0.986620,0.013380
LogisticRegression,fold_aware,0,1,W0151,1,1,0.982112,0.017888
LogisticRegression,fold_aware,0,1,W0152,1,1,0.991400,0.008600
LogisticRegression,fold_aware,0,1,W0153,1,1,0.986995,0.013005
LogisticRegression,fold_aware,0,1,W0154,1,1,0.989030,0.010970
LogisticRegression,fold_aware,0,1,W0155,1,1,0.977779,0.022221
LogisticRegression,fold_aware,0,1,W0156,1,1,0.965010,0.034990
LogisticRegression,fold_aware,0,1,W0157,1,1,0.989284,0.010716
LogisticRegression,fold_aware,0,1,W0158,1,1,0.986637,0.013363
LogisticRegression,fold_aware,0,1,W0159,1,1,0.987123,0.012877
LogisticRegression,fold_aware,0,1,W0160,1,1,0.985749,0.014251
LogisticRegression,fold_aware,0,1,W0161,1,1,0.990114,0.009886
LogisticRegression,fold_aware,0,1,W0162,1,1,0.988637,0.011363
LogisticRegression,fold_aware,0,1,W0163,1,1,0.987879,0.012121
LogisticRegression,fold_aware,0,1,W0164,1,1,0.994075,0.005925
LogisticRegression,fold_aware,0,1,W0165,1,1,0.990211,0.009789
LogisticRegression,fold_aware,0,1,W0166,1,1,0.986719,0.013281
LogisticRegression,fold_aware,0,1,W0167,1,1,0.989070,0.010930
LogisticRegression,fold_aware,0,1,W0168,1,1,0.982423,0.017577
LogisticRegression,fold_aware,0,1,W0169,1,1,0.989833,0.010167
LogisticRegression,fold_aware,0,1,W0170,1,1,0.988770,0.011230
LogisticRegression,fold_aware,0,1,W0171,1,1,0.990676,0.009324
LogisticRegression,fold_aware,0,1,W0172,1,1,0.990783,0.009217
LogisticRegression,fold_aware,0,1,W0173,1,1,0.992737,0.007263
LogisticRegression,fold_aware,0,1,W0174,1,1,0.993785,0.006215
LogisticRegression,fold_aware,0,1,W0175,1,1,0.992365,0.007635
LogisticRegression,fold_aware,0,1,W0176,1,1,0.988640,0.011360
LogisticRegression,fold_aware,0,1,W0177,1,1,0.989186,0.010814
LogisticRegression,fold_aware,0,1,W0178,1,1,0.988881,0.011119
LogisticRegression,fold_aware,0,1,W0179,1,1,0.992452,0.007548
LogisticRegression,fold_aware,0,1,W0180,1,1,0.990330,0.009670
LogisticRegression,fold_aware,0,1,W0181,1,1,0.993391,0.006609
LogisticRegression,fold_aware,0,1,W0182,1,1,0.991628,0.008372
LogisticRegression,fold_aware,0,1,W0183,1,1,0.992881,0.007119
LogisticRegression,fold_aware,0,1,W0184,1,1,0.994661,0.005339
LogisticRegression,fold_aware,0,1,W0185,1,1,0.994093,0.005907
LogisticRegression,fold_aware,0,1,W0186,1,1,0.993690,0.006310
LogisticRegression,fold_aware,0,1,W0187,1,1,0.993441,0.006559
LogisticRegression,fold_aware,0,1,W0188,1,1,0.990614,0.009386
LogisticRegression,fold_aware,0,1,W0189,1,1,0.985204,0.014796
LogisticRegression,fold_aware,0,1,W0190,1,1,0.991993,0.008007
LogisticRegression,fold_aware,0,1,W0191,1,1,0.990570,0.009430
LogisticRegression,fold_aware,0,1,W0192,1,1,0.993609,0.006391
LogisticRegression,fold_aware,0,1,W0193,1,1,0.995051,0.004949
LogisticRegression,fold_aware,0,1,W0194,1,1,0.991280,0.008720
LogisticRegression,fold_aware,0,1,W0195,1,1,0.988205,0.011795
LogisticRegression,fold_aware,0,1,W0196,1,1,0.990439,0.009561
LogisticRegression,fold_aware,0,1,W0197,1,1,0.995222,0.004778
LogisticRegression,fold_aware,0,1,W0198,1,1,0.995661,0.004339
LogisticRegression,fold_aware,0,1,W0199,1,1,0.993929,0.006071
LogisticRegression,fold_aware,0,1,W0200,1,1,0.983097,0.016903
LogisticRegression,fold_aware,0,1,W0201,1,1,0.971913,0.028087
LogisticRegression,fold_aware,0,1,W0202,1,1,0.975311,0.024689
LogisticRegression,fold_aware,0,1,W0203,1,1,0.982666,0.017334
LogisticRegression,fold_aware,0,1,W0204,1,1,0.986011,0.013989
LogisticRegression,fold_aware,0,1,W0205,1,1,0.985221,0.014779
LogisticRegression,fold_aware,0,1,W0206,1,1,0.983116,0.016884
LogisticRegression,fold_aware,0,1,W0207,1,1,0.990485,0.009515
LogisticRegression,fold_aware,0,1,W0208,1,1,0.989559,0.010441
LogisticRegression,fold_aware,0,1,W0209,1,1,0.991439,0.008561
LogisticRegression,fold_aware,0,1,W0210,1,1,0.992868,0.007132
LogisticRegression,fold_aware,0,1,W0211,1,1,0.994616,0.005384
LogisticRegression,fold_aware,0,1,W0212,1,1,0.988063,0.011937
LogisticRegression,fold_aware,0,1,W0213,1,1,0.982987,0.017013
LogisticRegression,fold_aware,0,1,W0214,1,1,0.983964,0.016036
LogisticRegression,fold_aware,0,1,W0215,1,1,0.987037,0.012963
LogisticRegression,fold_aware,0,1,W0216,1,1,0.993537,0.006463
LogisticRegression,fold_aware,0,1,W0217,1,1,0.992692,0.007308
LogisticRegression,fold_aware,0,1,W0218,1,1,0.992757,0.007243
LogisticRegression,fold_aware,0,1,W0219,1,1,0.990987,0.009013
LogisticRegression,fold_aware,0,1,W0220,1,1,0.990310,0.009690
LogisticRegression,fold_aware,0,1,W0221,0,1,0.990325,0.009675
LogisticRegression,fold_aware,0,1,W0222,0,1,0.984499,0.015501
LogisticRegression,fold_aware,0,1,W0223,0,0,0.002430,0.997570
LogisticRegression,fold_aware,0,1,W0224,0,0,0.000000,1.000000
LogisticRegression,fold_aware,0,1,W0225,0,0,0.000000,1.000000
LogisticRegression,fold_aware,0,1,W0226,0,0,0.000000,1.000000
LogisticRegression,fold_aware,0,1,W0227,0,0,0.000095,0.999905
LogisticRegression,fold_aware,0,1,W0228,0,0,0.018338,0.981662
LogisticRegression,fold_aware,0,1,W0229,0,0,0.176088,0.823912
LogisticRegression,fold_aware,0,1,W0230,0,0,0.068903,0.931097
LogisticRegression,fold_aware,0,1,W0231,0,0,0.019525,0.980475
LogisticRegression,fold_aware,0,1,W0232,0,0,0.016166,0.983834
LogisticRegression,fold_aware,0,1,W0233,0,0,0.029549,0.970451
LogisticRegression,fold_aware,0,1,W0234,0,0,0.000141,0.999859
LogisticRegression,fold_aware,0,1,W0235,0,0,0.000145,0.999855
LogisticRegression,fold_aware,0,1,W0236,0,0,0.005675,0.994325
LogisticRegression,fold_aware,0,1,W0237,1,0,0.175460,0.824540
LogisticRegression,fold_aware,0,1,W0238,1,1,0.598993,0.401007
LogisticRegression,fold_aware,0,1,W0239,1,1,0.863104,0.136896
LogisticRegression,fold_aware,0,1,W0240,1,1,0.908383,0.091617
LogisticRegression,fold_aware,0,1,W0241,1,1,0.917359,0.082641
LogisticRegression,fold_aware,0,1,W0242,1,1,0.956832,0.043168
LogisticRegression,fold_aware,0,1,W0243,1,1,0.962698,0.037302
LogisticRegression,fold_aware,0,1,W0244,1,1,0.953405,0.046595
LogisticRegression,fold_aware,0,1,W0245,1,1,0.976959,0.023041
LogisticRegression,fold_aware,0,1,W0246,1,1,0.985994,0.014006
LogisticRegression,fold_aware,0,1,W0247,1,1,0.985900,0.014100
LogisticRegression,fold_aware,0,1,W0248,1,1,0.988410,0.011590
LogisticRegression,fold_aware,0,1,W0249,1,1,0.990660,0.009340
SVM_RBF,fold_aware,0,1,W0000,1,1,0.941759,0.058241
SVM_RBF,fold_aware,0,1,W0001,1,1,0.909593,0.090407
SVM_RBF,fold_aware,0,1,W0002,1,1,0.857790,0.142210
SVM_RBF,fold_aware,0,1,W0003,1,1,0.862319,0.137681
SVM_RBF,fold_aware,0,1,W0004,1,1,0.906750,0.093250
SVM_RBF,fold_aware,0,1,W0005,1,1,0.934646,0.065354
SVM_RBF,fold_aware,0,1,W0006,1,1,0.935473,0.064527
SVM_RBF,fold_aware,0,1,W0007,1,1,0.930654,0.069346
SVM_RBF,fold_aware,0,1,W0008,1,1,0.943214,0.056786
SVM_RBF,fold_aware,0,1,W0009,1,1,0.963798,0.036202
SVM_RBF,fold_aware,0,1,W0010,1,1,0.966784,0.033216
SVM_RBF,fold_aware,0,1,W0011,1,1,0.963141,0.036859
SVM_RBF,fold_aware,0,1,W0012,1,1,0.944658,0.055342
SVM_RBF,fold_aware,0,1,W0013,1,1,0.942840,0.057160
SVM_RBF,fold_aware,0,1,W0014,1,1,0.944537,0.055463
SVM_RBF,fold_aware,0,1,W0015,1,1,0.946177,0.053823
SVM_RBF,fold_aware,0,1,W0016,1,1,0.933362,0.066638
SVM_RBF,fold_aware,0,1,W0017,1,1,0.945425,0.054575
SVM_RBF,fold_aware,0,1,W0018,1,1,0.962908,0.037092
SVM_RBF,fold_aware,0,1,W0019,1,1,0.935663,0.064337
SVM_RBF,fold_aware,0,1,W0020,1,1,0.761273,0.238727
SVM_RBF,fold_aware,0,1,W0021,1,1,0.904928,0.095072
SVM_RBF,fold_aware,0,1,W0022,1,1,0.913303,0.086697
SVM_RBF,fold_aware,0,1,W0023,1,1,0.945010,0.054990
SVM_RBF,fold_aware,0,1,W0024,1,1,0.967198,0.032802
SVM_RBF,fold_aware,0,1,W0025,1,1,0.950083,0.049917
SVM_RBF,fold_aware,0,1,W0026,1,1,0.935790,0.064210
SVM_RBF,fold_aware,0,1,W0027,1,1,0.940252,0.059748
SVM_RBF,fold_aware,0,1,W0028,1,1,0.931490,0.068510
SVM_RBF,fold_aware,0,1,W0029,1,1,0.952238,0.047762
SVM_RBF,fold_aware,0,1,W0030,1,1,0.928890,0.071110
SVM_RBF,fold_aware,0,1,W0031,1,1,0.951533,0.048467
SVM_RBF,fold_aware,0,1,W0032,1,1,0.943091,0.056909
SVM_RBF,fold_aware,0,1,W0033,1,1,0.926248,0.073752
SVM_RBF,fold_aware,0,1,W0034,1,1,0.925339,0.074661
SVM_RBF,fold_aware,0,1,W0035,1,1,0.954198,0.045802
SVM_RBF,fold_aware,0,1,W0036,1,1,0.945292,0.054708
SVM_RBF,fold_aware,0,1,W0037,1,1,0.954919,0.045081
SVM_RBF,fold_aware,0,1,W0038,1,1,0.961952,0.038048
SVM_RBF,fold_aware,0,1,W0039,1,1,0.972290,0.027710
SVM_RBF,fold_aware,0,1,W0040,1,1,0.954839,0.045161
SVM_RBF,fold_aware,0,1,W0041,1,1,0.942971,0.057029
SVM_RBF,fold_aware,0,1,W0042,1,1,0.949573,0.050427
SVM_RBF,fold_aware,0,1,W0043,1,1,0.947311,0.052689
SVM_RBF,fold_aware,0,1,W0044,1,1,0.934507,0.065493
SVM_RBF,fold_aware,0,1,W0045,0,1,0.820795,0.179205
SVM_RBF,fold_aware,0,1,W0046,0,1,0.646649,0.353351
SVM_RBF,fold_aware,0,1,W0047,0,0,0.505396,0.494604
SVM_RBF,fold_aware,0,1,W0048,0,0,0.387163,0.612837
SVM_RBF,fold_aware,0,1,W0049,1,0,0.394645,0.605355
SVM_RBF,fold_aware,0,1,W0050,1,1,0.554533,0.445467
SVM_RBF,fold_aware,0,1,W0051,1,1,0.788421,0.211579
SVM_RBF,fold_aware,0,1,W0052,1,1,0.940799,0.059201
SVM_RBF,fold_aware,0,1,W0053,1,1,0.942355,0.057645
SVM_RBF,fold_aware,0,1,W0054,1,1,0.956327,0.043673
SVM_RBF,fold_aware,0,1,W0055,0,1,0.968241,0.031759
SVM_RBF,fold_aware,0,1,W0056,0,1,0.918407,0.081593
SVM_RBF,fold_aware,0,1,W0057,0,0,0.067381,0.932619
SVM_RBF,fold_aware,0,1,W0058,0,0,0.004327,0.995673
SVM_RBF,fold_aware,0,1,W0059,0,0,0.005217,0.994783
SVM_RBF,fold_aware,0,1,W0060,0,0,0.007152,0.992848
SVM_RBF,fold_aware,0,1,W0061,1,0,0.009409,0.990591
SVM_RBF,fold_aware,0,1,W0062,1,0,0.135719,0.864281
SVM_RBF,fold_aware,0,1,W0063,1,1,0.853297,0.146703
SVM_RBF,fold_aware,0,1,W0064,1,1,0.894972,0.105028
SVM_RBF,fold_aware,0,1,W0065,1,1,0.880838,0.119162
SVM_RBF,fold_aware,0,1,W0066,1,1,0.896828,0.103172
SVM_RBF,fold_aware,0,1,W0067,1,1,0.931393,0.068607
SVM_RBF,fold_aware,0,1,W0068,1,1,0.924879,0.075121
SVM_RBF,fold_aware,0,1,W0069,1,1,0.876655,0.123345
SVM_RBF,fold_aware,0,1,W0070,1,1,0.839325,0.160675
SVM_RBF,fold_aware,0,1,W0071,1,1,0.909535,0.090465
SVM_RBF,fold_aware,0,1,W0072,1,1,0.927344,0.072656
SVM_RBF,fold_aware,0,1,W0073,1,1,0.924780,0.075220
SVM_RBF,fold_aware,0,1,W0074,1,1,0.928609,0.071391
SVM_RBF,fold_aware,0,1,W0075,1,1,0.909369,0.090631
SVM_RBF,fold_aware,0,1,W0076,1,1,0.870767,0.129233
SVM_RBF,fold_aware,0,1,W0077,1,1,0.932079,0.067921
SVM_RBF,fold_aware,0,1,W0078,1,1,0.947648,0.052352
SVM_RBF,fold_aware,0,1,W0079,1,1,0.971795,0.028205
SVM_RBF,fold_aware,0,1,W0080,1,1,0.950546,0.049454
SVM_RBF,fold_aware,0,1,W0081,1,1,0.927987,0.072013
SVM_RBF,fold_aware,0,1,W0082,1,1,0.923110,0.076890
SVM_RBF,fold_aware,0,1,W0083,1,1,0.930976,0.069024
SVM_RBF,fold_aware,0,1,W0084,1,1,0.933754,0.066246
SVM_RBF,fold_aware,0,1,W0085,1,1,0.935339,0.064661
SVM_RBF,fold_aware,0,1,W0086,1,1,0.937897,0.062103
SVM_RBF,fold_aware,0,1,W0087,1,1,0.914684,0.085316
SVM_RBF,fold_aware,0,1,W0088,1,1,0.908409,0.091591
SVM_RBF,fold_aware,0,1,W0089,1,1,0.945442,0.054558
SVM_RBF,fold_aware,0,1,W0090,1,1,0.933924,0.066076
SVM_RBF,fold_aware,0,1,W0091,1,1,0.964201,0.035799
SVM_RBF,fold_aware,0,1,W0092,1,1,0.961855,0.038145
SVM_RBF,fold_aware,0,1,W0093,1,1,0.952392,0.047608
SVM_RBF,fold_aware,0,1,W0094,1,1,0.912973,0.087027
SVM_RBF,fold_aware,0,1,W0095,1,1,0.876277,0.123723
SVM_RBF,fold_aware,0,1,W0096,1,1,0.914994,0.085006
SVM_RBF,fold_aware,0,1,W0097,1,1,0.932350,0.067650
SVM_RBF,fold_aware,0,1,W0098,1,1,0.953738,0.046262
SVM_RBF,fold_aware,0,1,W0099,1,1,0.943143,0.056857
SVM_RBF,fold_aware,0,1,W0100,1,1,0.934669,0.065331
SVM_RBF,fold_aware,0,1,W0101,1,1,0.921057,0.078943
SVM_RBF,fold_aware,0,1,W0102,1,1,0.887342,0.112658
SVM_RBF,fold_aware,0,1,W0103,1,1,0.923257,0.076743
SVM_RBF,fold_aware,0,1,W0104,1,1,0.966107,0.033893
SVM_RBF,fold_aware,0,1,W0105,1,1,0.963905,0.036095
SVM_RBF,fold_aware,0,1,W0106,1,1,0.941226,0.058774
SVM_RBF,fold_aware,0,1,W0107,1,1,0.884411,0.115589
SVM_RBF,fold_aware,0,1,W0108,1,1,0.867795,0.132205
SVM_RBF,fold_aware,0,1,W0109,1,1,0.882040,0.117960
SVM_RBF,fold_aware,0,1,W0110,1,1,0.912391,0.087609
SVM_RBF,fold_aware,0,1,W0111,1,1,0.931979,0.068021
SVM_RBF,fold_aware,0,1,W0112,1,1,0.937956,0.062044
SVM_RBF,fold_aware,0,1,W0113,1,1,0.943232,0.056768
SVM_RBF,fold_aware,0,1,W0114,1,1,0.942432,0.057568
SVM_RBF,fold_aware,0,1,W0115,1,1,0.916912,0.083088
SVM_RBF,fold_aware,0,1,W0116,1,1,0.949567,0.050433
SVM_RBF,fold_aware,0,1,W0117,1,1,0.974665,0.025335
SVM_RBF,fold_aware,0,1,W0118,1,1,0.965610,0.034390
SVM_RBF,fold_aware,0,1,W0119,1,1,0.937842,0.062158
SVM_RBF,fold_aware,0,1,W0120,1,1,0.936038,0.063962
SVM_RBF,fold_aware,0,1,W0121,1,1,0.896696,0.103304
SVM_RBF,fold_aware,0,1,W0122,1,1,0.926839,0.073161
SVM_RBF,fold_aware,0,1,W0123,1,1,0.948190,0.051810
SVM_RBF,fold_aware,0,1,W0124,1,1,0.931675,0.068325
SVM_RBF,fold_aware,0,1,W0125,1,1,0.899137,0.100863
SVM_RBF,fold_aware,0,1,W0126,1,1,0.941497,0.058503
SVM_RBF,fold_aware,0,1,W0127,1,1,0.945382,0.054618
SVM_RBF,fold_aware,0,1,W0128,1,1,0.970857,0.029143
SVM_RBF,fold_aware,0,1,W0129,1,1,0.967479,0.032521
SVM_RBF,fold_aware,0,1,W0130,1,1,0.963077,0.036923
SVM_RBF,fold_aware,0,1,W0131,1,1,0.889322,0.110678
SVM_RBF,fold_aware,0,1,W0132,1,1,0.863870,0.136130
SVM_RBF,fold_aware,0,1,W0133,1,1,0.906223,0.093777
SVM_RBF,fold_aware,0,1,W0134,1,1,0.938927,0.061073
SVM_RBF,fold_aware,0,1,W0135,1,1,0.939376,0.060624
SVM_RBF,fold_aware,0,1,W0136,1,1,0.934320,0.065680
SVM_RBF,fold_aware,0,1,W0137,1,1,0.928306,0.071694
SVM_RBF,fold_aware,0,1,W0138,1,1,0.938367,0.061633
SVM_RBF,fold_aware,0,1,W0139,1,1,0.934857,0.065143
SVM_RBF,fold_aware,0,1,W0140,1,1,0.962844,0.037156
SVM_RBF,fold_aware,0,1,W0141,1,1,0.962271,0.037729
SVM_RBF,fold_aware,0,1,W0142,1,1,0.961366,0.038634
SVM_RBF,fold_aware,0,1,W0143,1,1,0.938011,0.061989
SVM_RBF,fold_aware,0,1,W0144,1,1,0.928814,0.071186
SVM_RBF,fold_aware,0,1,W0145,1,1,0.940155,0.059845
SVM_RBF,fold_aware,0,1,W0146,1,1,0.932702,0.067298
SVM_RBF,fold_aware,0,1,W0147,1,1,0.951328,0.048672
SVM_RBF,fold_aware,0,1,W0148,1,1,0.945957,0.054043
SVM_RBF,fold_aware,0,1,W0149,1,1,0.956644,0.043356
SVM_RBF,fold_aware,0,1,W0150,1,1,0.949425,0.050575
SVM_RBF,fold_aware,0,1,W0151,1,1,0.948102,0.051898
SVM_RBF,fold_aware,0,1,W0152,1,1,0.969699,0.030301
SVM_RBF,fold_aware,0,1,W0153,1,1,0.954915,0.045085
SVM_RBF,fold_aware,0,1,W0154,1,1,0.950206,0.049794
SVM_RBF,fold_aware,0,1,W0155,1,1,0.925578,0.074422
SVM_RBF,fold_aware,0,1,W0156,1,1,0.899514,0.100486
SVM_RBF,fold_aware,0,1,W0157,1,1,0.939414,0.060586
SVM_RBF,fold_aware,0,1,W0158,1,1,0.943164,0.056836
SVM_RBF,fold_aware,0,1,W0159,1,1,0.948007,0.051993
SVM_RBF,fold_aware,0,1,W0160,1,1,0.938737,0.061263
SVM_RBF,fold_aware,0,1,W0161,1,1,0.955035,0.044965
SVM_RBF,fold_aware,0,1,W0162,1,1,0.962334,0.037666
SVM_RBF,fold_aware,0,1,W0163,1,1,0.958333,0.041667
SVM_RBF,fold_aware,0,1,W0164,1,1,0.965219,0.034781
SVM_RBF,fold_aware,0,1,W0165,1,1,0.958787,0.041213
SVM_RBF,fold_aware,0,1,W0166,1,1,0.953235,0.046765
SVM_RBF,fold_aware,0,1,W0167,1,1,0.967512,0.032488
SVM_RBF,fold_aware,0,1,W0168,1,1,0.955073,0.044927
SVM_RBF,fold_aware,0,1,W0169,1,1,0.954311,0.045689
SVM_RBF,fold_aware,0,1,W0170,1,1,0.950460,0.049540
SVM_RBF,fold_aware,0,1,W0171,1,1,0.957014,0.042986
SVM_RBF,fold_aware,0,1,W0172,1,1,0.957819,0.042181
SVM_RBF,fold_aware,0,1,W0173,1,1,0.974308,0.025692
SVM_RBF,fold_aware,0,1,W0174,1,1,0.967763,0.032237
SVM_RBF,fold_aware,0,1,W0175,1,1,0.958886,0.041114
SVM_RBF,fold_aware,0,1,W0176,1,1,0.949141,0.050859
SVM_RBF,fold_aware,0,1,W0177,1,1,0.948735,0.051265
SVM_RBF,fold_aware,0,1,W0178,1,1,0.945024,0.054976
SVM_RBF,fold_aware,0,1,W0179,1,1,0.958411,0.041589
SVM_RBF,fold_aware,0,1,W0180,1,1,0.952396,0.047604
SVM_RBF,fold_aware,0,1,W0181,1,1,0.970684,0.029316
SVM_RBF,fold_aware,0,1,W0182,1,1,0.968749,0.031251
SVM_RBF,fold_aware,0,1,W0183,1,1,0.969247,0.030753
SVM_RBF,fold_aware,0,1,W0184,1,1,0.971496,0.028504
SVM_RBF,fold_aware,0,1,W0185,1,1,0.975583,0.024417
SVM_RBF,fold_aware,0,1,W0186,1,1,0.961061,0.038939
SVM_RBF,fold_aware,0,1,W0187,1,1,0.966355,0.033645
SVM_RBF,fold_aware,0,1,W0188,1,1,0.957914,0.042086
SVM_RBF,fold_aware,0,1,W0189,1,1,0.943200,0.056800
SVM_RBF,fold_aware,0,1,W0190,1,1,0.967457,0.032543
SVM_RBF,fold_aware,0,1,W0191,1,1,0.955788,0.044212
SVM_RBF,fold_aware,0,1,W0192,1,1,0.965336,0.034664
SVM_RBF,fold_aware,0,1,W0193,1,1,0.965912,0.034088
SVM_RBF,fold_aware,0,1,W0194,1,1,0.956615,0.043385
SVM_RBF,fold_aware,0,1,W0195,1,1,0.966928,0.033072
SVM_RBF,fold_aware,0,1,W0196,1,1,0.961548,0.038452
SVM_RBF,fold_aware,0,1,W0197,1,1,0.971366,0.028634
SVM_RBF,fold_aware,0,1,W0198,1,1,0.971773,0.028227
SVM_RBF,fold_aware,0,1,W0199,1,1,0.975068,0.024932
SVM_RBF,fold_aware,0,1,W0200,1,1,0.939644,0.060356
SVM_RBF,fold_aware,0,1,W0201,1,1,0.928352,0.071648
SVM_RBF,fold_aware,0,1,W0202,1,1,0.934198,0.065802
SVM_RBF,fold_aware,0,1,W0203,1,1,0.948956,0.051044
SVM_RBF,fold_aware,0,1,W0204,1,1,0.948157,0.051843
SVM_RBF,fold_aware,0,1,W0205,1,1,0.950498,0.049502
SVM_RBF,fold_aware,0,1,W0206,1,1,0.952733,0.047267
SVM_RBF,fold_aware,0,1,W0207,1,1,0.969159,0.030841
SVM_RBF,fold_aware,0,1,W0208,1,1,0.964923,0.035077
SVM_RBF,fold_aware,0,1,W0209,1,1,0.965584,0.034416
SVM_RBF,fold_aware,0,1,W0210,1,1,0.969200,0.030800
SVM_RBF,fold_aware,0,1,W0211,1,1,0.973518,0.026482
SVM_RBF,fold_aware,0,1,W0212,1,1,0.964212,0.035788
SVM_RBF,fold_aware,0,1,W0213,1,1,0.951665,0.048335
SVM_RBF,fold_aware,0,1,W0214,1,1,0.952306,0.047694
SVM_RBF,fold_aware,0,1,W0215,1,1,0.953888,0.046112
SVM_RBF,fold_aware,0,1,W0216,1,1,0.973235,0.026765
SVM_RBF,fold_aware,0,1,W0217,1,1,0.965501,0.034499
SVM_RBF,fold_aware,0,1,W0218,1,1,0.968003,0.031997
SVM_RBF,fold_aware,0,1,W0219,1,1,0.971078,0.028922
SVM_RBF,fold_aware,0,1,W0220,1,1,0.967967,0.032033
SVM_RBF,fold_aware,0,1,W0221,0,1,0.966957,0.033043
SVM_RBF,fold_aware,0,1,W0222,0,1,0.947979,0.052021
SVM_RBF,fold_aware,0,1,W0223,0,0,0.016708,0.983292
SVM_RBF,fold_aware,0,1,W0224,0,0,0.013499,0.986501
SVM_RBF,fold_aware,0,1,W0225,0,0,0.028490,0.971510
SVM_RBF,fold_aware,0,1,W0226,0,0,0.031373,0.968627
SVM_RBF,fold_aware,0,1,W0227,0,0,0.036976,0.963024
SVM_RBF,fold_aware,0,1,W0228,0,0,0.053563,0.946437
SVM_RBF,fold_aware,0,1,W0229,0,0,0.069430,0.930570
SVM_RBF,fold_aware,0,1,W0230,0,0,0.044816,0.955184
SVM_RBF,fold_aware,0,1,W0231,0,0,0.038257,0.961743
SVM_RBF,fold_aware,0,1,W0232,0,0,0.045369,0.954631
SVM_RBF,fold_aware,0,1,W0233,0,0,0.078806,0.921194
SVM_RBF,fold_aware,0,1,W0234,0,0,0.031269,0.968731
SVM_RBF,fold_aware,0,1,W0235,0,0,0.032951,0.967049
SVM_RBF,fold_aware,0,1,W0236,0,0,0.084375,0.915625
SVM_RBF,fold_aware,0,1,W0237,1,0,0.257861,0.742139
SVM_RBF,fold_aware,0,1,W0238,1,0,0.337005,0.662995
SVM_RBF,fold_aware,0,1,W0239,1,0,0.381217,0.618783
SVM_RBF,fold_aware,0,1,W0240,1,0,0.445854,0.554146
SVM_RBF,fold_aware,0,1,W0241,1,0,0.454299,0.545701
SVM_RBF,fold_aware,0,1,W0242,1,0,0.473162,0.526838
SVM_RBF,fold_aware,0,1,W0243,1,0,0.490723,0.509277
SVM_RBF,fold_aware,0,1,W0244,1,0,0.445315,0.554685
SVM_RBF,fold_aware,0,1,W0245,1,0,0.510895,0.489105
SVM_RBF,fold_aware,0,1,W0246,1,1,0.539584,0.460416
SVM_RBF,fold_aware,0,1,W0247,1,1,0.517535,0.482465
SVM_RBF,fold_aware,0,1,W0248,1,1,0.544734,0.455266
SVM_RBF,fold_aware,0,1,W0249,1,1,0.557103,0.442897
RandomForest,fold_aware,0,1,W0000,1,1,0.884246,0.115754
RandomForest,fold_aware,0,1,W0001,1,1,0.874756,0.125244
RandomForest,fold_aware,0,1,W0002,1,1,0.787181,0.212819
RandomForest,fold_aware,0,1,W0003,1,1,0.820666,0.179334
RandomForest,fold_aware,0,1,W0004,1,1,0.813788,0.186212
RandomForest,fold_aware,0,1,W0005,1,1,0.848315,0.151685
RandomForest,fold_aware,0,1,W0006,1,1,0.841484,0.158516
RandomForest,fold_aware,0,1,W0007,1,1,0.845829,0.154171
RandomForest,fold_aware,0,1,W0008,1,1,0.870173,0.129827
RandomForest,fold_aware,0,1,W0009,1,1,0.877024,0.122976
RandomForest,fold_aware,0,1,W0010,1,1,0.883018,0.116982
RandomForest,fold_aware,0,1,W0011,1,1,0.884788,0.115212
RandomForest,fold_aware,0,1,W0012,1,1,0.855797,0.144203
RandomForest,fold_aware,0,1,W0013,1,1,0.809479,0.190521
RandomForest,fold_aware,0,1,W0014,1,1,0.842652,0.157348
RandomForest,fold_aware,0,1,W0015,1,1,0.848922,0.151078
RandomForest,fold_aware,0,1,W0016,1,1,0.844177,0.155823
RandomForest,fold_aware,0,1,W0017,1,1,0.840905,0.159095
RandomForest,fold_aware,0,1,W0018,1,1,0.871451,0.128549
RandomForest,fold_aware,0,1,W0019,1,1,0.841098,0.158902
RandomForest,fold_aware,0,1,W0020,1,1,0.789353,0.210647
RandomForest,fold_aware,0,1,W0021,1,1,0.790545,0.209455
RandomForest,fold_aware,0,1,W0022,1,1,0.790033,0.209967
RandomForest,fold_aware,0,1,W0023,1,1,0.774389,0.225611
RandomForest,fold_aware,0,1,W0024,1,1,0.863672,0.136328
RandomForest,fold_aware,0,1,W0025,1,1,0.872195,0.127805
RandomForest,fold_aware,0,1,W0026,1,1,0.874582,0.125418
RandomForest,fold_aware,0,1,W0027,1,1,0.879685,0.120315
RandomForest,fold_aware,0,1,W0028,1,1,0.849607,0.150393
RandomForest,fold_aware,0,1,W0029,1,1,0.855773,0.144227
RandomForest,fold_aware,0,1,W0030,1,1,0.832929,0.167071
RandomForest,fold_aware,0,1,W0031,1,1,0.845777,0.154223
RandomForest,fold_aware,0,1,W0032,1,1,0.864115,0.135885
RandomForest,fold_aware,0,1,W0033,1,1,0.785425,0.214575
RandomForest,fold_aware,0,1,W0034,1,1,0.857106,0.142894
RandomForest,fold_aware,0,1,W0035,1,1,0.844826,0.155174
RandomForest,fold_aware,0,1,W0036,1,1,0.804583,0.195417
RandomForest,fold_aware,0,1,W0037,1,1,0.838870,0.161130
RandomForest,fold_aware,0,1,W0038,1,1,0.832217,0.167783
RandomForest,fold_aware,0,1,W0039,1,1,0.839232,0.160768
RandomForest,fold_aware,0,1,W0040,1,1,0.882453,0.117547
RandomForest,fold_aware,0,1,W0041,1,1,0.861482,0.138518
RandomForest,fold_aware,0,1,W0042,1,1,0.821840,0.178160
RandomForest,fold_aware,0,1,W0043,1,1,0.822699,0.177301
RandomForest,fold_aware,0,1,W0044,1,1,0.854328,0.145672
RandomForest,fold_aware,0,1,W0045,0,1,0.646689,0.353311
RandomForest,fold_aware,0,1,W0046,0,1,0.562342,0.437658
RandomForest,fold_aware,0,1,W0047,0,1,0.583400,0.416600
RandomForest,fold_aware,0,1,W0048,0,1,0.615250,0.384750
RandomForest,fold_aware,0,1,W0049,1,1,0.622119,0.377881
RandomForest,fold_aware,0,1,W0050,1,1,0.617869,0.382131
RandomForest,fold_aware,0,1,W0051,1,1,0.725418,0.274582
RandomForest,fold_aware,0,1,W0052,1,1,0.768001,0.231999
RandomForest,fold_aware,0,1,W0053,1,1,0.888338,0.111662
RandomForest,fold_aware,0,1,W0054,1,1,0.943871,0.056129
RandomForest,fold_aware,0,1,W0055,0,1,0.934431,0.065569
RandomForest,fold_aware,0,1,W0056,0,1,0.865709,0.134291
RandomForest,fold_aware,0,1,W0057,0,0,0.219501,0.780499
RandomForest,fold_aware,0,1,W0058,0,0,0.100221,0.899779
RandomForest,fold_aware,0,1,W0059,0,0,0.115919,0.884081
RandomForest,fold_aware,0,1,W0060,0,0,0.118017,0.881983
RandomForest,fold_aware,0,1,W0061,1,0,0.159703,0.840297
RandomForest,fold_aware,0,1,W0062,1,0,0.152090,0.847910
RandomForest,fold_aware,0,1,W0063,1,1,0.816341,0.183659
RandomForest,fold_aware,0,1,W0064,1,1,0.939330,0.060670
RandomForest,fold_aware,0,1,W0065,1,1,0.910886,0.089114
RandomForest,fold_aware,0,1,W0066,1,1,0.918923,0.081077
RandomForest,fold_aware,0,1,W0067,1,1,0.895003,0.104997
RandomForest,fold_aware,0,1,W0068,1,1,0.847329,0.152671
RandomForest,fold_aware,0,1,W0069,1,1,0.860414,0.139586
RandomForest,fold_aware,0,1,W0070,1,1,0.737405,0.262595
RandomForest,fold_aware,0,1,W0071,1,1,0.919137,0.080863
RandomForest,fold_aware,0,1,W0072,1,1,0.922531,0.077469
RandomForest,fold_aware,0,1,W0073,1,1,0.931725,0.068275
RandomForest,fold_aware,0,1,W0074,1,1,0.923269,0.076731
RandomForest,fold_aware,0,1,W0075,1,1,0.963051,0.036949
RandomForest,fold_aware,0,1,W0076,1,1,0.957874,0.042126
RandomForest,fold_aware,0,1,W0077,1,1,0.965698,0.034302
RandomForest,fold_aware,0,1,W0078,1,1,0.974135,0.025865
RandomForest,fold_aware,0,1,W0079,1,1,0.976447,0.023553
RandomForest,fold_aware,0,1,W0080,1,1,0.918293,0.081707
RandomForest,fold_aware,0,1,W0081,1,1,0.895954,0.104046
RandomForest,fold_aware,0,1,W0082,1,1,0.909086,0.090914
RandomForest,fold_aware,0,1,W0083,1,1,0.899317,0.100683
RandomForest,fold_aware,0,1,W0084,1,1,0.972365,0.027635
RandomForest,fold_aware,0,1,W0085,1,1,0.935801,0.064199
RandomForest,fold_aware,0,1,W0086,1,1,0.917530,0.082470
RandomForest,fold_aware,0,1,W0087,1,1,0.920473,0.079527
RandomForest,fold_aware,0,1,W0088,1,1,0.900318,0.099682
RandomForest,fold_aware,0,1,W0089,1,1,0.967450,0.032550
RandomForest,fold_aware,0,1,W0090,1,1,0.972365,0.027635
RandomForest,fold_aware,0,1,W0091,1,1,0.968185,0.031815
RandomForest,fold_aware,0,1,W0092,1,1,0.968306,0.031694
RandomForest,fold_aware,0,1,W0093,1,1,0.903725,0.096275
RandomForest,fold_aware,0,1,W0094,1,1,0.916790,0.083210
RandomForest,fold_aware,0,1,W0095,1,1,0.683860,0.316140
RandomForest,fold_aware,0,1,W0096,1,1,0.923642,0.076358
RandomForest,fold_aware,0,1,W0097,1,1,0.914225,0.085775
RandomForest,fold_aware,0,1,W0098,1,1,0.898306,0.101694
RandomForest,fold_aware,0,1,W0099,1,1,0.914042,0.085958
RandomForest,fold_aware,0,1,W0100,1,1,0.938791,0.061209
RandomForest,fold_aware,0,1,W0101,1,1,0.759723,0.240277
RandomForest,fold_aware,0,1,W0102,1,1,0.766601,0.233399
RandomForest,fold_aware,0,1,W0103,1,1,0.974135,0.025865
RandomForest,fold_aware,0,1,W0104,1,1,0.969955,0.030045
RandomForest,fold_aware,0,1,W0105,1,1,0.967837,0.032163
RandomForest,fold_aware,0,1,W0106,1,1,0.971160,0.028840
RandomForest,fold_aware,0,1,W0107,1,1,0.612561,0.387439
RandomForest,fold_aware,0,1,W0108,1,1,0.611792,0.388208
RandomForest,fold_aware,0,1,W0109,1,1,0.786262,0.213738
RandomForest,fold_aware,0,1,W0110,1,1,0.859748,0.140252
RandomForest,fold_aware,0,1,W0111,1,1,0.910101,0.089899
RandomForest,fold_aware,0,1,W0112,1,1,0.895483,0.104517
RandomForest,fold_aware,0,1,W0113,1,1,0.948339,0.051661
RandomForest,fold_aware,0,1,W0114,1,1,0.964743,0.035257
RandomForest,fold_aware,0,1,W0115,1,1,0.807389,0.192611
RandomForest,fold_aware,0,1,W0116,1,1,0.970802,0.029198
RandomForest,fold_aware,0,1,W0117,1,1,0.970425,0.029575
RandomForest,fold_aware,0,1,W0118,1,1,0.974135,0.025865
RandomForest,fold_aware,0,1,W0119,1,1,0.970618,0.029382
RandomForest,fold_aware,0,1,W0120,1,1,0.916956,0.083044
RandomForest,fold_aware,0,1,W0121,1,1,0.895937,0.104063
RandomForest,fold_aware,0,1,W0122,1,1,0.939885,0.060115
RandomForest,fold_aware,0,1,W0123,1,1,0.920557,0.079443
RandomForest,fold_aware,0,1,W0124,1,1,0.927861,0.072139
RandomForest,fold_aware,0,1,W0125,1,1,0.958293,0.041707
RandomForest,fold_aware,0,1,W0126,1,1,0.962374,0.037626
RandomForest,fold_aware,0,1,W0127,1,1,0.964893,0.035107
RandomForest,fold_aware,0,1,W0128,1,1,0.965308,0.034692
RandomForest,fold_aware,0,1,W0129,1,1,0.963395,0.036605
RandomForest,fold_aware,0,1,W0130,1,1,0.957148,0.042852
RandomForest,fold_aware,0,1,W0131,1,1,0.827434,0.172566
RandomForest,fold_aware,0,1,W0132,1,1,0.775064,0.224936
RandomForest,fold_aware,0,1,W0133,1,1,0.888848,0.111152
RandomForest,fold_aware,0,1,W0134,1,1,0.935402,0.064598
RandomForest,fold_aware,0,1,W0135,1,1,0.935561,0.064439
RandomForest,fold_aware,0,1,W0136,1,1,0.967827,0.032173
RandomForest,fold_aware,0,1,W0137,1,1,0.971560,0.028440
RandomForest,fold_aware,0,1,W0138,1,1,0.964949,0.035051
RandomForest,fold_aware,0,1,W0139,1,1,0.964779,0.035221
RandomForest,fold_aware,0,1,W0140,1,1,0.966057,0.033943
RandomForest,fold_aware,0,1,W0141,1,1,0.910452,0.089548
RandomForest,fold_aware,0,1,W0142,1,1,0.950601,0.049399
RandomForest,fold_aware,0,1,W0143,1,1,0.925976,0.074024
RandomForest,fold_aware,0,1,W0144,1,1,0.901899,0.098101
RandomForest,fold_aware,0,1,W0145,1,1,0.878011,0.121989
RandomForest,fold_aware,0,1,W0146,1,1,0.922262,0.077738
RandomForest,fold_aware,0,1,W0147,1,1,0.917776,0.082224
RandomForest,fold_aware,0,1,W0148,1,1,0.890130,0.109870
RandomForest,fold_aware,0,1,W0149,1,1,0.962723,0.037277
RandomForest,fold_aware,0,1,W0150,1,1,0.913457,0.086543
RandomForest,fold_aware,0,1,W0151,1,1,0.959478,0.040522
RandomForest,fold_aware,0,1,W0152,1,1,0.971160,0.028840
RandomForest,fold_aware,0,1,W0153,1,1,0.926832,0.073168
RandomForest,fold_aware,0,1,W0154,1,1,0.925820,0.074180
RandomForest,fold_aware,0,1,W0155,1,1,0.910146,0.089854
RandomForest,fold_aware,0,1,W0156,1,1,0.914032,0.085968
RandomForest,fold_aware,0,1,W0157,1,1,0.921498,0.078502
RandomForest,fold_aware,0,1,W0158,1,1,0.908561,0.091439
RandomForest,fold_aware,0,1,W0159,1,1,0.925742,0.074258
RandomForest,fold_aware,0,1,W0160,1,1,0.880444,0.119556
RandomForest,fold_aware,0,1,W0161,1,1,0.961183,0.038817
RandomForest,fold_aware,0,1,W0162,1,1,0.969390,0.030610
RandomForest,fold_aware,0,1,W0163,1,1,0.970595,0.029405
RandomForest,fold_aware,0,1,W0164,1,1,0.969390,0.030610
RandomForest,fold_aware,0,1,W0165,1,1,0.971630,0.028370
RandomForest,fold_aware,0,1,W0166,1,1,0.967643,0.032357
RandomForest,fold_aware,0,1,W0167,1,1,0.965252,0.034748
RandomForest,fold_aware,0,1,W0168,1,1,0.943853,0.056147
RandomForest,fold_aware,0,1,W0169,1,1,0.931719,0.068281
RandomForest,fold_aware,0,1,W0170,1,1,0.975905,0.024095
RandomForest,fold_aware,0,1,W0171,1,1,0.969042,0.030958
RandomForest,fold_aware,0,1,W0172,1,1,0.975905,0.024095
RandomForest,fold_aware,0,1,W0173,1,1,0.974135,0.025865
RandomForest,fold_aware,0,1,W0174,1,1,0.970812,0.029188
RandomForest,fold_aware,0,1,W0175,1,1,0.895150,0.104850
RandomForest,fold_aware,0,1,W0176,1,1,0.961768,0.038232
RandomForest,fold_aware,0,1,W0177,1,1,0.923099,0.076901
RandomForest,fold_aware,0,1,W0178,1,1,0.910695,0.089305
RandomForest,fold_aware,0,1,W0179,1,1,0.909178,0.090822
RandomForest,fold_aware,0,1,W0180,1,1,0.916212,0.083788
RandomForest,fold_aware,0,1,W0181,1,1,0.972195,0.027805
RandomForest,fold_aware,0,1,W0182,1,1,0.962467,0.037533
RandomForest,fold_aware,0,1,W0183,1,1,0.966342,0.033658
RandomForest,fold_aware,0,1,W0184,1,1,0.959285,0.040715
RandomForest,fold_aware,0,1,W0185,1,1,0.952619,0.047381
RandomForest,fold_aware,0,1,W0186,1,1,0.965160,0.034840
RandomForest,fold_aware,0,1,W0187,1,1,0.972930,0.027070
RandomForest,fold_aware,0,1,W0188,1,1,0.972930,0.027070
RandomForest,fold_aware,0,1,W0189,1,1,0.964237,0.035763
RandomForest,fold_aware,0,1,W0190,1,1,0.969390,0.030610
RandomForest,fold_aware,0,1,W0191,1,1,0.974135,0.025865
RandomForest,fold_aware,0,1,W0192,1,1,0.974135,0.025865
RandomForest,fold_aware,0,1,W0193,1,1,0.971160,0.028840
RandomForest,fold_aware,0,1,W0194,1,1,0.904149,0.095851
RandomForest,fold_aware,0,1,W0195,1,1,0.967078,0.032922
RandomForest,fold_aware,0,1,W0196,1,1,0.974135,0.025865
RandomForest,fold_aware,0,1,W0197,1,1,0.974135,0.025865
RandomForest,fold_aware,0,1,W0198,1,1,0.967078,0.032922
RandomForest,fold_aware,0,1,W0199,1,1,0.967078,0.032922
RandomForest,fold_aware,0,1,W0200,1,1,0.907660,0.092340
RandomForest,fold_aware,0,1,W0201,1,1,0.969390,0.030610
RandomForest,fold_aware,0,1,W0202,1,1,0.964287,0.035713
RandomForest,fold_aware,0,1,W0203,1,1,0.969597,0.030403
RandomForest,fold_aware,0,1,W0204,1,1,0.974677,0.025323
RandomForest,fold_aware,0,1,W0205,1,1,0.968655,0.031345
RandomForest,fold_aware,0,1,W0206,1,1,0.967005,0.032995
RandomForest,fold_aware,0,1,W0207,1,1,0.964766,0.035234
RandomForest,fold_aware,0,1,W0208,1,1,0.967741,0.032259
RandomForest,fold_aware,0,1,W0209,1,1,0.974135,0.025865
RandomForest,fold_aware,0,1,W0210,1,1,0.970066,0.029934
RandomForest,fold_aware,0,1,W0211,1,1,0.969390,0.030610
RandomForest,fold_aware,0,1,W0212,1,1,0.972195,0.027805
RandomForest,fold_aware,0,1,W0213,1,1,0.974135,0.025865
RandomForest,fold_aware,0,1,W0214,1,1,0.974135,0.025865
RandomForest,fold_aware,0,1,W0215,1,1,0.974135,0.025865
RandomForest,fold_aware,0,1,W0216,1,1,0.971160,0.028840
RandomForest,fold_aware,0,1,W0217,1,1,0.974135,0.025865
RandomForest,fold_aware,0,1,W0218,1,1,0.968585,0.031415
RandomForest,fold_aware,0,1,W0219,1,1,0.959662,0.040338
RandomForest,fold_aware,0,1,W0220,1,1,0.967620,0.032380
RandomForest,fold_aware,0,1,W0221,0,1,0.974135,0.025865
RandomForest,fold_aware,0,1,W0222,0,1,0.961518,0.038482
RandomForest,fold_aware,0,1,W0223,0,0,0.001563,0.998437
RandomForest,fold_aware,0,1,W0224,0,0,0.030871,0.969129
RandomForest,fold_aware,0,1,W0225,0,0,0.011563,0.988437
RandomForest,fold_aware,0,1,W0226,0,0,0.042480,0.957520
RandomForest,fold_aware,0,1,W0227,0,0,0.322143,0.677857
RandomForest,fold_aware,0,1,W0228,0,0,0.341012,0.658988
RandomForest,fold_aware,0,1,W0229,0,0,0.053999,0.946001
RandomForest,fold_aware,0,1,W0230,0,0,0.012584,0.987416
RandomForest,fold_aware,0,1,W0231,0,0,0.025655,0.974345
RandomForest,fold_aware,0,1,W0232,0,0,0.099288,0.900712
RandomForest,fold_aware,0,1,W0233,0,0,0.144481,0.855519
RandomForest,fold_aware,0,1,W0234,0,0,0.224102,0.775898
RandomForest,fold_aware,0,1,W0235,0,0,0.116675,0.883325
RandomForest,fold_aware,0,1,W0236,0,0,0.104560,0.895440
RandomForest,fold_aware,0,1,W0237,1,0,0.272574,0.727426
RandomForest,fold_aware,0,1,W0238,1,0,0.405975,0.594025
RandomForest,fold_aware,0,1,W0239,1,1,0.632829,0.367171
RandomForest,fold_aware,0,1,W0240,1,1,0.573422,0.426578
RandomForest,fold_aware,0,1,W0241,1,1,0.641728,0.358272
RandomForest,fold_aware,0,1,W0242,1,1,0.666370,0.333630
RandomForest,fold_aware,0,1,W0243,1,1,0.681261,0.318739
RandomForest,fold_aware,0,1,W0244,1,1,0.656180,0.343820
RandomForest,fold_aware,0,1,W0245,1,1,0.813217,0.186783
RandomForest,fold_aware,0,1,W0246,1,1,0.903780,0.096220
RandomForest,fold_aware,0,1,W0247,1,1,0.908207,0.091793
RandomForest,fold_aware,0,1,W0248,1,1,0.925972,0.074028
RandomForest,fold_aware,0,1,W0249,1,1,0.947888,0.052112
XGBoost,fold_aware,0,1,W0000,1,1,0.984125,0.015875
XGBoost,fold_aware,0,1,W0001,1,1,0.966937,0.033063
XGBoost,fold_aware,0,1,W0002,1,1,0.601628,0.398372
XGBoost,fold_aware,0,1,W0003,1,1,0.843810,0.156190
XGBoost,fold_aware,0,1,W0004,1,1,0.960536,0.039464
XGBoost,fold_aware,0,1,W0005,1,1,0.902276,0.097724
XGBoost,fold_aware,0,1,W0006,1,1,0.973827,0.026173
XGBoost,fold_aware,0,1,W0007,1,1,0.969618,0.030382
XGBoost,fold_aware,0,1,W0008,1,1,0.953719,0.046281
XGBoost,fold_aware,0,1,W0009,1,1,0.991202,0.008798
XGBoost,fold_aware,0,1,W0010,1,1,0.934460,0.065540
XGBoost,fold_aware,0,1,W0011,1,1,0.974338,0.025662
XGBoost,fold_aware,0,1,W0012,1,1,0.929578,0.070422
XGBoost,fold_aware,0,1,W0013,1,1,0.961130,0.038870
XGBoost,fold_aware,0,1,W0014,1,1,0.977829,0.022171
XGBoost,fold_aware,0,1,W0015,1,1,0.976153,0.023847
XGBoost,fold_aware,0,1,W0016,1,1,0.956992,0.043008
XGBoost,fold_aware,0,1,W0017,1,1,0.956359,0.043641
XGBoost,fold_aware,0,1,W0018,1,1,0.965993,0.034007
XGBoost,fold_aware,0,1,W0019,1,1,0.925813,0.074187
XGBoost,fold_aware,0,1,W0020,1,0,0.494905,0.505095
XGBoost,fold_aware,0,1,W0021,1,1,0.652008,0.347992
XGBoost,fold_aware,0,1,W0022,1,1,0.845891,0.154109
XGBoost,fold_aware,0,1,W0023,1,1,0.791324,0.208676
XGBoost,fold_aware,0,1,W0024,1,1,0.988723,0.011277
XGBoost,fold_aware,0,1,W0025,1,1,0.968051,0.031949
XGBoost,fold_aware,0,1,W0026,1,1,0.937711,0.062289
XGBoost,fold_aware,0,1,W0027,1,1,0.982680,0.017320
XGBoost,fold_aware,0,1,W0028,1,1,0.983801,0.016199
XGBoost,fold_aware,0,1,W0029,1,1,0.987096,0.012904
XGBoost,fold_aware,0,1,W0030,1,1,0.973552,0.026448
XGBoost,fold_aware,0,1,W0031,1,1,0.971812,0.028188
XGBoost,fold_aware,0,1,W0032,1,1,0.976297,0.023703
XGBoost,fold_aware,0,1,W0033,1,1,0.605107,0.394893
XGBoost,fold_aware,0,1,W0034,1,1,0.951472,0.048528
XGBoost,fold_aware,0,1,W0035,1,1,0.924894,0.075106
XGBoost,fold_aware,0,1,W0036,1,1,0.970483,0.029517
XGBoost,fold_aware,0,1,W0037,1,1,0.973326,0.026674
XGBoost,fold_aware,0,1,W0038,1,1,0.959941,0.040059
XGBoost,fold_aware,0,1,W0039,1,1,0.969845,0.030155
XGBoost,fold_aware,0,1,W0040,1,1,0.925866,0.074134
XGBoost,fold_aware,0,1,W0041,1,1,0.843817,0.156183
XGBoost,fold_aware,0,1,W0042,1,1,0.964864,0.035136
XGBoost,fold_aware,0,1,W0043,1,1,0.977790,0.022210
XGBoost,fold_aware,0,1,W0044,1,1,0.962499,0.037501
XGBoost,fold_aware,0,1,W0045,0,1,0.577413,0.422587
XGBoost,fold_aware,0,1,W0046,0,1,0.645926,0.354074
XGBoost,fold_aware,0,1,W0047,0,1,0.685959,0.314041
XGBoost,fold_aware,0,1,W0048,0,1,0.753188,0.246812
XGBoost,fold_aware,0,1,W0049,1,1,0.904285,0.095715
XGBoost,fold_aware,0,1,W0050,1,1,0.844430,0.155570
XGBoost,fold_aware,0,1,W0051,1,1,0.917712,0.082288
XGBoost,fold_aware,0,1,W0052,1,1,0.985618,0.014382
XGBoost,fold_aware,0,1,W0053,1,1,0.947216,0.052784
XGBoost,fold_aware,0,1,W0054,1,1,0.941153,0.058847
XGBoost,fold_aware,0,1,W0055,0,1,0.967196,0.032804
XGBoost,fold_aware,0,1,W0056,0,1,0.943939,0.056061
XGBoost,fold_aware,0,1,W0057,0,0,0.052341,0.947659
XGBoost,fold_aware,0,1,W0058,0,0,0.007053,0.992947
XGBoost,fold_aware,0,1,W0059,0,0,0.003462,0.996538
XGBoost,fold_aware,0,1,W0060,0,0,0.002626,0.997374
XGBoost,fold_aware,0,1,W0061,1,0,0.006166,0.993834
XGBoost,fold_aware,0,1,W0062,1,0,0.003628,0.996372
XGBoost,fold_aware,0,1,W0063,1,1,0.866955,0.133045
XGBoost,fold_aware,0,1,W0064,1,1,0.989443,0.010557
XGBoost,fold_aware,0,1,W0065,1,1,0.632969,0.367031
XGBoost,fold_aware,0,1,W0066,1,1,0.941630,0.058370
XGBoost,fold_aware,0,1,W0067,1,1,0.841908,0.158092
XGBoost,fold_aware,0,1,W0068,1,1,0.909780,0.090220
XGBoost,fold_aware,0,1,W0069,1,1,0.967961,0.032039
XGBoost,fold_aware,0,1,W0070,1,0,0.473390,0.526610
XGBoost,fold_aware,0,1,W0071,1,1,0.974459,0.025541
XGBoost,fold_aware,0,1,W0072,1,1,0.977283,0.022717
XGBoost,fold_aware,0,1,W0073,1,1,0.955744,0.044256
XGBoost,fold_aware,0,1,W0074,1,1,0.983980,0.016020
XGBoost,fold_aware,0,1,W0075,1,1,0.993652,0.006348
XGBoost,fold_aware,0,1,W0076,1,1,0.977997,0.022003
XGBoost,fold_aware,0,1,W0077,1,1,0.993116,0.006884
XGBoost,fold_aware,0,1,W0078,1,1,0.999166,0.000834
XGBoost,fold_aware,0,1,W0079,1,1,0.999362,0.000638
XGBoost,fold_aware,0,1,W0080,1,1,0.998016,0.001984
XGBoost,fold_aware,0,1,W0081,1,1,0.992159,0.007841
XGBoost,fold_aware,0,1,W0082,1,1,0.997603,0.002397
XGBoost,fold_aware,0,1,W0083,1,1,0.992101,0.007899
XGBoost,fold_aware,0,1,W0084,1,1,0.998802,0.001198
XGBoost,fold_aware,0,1,W0085,1,1,0.991291,0.008709
XGBoost,fold_aware,0,1,W0086,1,1,0.978465,0.021535
XGBoost,fold_aware,0,1,W0087,1,1,0.976807,0.023193
XGBoost,fold_aware,0,1,W0088,1,1,0.991408,0.008592
XGBoost,fold_aware,0,1,W0089,1,1,0.995416,0.004584
XGBoost,fold_aware,0,1,W0090,1,1,0.997639,0.002361
XGBoost,fold_aware,0,1,W0091,1,1,0.997502,0.002498
XGBoost,fold_aware,0,1,W0092,1,1,0.999315,0.000685
XGBoost,fold_aware,0,1,W0093,1,1,0.996705,0.003295
XGBoost,fold_aware,0,1,W0094,1,1,0.995675,0.004325
XGBoost,fold_aware,0,1,W0095,1,0,0.406547,0.593453
XGBoost,fold_aware,0,1,W0096,1,1,0.958775,0.041225
XGBoost,fold_aware,0,1,W0097,1,1,0.989205,0.010795
XGBoost,fold_aware,0,1,W0098,1,1,0.991406,0.008594
XGBoost,fold_aware,0,1,W0099,1,1,0.994289,0.005711
XGBoost,fold_aware,0,1,W0100,1,1,0.990952,0.009048
XGBoost,fold_aware,0,1,W0101,1,1,0.962677,0.037323
XGBoost,fold_aware,0,1,W0102,1,1,0.972849,0.027151
XGBoost,fold_aware,0,1,W0103,1,1,0.995046,0.004954
XGBoost,fold_aware,0,1,W0104,1,1,0.998633,0.001367
XGBoost,fold_aware,0,1,W0105,1,1,0.998123,0.001877
XGBoost,fold_aware,0,1,W0106,1,1,0.998497,0.001503
XGBoost,fold_aware,0,1,W0107,1,1,0.846623,0.153377
XGBoost,fold_aware,0,1,W0108,1,1,0.694809,0.305191
XGBoost,fold_aware,0,1,W0109,1,1,0.555495,0.444505
XGBoost,fold_aware,0,1,W0110,1,1,0.975472,0.024528
XGBoost,fold_aware,0,1,W0111,1,1,0.993427,0.006573
XGBoost,fold_aware,0,1,W0112,1,1,0.969121,0.030879
XGBoost,fold_aware,0,1,W0113,1,1,0.987019,0.012981
XGBoost,fold_aware,0,1,W0114,1,1,0.997257,0.002743
XGBoost,fold_aware,0,1,W0115,1,1,0.912968,0.087032
XGBoost,fold_aware,0,1,W0116,1,1,0.997257,0.002743
XGBoost,fold_aware,0,1,W0117,1,1,0.998431,0.001569
XGBoost,fold_aware,0,1,W0118,1,1,0.999459,0.000541
XGBoost,fold_aware,0,1,W0119,1,1,0.998909,0.001091
XGBoost,fold_aware,0,1,W0120,1,1,0.987531,0.012469
XGBoost,fold_aware,0,1,W0121,1,1,0.949183,0.050817
XGBoost,fold_aware,0,1,W0122,1,1,0.996712,0.003288
XGBoost,fold_aware,0,1,W0123,1,1,0.990076,0.009924
XGBoost,fold_aware,0,1,W0124,1,1,0.997737,0.002263
XGBoost,fold_aware,0,1,W0125,1,1,0.990339,0.009661
XGBoost,fold_aware,0,1,W0126,1,1,0.991893,0.008107
XGBoost,fold_aware,0,1,W0127,1,1,0.997224,0.002776
XGBoost,fold_aware,0,1,W0128,1,1,0.999578,0.000422
XGBoost,fold_aware,0,1,W0129,1,1,0.999241,0.000759
XGBoost,fold_aware,0,1,W0130,1,1,0.995807,0.004193
XGBoost,fold_aware,0,1,W0131,1,1,0.757841,0.242159
XGBoost,fold_aware,0,1,W0132,1,0,0.304184,0.695816
XGBoost,fold_aware,0,1,W0133,1,1,0.938532,0.061468
XGBoost,fold_aware,0,1,W0134,1,1,0.996625,0.003375
XGBoost,fold_aware,0,1,W0135,1,1,0.997368,0.002632
XGBoost,fold_aware,0,1,W0136,1,1,0.997105,0.002895
XGBoost,fold_aware,0,1,W0137,1,1,0.996413,0.003587
XGBoost,fold_aware,0,1,W0138,1,1,0.997972,0.002028
XGBoost,fold_aware,0,1,W0139,1,1,0.996374,0.003626
XGBoost,fold_aware,0,1,W0140,1,1,0.997052,0.002948
XGBoost,fold_aware,0,1,W0141,1,1,0.997710,0.002290
XGBoost,fold_aware,0,1,W0142,1,1,0.996594,0.003406
XGBoost,fold_aware,0,1,W0143,1,1,0.993895,0.006105
XGBoost,fold_aware,0,1,W0144,1,1,0.980662,0.019338
XGBoost,fold_aware,0,1,W0145,1,1,0.984097,0.015903
XGBoost,fold_aware,0,1,W0146,1,1,0.995767,0.004233
XGBoost,fold_aware,0,1,W0147,1,1,0.998665,0.001335
XGBoost,fold_aware,0,1,W0148,1,1,0.989129,0.010871
XGBoost,fold_aware,0,1,W0149,1,1,0.997002,0.002998
XGBoost,fold_aware,0,1,W0150,1,1,0.992923,0.007077
XGBoost,fold_aware,0,1,W0151,1,1,0.992596,0.007404
XGBoost,fold_aware,0,1,W0152,1,1,0.998876,0.001124
XGBoost,fold_aware,0,1,W0153,1,1,0.996904,0.003096
XGBoost,fold_aware,0,1,W0154,1,1,0.998240,0.001760
XGBoost,fold_aware,0,1,W0155,1,1,0.984520,0.015480
XGBoost,fold_aware,0,1,W0156,1,1,0.948728,0.051272
XGBoost,fold_aware,0,1,W0157,1,1,0.989172,0.010828
XGBoost,fold_aware,0,1,W0158,1,1,0.995110,0.004890
XGBoost,fold_aware,0,1,W0159,1,1,0.997616,0.002384
XGBoost,fold_aware,0,1,W0160,1,1,0.995639,0.004361
XGBoost,fold_aware,0,1,W0161,1,1,0.999037,0.000963
XGBoost,fold_aware,0,1,W0162,1,1,0.999684,0.000316
XGBoost,fold_aware,0,1,W0163,1,1,0.999717,0.000283
XGBoost,fold_aware,0,1,W0164,1,1,0.996981,0.003019
XGBoost,fold_aware,0,1,W0165,1,1,0.996220,0.003780
XGBoost,fold_aware,0,1,W0166,1,1,0.995805,0.004195
XGBoost,fold_aware,0,1,W0167,1,1,0.998663,0.001337
XGBoost,fold_aware,0,1,W0168,1,1,0.998893,0.001107
XGBoost,fold_aware,0,1,W0169,1,1,0.999040,0.000960
XGBoost,fold_aware,0,1,W0170,1,1,0.998515,0.001485
XGBoost,fold_aware,0,1,W0171,1,1,0.999257,0.000743
XGBoost,fold_aware,0,1,W0172,1,1,0.999808,0.000192
XGBoost,fold_aware,0,1,W0173,1,1,0.999820,0.000180
XGBoost,fold_aware,0,1,W0174,1,1,0.999758,0.000242
XGBoost,fold_aware,0,1,W0175,1,1,0.998395,0.001605
XGBoost,fold_aware,0,1,W0176,1,1,0.998641,0.001359
XGBoost,fold_aware,0,1,W0177,1,1,0.997881,0.002119
XGBoost,fold_aware,0,1,W0178,1,1,0.991503,0.008497
XGBoost,fold_aware,0,1,W0179,1,1,0.993622,0.006378
XGBoost,fold_aware,0,1,W0180,1,1,0.997838,0.002162
XGBoost,fold_aware,0,1,W0181,1,1,0.999520,0.000480
XGBoost,fold_aware,0,1,W0182,1,1,0.999206,0.000794
XGBoost,fold_aware,0,1,W0183,1,1,0.999790,0.000210
XGBoost,fold_aware,0,1,W0184,1,1,0.999204,0.000796
XGBoost,fold_aware,0,1,W0185,1,1,0.998852,0.001148
XGBoost,fold_aware,0,1,W0186,1,1,0.998542,0.001458
XGBoost,fold_aware,0,1,W0187,1,1,0.998861,0.001139
XGBoost,fold_aware,0,1,W0188,1,1,0.999450,0.000550
XGBoost,fold_aware,0,1,W0189,1,1,0.999263,0.000737
XGBoost,fold_aware,0,1,W0190,1,1,0.999159,0.000841
XGBoost,fold_aware,0,1,W0191,1,1,0.998786,0.001214
XGBoost,fold_aware,0,1,W0192,1,1,0.996519,0.003481
XGBoost,fold_aware,0,1,W0193,1,1,0.996473,0.003527
XGBoost,fold_aware,0,1,W0194,1,1,0.997472,0.002528
XGBoost,fold_aware,0,1,W0195,1,1,0.999476,0.000524
XGBoost,fold_aware,0,1,W0196,1,1,0.998028,0.001972
XGBoost,fold_aware,0,1,W0197,1,1,0.999201,0.000799
XGBoost,fold_aware,0,1,W0198,1,1,0.999503,0.000497
XGBoost,fold_aware,0,1,W0199,1,1,0.999474,0.000526
XGBoost,fold_aware,0,1,W0200,1,1,0.998420,0.001580
XGBoost,fold_aware,0,1,W0201,1,1,0.996987,0.003013
XGBoost,fold_aware,0,1,W0202,1,1,0.996040,0.003960
XGBoost,fold_aware,0,1,W0203,1,1,0.994752,0.005248
XGBoost,fold_aware,0,1,W0204,1,1,0.978689,0.021311
XGBoost,fold_aware,0,1,W0205,1,1,0.989978,0.010022
XGBoost,fold_aware,0,1,W0206,1,1,0.997601,0.002399
XGBoost,fold_aware,0,1,W0207,1,1,0.999710,0.000290
XGBoost,fold_aware,0,1,W0208,1,1,0.999750,0.000250
XGBoost,fold_aware,0,1,W0209,1,1,0.999511,0.000489
XGBoost,fold_aware,0,1,W0210,1,1,0.998539,0.001461
XGBoost,fold_aware,0,1,W0211,1,1,0.999765,0.000235
XGBoost,fold_aware,0,1,W0212,1,1,0.999758,0.000242
XGBoost,fold_aware,0,1,W0213,1,1,0.998498,0.001502
XGBoost,fold_aware,0,1,W0214,1,1,0.997943,0.002057
XGBoost,fold_aware,0,1,W0215,1,1,0.998685,0.001315
XGBoost,fold_aware,0,1,W0216,1,1,0.999053,0.000947
XGBoost,fold_aware,0,1,W0217,1,1,0.999022,0.000978
XGBoost,fold_aware,0,1,W0218,1,1,0.997500,0.002500
XGBoost,fold_aware,0,1,W0219,1,1,0.996953,0.003047
XGBoost,fold_aware,0,1,W0220,1,1,0.999390,0.000610
XGBoost,fold_aware,0,1,W0221,0,1,0.998418,0.001582
XGBoost,fold_aware,0,1,W0222,0,1,0.999192,0.000808
XGBoost,fold_aware,0,1,W0223,0,0,0.005872,0.994128
XGBoost,fold_aware,0,1,W0224,0,0,0.014366,0.985634
XGBoost,fold_aware,0,1,W0225,0,0,0.002478,0.997522
XGBoost,fold_aware,0,1,W0226,0,0,0.001441,0.998559
XGBoost,fold_aware,0,1,W0227,0,0,0.414446,0.585554
XGBoost,fold_aware,0,1,W0228,0,0,0.488708,0.511292
XGBoost,fold_aware,0,1,W0229,0,0,0.001902,0.998098
XGBoost,fold_aware,0,1,W0230,0,0,0.000547,0.999453
XGBoost,fold_aware,0,1,W0231,0,0,0.001195,0.998805
XGBoost,fold_aware,0,1,W0232,0,0,0.004670,0.995330
XGBoost,fold_aware,0,1,W0233,0,0,0.002286,0.997714
XGBoost,fold_aware,0,1,W0234,0,0,0.002345,0.997655
XGBoost,fold_aware,0,1,W0235,0,0,0.004522,0.995478
XGBoost,fold_aware,0,1,W0236,0,0,0.010743,0.989257
XGBoost,fold_aware,0,1,W0237,1,0,0.095974,0.904026
XGBoost,fold_aware,0,1,W0238,1,0,0.068578,0.931422
XGBoost,fold_aware,0,1,W0239,1,1,0.924815,0.075185
XGBoost,fold_aware,0,1,W0240,1,0,0.144632,0.855368
XGBoost,fold_aware,0,1,W0241,1,0,0.276071,0.723929
XGBoost,fold_aware,0,1,W0242,1,1,0.882421,0.117579
XGBoost,fold_aware,0,1,W0243,1,1,0.945152,0.054848
XGBoost,fold_aware,0,1,W0244,1,0,0.189546,0.810454
XGBoost,fold_aware,0,1,W0245,1,1,0.981741,0.018259
XGBoost,fold_aware,0,1,W0246,1,1,0.977006,0.022994
XGBoost,fold_aware,0,1,W0247,1,1,0.941962,0.058038
XGBoost,fold_aware,0,1,W0248,1,1,0.990850,0.009150
XGBoost,fold_aware,0,1,W0249,1,1,0.995696,0.004304
MLP_NeuralNet,fold_aware,0,1,W0000,1,1,0.926707,0.073293
MLP_NeuralNet,fold_aware,0,1,W0001,1,1,0.977883,0.022117
MLP_NeuralNet,fold_aware,0,1,W0002,1,1,0.973637,0.026363
MLP_NeuralNet,fold_aware,0,1,W0003,1,1,0.967309,0.032691
MLP_NeuralNet,fold_aware,0,1,W0004,1,1,0.974884,0.025116
MLP_NeuralNet,fold_aware,0,1,W0005,1,1,0.985387,0.014613
MLP_NeuralNet,fold_aware,0,1,W0006,1,1,0.937840,0.062160
MLP_NeuralNet,fold_aware,0,1,W0007,1,1,0.725701,0.274299
MLP_NeuralNet,fold_aware,0,1,W0008,1,1,0.721579,0.278421
MLP_NeuralNet,fold_aware,0,1,W0009,1,1,0.940695,0.059305
MLP_NeuralNet,fold_aware,0,1,W0010,1,1,0.901350,0.098650
MLP_NeuralNet,fold_aware,0,1,W0011,1,1,0.825358,0.174642
MLP_NeuralNet,fold_aware,0,1,W0012,1,1,0.514698,0.485302
MLP_NeuralNet,fold_aware,0,1,W0013,1,1,0.522367,0.477633
MLP_NeuralNet,fold_aware,0,1,W0014,1,1,0.650639,0.349361
MLP_NeuralNet,fold_aware,0,1,W0015,1,1,0.809225,0.190775
MLP_NeuralNet,fold_aware,0,1,W0016,1,1,0.846294,0.153706
MLP_NeuralNet,fold_aware,0,1,W0017,1,1,0.948448,0.051552
MLP_NeuralNet,fold_aware,0,1,W0018,1,1,0.976963,0.023037
MLP_NeuralNet,fold_aware,0,1,W0019,1,1,0.954697,0.045303
MLP_NeuralNet,fold_aware,0,1,W0020,1,1,0.737340,0.262660
MLP_NeuralNet,fold_aware,0,1,W0021,1,1,0.907943,0.092057
MLP_NeuralNet,fold_aware,0,1,W0022,1,1,0.685547,0.314453
MLP_NeuralNet,fold_aware,0,1,W0023,1,1,0.761538,0.238462
MLP_NeuralNet,fold_aware,0,1,W0024,1,1,0.862272,0.137728
MLP_NeuralNet,fold_aware,0,1,W0025,1,1,0.614488,0.385512
MLP_NeuralNet,fold_aware,0,1,W0026,1,0,0.369868,0.630132
MLP_NeuralNet,fold_aware,0,1,W0027,1,1,0.560206,0.439794
MLP_NeuralNet,fold_aware,0,1,W0028,1,1,0.502101,0.497899
MLP_NeuralNet,fold_aware,0,1,W0029,1,1,0.804300,0.195700
MLP_NeuralNet,fold_aware,0,1,W0030,1,1,0.807900,0.192100
MLP_NeuralNet,fold_aware,0,1,W0031,1,1,0.959142,0.040858
MLP_NeuralNet,fold_aware,0,1,W0032,1,1,0.967139,0.032861
MLP_NeuralNet,fold_aware,0,1,W0033,1,1,0.961532,0.038468
MLP_NeuralNet,fold_aware,0,1,W0034,1,1,0.966822,0.033178
MLP_NeuralNet,fold_aware,0,1,W0035,1,1,0.989019,0.010981
MLP_NeuralNet,fold_aware,0,1,W0036,1,1,0.941910,0.058090
MLP_NeuralNet,fold_aware,0,1,W0037,1,1,0.916975,0.083025
MLP_NeuralNet,fold_aware,0,1,W0038,1,1,0.801932,0.198068
MLP_NeuralNet,fold_aware,0,1,W0039,1,1,0.867655,0.132345
MLP_NeuralNet,fold_aware,0,1,W0040,1,1,0.821656,0.178344
MLP_NeuralNet,fold_aware,0,1,W0041,1,0,0.494710,0.505290
MLP_NeuralNet,fold_aware,0,1,W0042,1,1,0.570510,0.429490
MLP_NeuralNet,fold_aware,0,1,W0043,1,1,0.679142,0.320858
MLP_NeuralNet,fold_aware,0,1,W0044,1,1,0.917623,0.082377
MLP_NeuralNet,fold_aware,0,1,W0045,0,1,0.962231,0.037769
MLP_NeuralNet,fold_aware,0,1,W0046,0,1,0.969341,0.030659
MLP_NeuralNet,fold_aware,0,1,W0047,0,1,0.971370,0.028630
MLP_NeuralNet,fold_aware,0,1,W0048,0,1,0.927274,0.072726
MLP_NeuralNet,fold_aware,0,1,W0049,1,1,0.903852,0.096148
MLP_NeuralNet,fold_aware,0,1,W0050,1,1,0.970446,0.029554
MLP_NeuralNet,fold_aware,0,1,W0051,1,1,0.993962,0.006038
MLP_NeuralNet,fold_aware,0,1,W0052,1,1,0.997510,0.002490
MLP_NeuralNet,fold_aware,0,1,W0053,1,1,0.900272,0.099728
MLP_NeuralNet,fold_aware,0,1,W0054,1,1,0.850313,0.149687
MLP_NeuralNet,fold_aware,0,1,W0055,0,1,0.867099,0.132901
MLP_NeuralNet,fold_aware,0,1,W0056,0,0,0.392665,0.607335
MLP_NeuralNet,fold_aware,0,1,W0057,0,0,0.001805,0.998195
MLP_NeuralNet,fold_aware,0,1,W0058,0,0,0.001646,0.998354
MLP_NeuralNet,fold_aware,0,1,W0059,0,0,0.000933,0.999067
MLP_NeuralNet,fold_aware,0,1,W0060,0,0,0.000504,0.999496
MLP_NeuralNet,fold_aware,0,1,W0061,1,0,0.000697,0.999303
MLP_NeuralNet,fold_aware,0,1,W0062,1,0,0.004660,0.995340
MLP_NeuralNet,fold_aware,0,1,W0063,1,1,0.795010,0.204990
MLP_NeuralNet,fold_aware,0,1,W0064,1,1,0.935174,0.064826
MLP_NeuralNet,fold_aware,0,1,W0065,1,1,0.951380,0.048620
MLP_NeuralNet,fold_aware,0,1,W0066,1,1,0.976544,0.023456
MLP_NeuralNet,fold_aware,0,1,W0067,1,1,0.954359,0.045641
MLP_NeuralNet,fold_aware,0,1,W0068,1,1,0.826342,0.173658
MLP_NeuralNet,fold_aware,0,1,W0069,1,0,0.331334,0.668666
MLP_NeuralNet,fold_aware,0,1,W0070,1,0,0.126506,0.873494
MLP_NeuralNet,fold_aware,0,1,W0071,1,1,0.507481,0.492519
MLP_NeuralNet,fold_aware,0,1,W0072,1,1,0.614772,0.385228
MLP_NeuralNet,fold_aware,0,1,W0073,1,1,0.597326,0.402674
MLP_NeuralNet,fold_aware,0,1,W0074,1,1,0.947517,0.052483
MLP_NeuralNet,fold_aware,0,1,W0075,1,1,0.977212,0.022788
MLP_NeuralNet,fold_aware,0,1,W0076,1,1,0.971138,0.028862
MLP_NeuralNet,fold_aware,0,1,W0077,1,1,0.997064,0.002936
MLP_NeuralNet,fold_aware,0,1,W0078,1,1,0.983719,0.016281
MLP_NeuralNet,fold_aware,0,1,W0079,1,1,0.980843,0.019157
MLP_NeuralNet,fold_aware,0,1,W0080,1,1,0.823976,0.176024
MLP_NeuralNet,fold_aware,0,1,W0081,1,1,0.525803,0.474197
MLP_NeuralNet,fold_aware,0,1,W0082,1,0,0.475370,0.524630
MLP_NeuralNet,fold_aware,0,1,W0083,1,1,0.524215,0.475785
MLP_NeuralNet,fold_aware,0,1,W0084,1,1,0.582742,0.417258
MLP_NeuralNet,fold_aware,0,1,W0085,1,1,0.558886,0.441114
MLP_NeuralNet,fold_aware,0,1,W0086,1,1,0.716148,0.283852
MLP_NeuralNet,fold_aware,0,1,W0087,1,1,0.838436,0.161564
MLP_NeuralNet,fold_aware,0,1,W0088,1,1,0.921898,0.078102
MLP_NeuralNet,fold_aware,0,1,W0089,1,1,0.988332,0.011668
MLP_NeuralNet,fold_aware,0,1,W0090,1,1,0.992142,0.007858
MLP_NeuralNet,fold_aware,0,1,W0091,1,1,0.998591,0.001409
MLP_NeuralNet,fold_aware,0,1,W0092,1,1,0.966569,0.033431
MLP_NeuralNet,fold_aware,0,1,W0093,1,1,0.878527,0.121473
MLP_NeuralNet,fold_aware,0,1,W0094,1,1,0.523642,0.476358
MLP_NeuralNet,fold_aware,0,1,W0095,1,0,0.235112,0.764888
MLP_NeuralNet,fold_aware,0,1,W0096,1,0,0.329726,0.670274
MLP_NeuralNet,fold_aware,0,1,W0097,1,1,0.541071,0.458929
MLP_NeuralNet,fold_aware,0,1,W0098,1,1,0.861329,0.138671
MLP_NeuralNet,fold_aware,0,1,W0099,1,1,0.974122,0.025878
MLP_NeuralNet,fold_aware,0,1,W0100,1,1,0.991973,0.008027
MLP_NeuralNet,fold_aware,0,1,W0101,1,1,0.997537,0.002463
MLP_NeuralNet,fold_aware,0,1,W0102,1,1,0.995004,0.004996
MLP_NeuralNet,fold_aware,0,1,W0103,1,1,0.995568,0.004432
MLP_NeuralNet,fold_aware,0,1,W0104,1,1,0.989094,0.010906
MLP_NeuralNet,fold_aware,0,1,W0105,1,1,0.976970,0.023030
MLP_NeuralNet,fold_aware,0,1,W0106,1,1,0.905471,0.094529
MLP_NeuralNet,fold_aware,0,1,W0107,1,0,0.184614,0.815386
MLP_NeuralNet,fold_aware,0,1,W0108,1,0,0.110825,0.889175
MLP_NeuralNet,fold_aware,0,1,W0109,1,0,0.191837,0.808163
MLP_NeuralNet,fold_aware,0,1,W0110,1,0,0.263348,0.736652
MLP_NeuralNet,fold_aware,0,1,W0111,1,1,0.738017,0.261983
MLP_NeuralNet,fold_aware,0,1,W0112,1,1,0.952373,0.047627
MLP_NeuralNet,fold_aware,0,1,W0113,1,1,0.991758,0.008242
MLP_NeuralNet,fold_aware,0,1,W0114,1,1,0.991823,0.008177
MLP_NeuralNet,fold_aware,0,1,W0115,1,1,0.998154,0.001846
MLP_NeuralNet,fold_aware,0,1,W0116,1,1,0.995149,0.004851
MLP_NeuralNet,fold_aware,0,1,W0117,1,1,0.993396,0.006604
MLP_NeuralNet,fold_aware,0,1,W0118,1,1,0.983340,0.016660
MLP_NeuralNet,fold_aware,0,1,W0119,1,1,0.764992,0.235008
MLP_NeuralNet,fold_aware,0,1,W0120,1,1,0.691213,0.308787
MLP_NeuralNet,fold_aware,0,1,W0121,1,0,0.361596,0.638404
MLP_NeuralNet,fold_aware,0,1,W0122,1,0,0.455452,0.544548
MLP_NeuralNet,fold_aware,0,1,W0123,1,1,0.834512,0.165488
MLP_NeuralNet,fold_aware,0,1,W0124,1,1,0.937305,0.062695
MLP_NeuralNet,fold_aware,0,1,W0125,1,1,0.962486,0.037514
MLP_NeuralNet,fold_aware,0,1,W0126,1,1,0.997505,0.002495
MLP_NeuralNet,fold_aware,0,1,W0127,1,1,0.992658,0.007342
MLP_NeuralNet,fold_aware,0,1,W0128,1,1,0.997278,0.002722
MLP_NeuralNet,fold_aware,0,1,W0129,1,1,0.985601,0.014399
MLP_NeuralNet,fold_aware,0,1,W0130,1,1,0.951397,0.048603
MLP_NeuralNet,fold_aware,0,1,W0131,1,0,0.278809,0.721191
MLP_NeuralNet,fold_aware,0,1,W0132,1,0,0.124925,0.875075
MLP_NeuralNet,fold_aware,0,1,W0133,1,0,0.246733,0.753267
MLP_NeuralNet,fold_aware,0,1,W0134,1,1,0.824492,0.175508
MLP_NeuralNet,fold_aware,0,1,W0135,1,1,0.775953,0.224047
MLP_NeuralNet,fold_aware,0,1,W0136,1,1,0.981941,0.018059
MLP_NeuralNet,fold_aware,0,1,W0137,1,1,0.990061,0.009939
MLP_NeuralNet,fold_aware,0,1,W0138,1,1,0.990040,0.009960
MLP_NeuralNet,fold_aware,0,1,W0139,1,1,0.996042,0.003958
MLP_NeuralNet,fold_aware,0,1,W0140,1,1,0.998172,0.001828
MLP_NeuralNet,fold_aware,0,1,W0141,1,1,0.979573,0.020427
MLP_NeuralNet,fold_aware,0,1,W0142,1,1,0.946161,0.053839
MLP_NeuralNet,fold_aware,0,1,W0143,1,1,0.700246,0.299754
MLP_NeuralNet,fold_aware,0,1,W0144,1,1,0.625262,0.374738
MLP_NeuralNet,fold_aware,0,1,W0145,1,1,0.645506,0.354494
MLP_NeuralNet,fold_aware,0,1,W0146,1,1,0.555904,0.444096
MLP_NeuralNet,fold_aware,0,1,W0147,1,1,0.806339,0.193661
MLP_NeuralNet,fold_aware,0,1,W0148,1,1,0.865979,0.134021
MLP_NeuralNet,fold_aware,0,1,W0149,1,1,0.973099,0.026901
MLP_NeuralNet,fold_aware,0,1,W0150,1,1,0.982165,0.017835
MLP_NeuralNet,fold_aware,0,1,W0151,1,1,0.969178,0.030822
MLP_NeuralNet,fold_aware,0,1,W0152,1,1,0.995662,0.004338
MLP_NeuralNet,fold_aware,0,1,W0153,1,1,0.956430,0.043570
MLP_NeuralNet,fold_aware,0,1,W0154,1,1,0.821416,0.178584
MLP_NeuralNet,fold_aware,0,1,W0155,1,1,0.514054,0.485946
MLP_NeuralNet,fold_aware,0,1,W0156,1,0,0.282721,0.717279
MLP_NeuralNet,fold_aware,0,1,W0157,1,1,0.645260,0.354740
MLP_NeuralNet,fold_aware,0,1,W0158,1,1,0.836099,0.163901
MLP_NeuralNet,fold_aware,0,1,W0159,1,1,0.928396,0.071604
MLP_NeuralNet,fold_aware,0,1,W0160,1,1,0.972182,0.027818
MLP_NeuralNet,fold_aware,0,1,W0161,1,1,0.983732,0.016268
MLP_NeuralNet,fold_aware,0,1,W0162,1,1,0.994712,0.005288
MLP_NeuralNet,fold_aware,0,1,W0163,1,1,0.989613,0.010387
MLP_NeuralNet,fold_aware,0,1,W0164,1,1,0.985154,0.014846
MLP_NeuralNet,fold_aware,0,1,W0165,1,1,0.954766,0.045234
MLP_NeuralNet,fold_aware,0,1,W0166,1,1,0.950375,0.049625
MLP_NeuralNet,fold_aware,0,1,W0167,1,1,0.991182,0.008818
MLP_NeuralNet,fold_aware,0,1,W0168,1,1,0.938916,0.061084
MLP_NeuralNet,fold_aware,0,1,W0169,1,1,0.856009,0.143991
MLP_NeuralNet,fold_aware,0,1,W0170,1,1,0.920208,0.079792
MLP_NeuralNet,fold_aware,0,1,W0171,1,1,0.969401,0.030599
MLP_NeuralNet,fold_aware,0,1,W0172,1,1,0.960271,0.039729
MLP_NeuralNet,fold_aware,0,1,W0173,1,1,0.997745,0.002255
MLP_NeuralNet,fold_aware,0,1,W0174,1,1,0.953776,0.046224
MLP_NeuralNet,fold_aware,0,1,W0175,1,1,0.922847,0.077153
MLP_NeuralNet,fold_aware,0,1,W0176,1,1,0.788705,0.211295
MLP_NeuralNet,fold_aware,0,1,W0177,1,1,0.759975,0.240025
MLP_NeuralNet,fold_aware,0,1,W0178,1,1,0.726545,0.273455
MLP_NeuralNet,fold_aware,0,1,W0179,1,1,0.884788,0.115212
MLP_NeuralNet,fold_aware,0,1,W0180,1,1,0.897569,0.102431
MLP_NeuralNet,fold_aware,0,1,W0181,1,1,0.986947,0.013053
MLP_NeuralNet,fold_aware,0,1,W0182,1,1,0.991573,0.008427
MLP_NeuralNet,fold_aware,0,1,W0183,1,1,0.991231,0.008769
MLP_NeuralNet,fold_aware,0,1,W0184,1,1,0.992881,0.007119
MLP_NeuralNet,fold_aware,0,1,W0185,1,1,0.997759,0.002241
MLP_NeuralNet,fold_aware,0,1,W0186,1,1,0.956652,0.043348
MLP_NeuralNet,fold_aware,0,1,W0187,1,1,0.969166,0.030834
MLP_NeuralNet,fold_aware,0,1,W0188,1,1,0.945528,0.054472
MLP_NeuralNet,fold_aware,0,1,W0189,1,1,0.840700,0.159300
MLP_NeuralNet,fold_aware,0,1,W0190,1,1,0.974057,0.025943
MLP_NeuralNet,fold_aware,0,1,W0191,1,1,0.878717,0.121283
MLP_NeuralNet,fold_aware,0,1,W0192,1,1,0.939106,0.060894
MLP_NeuralNet,fold_aware,0,1,W0193,1,1,0.962932,0.037068
MLP_NeuralNet,fold_aware,0,1,W0194,1,1,0.963966,0.036034
MLP_NeuralNet,fold_aware,0,1,W0195,1,1,0.998133,0.001867
MLP_NeuralNet,fold_aware,0,1,W0196,1,1,0.983108,0.016892
MLP_NeuralNet,fold_aware,0,1,W0197,1,1,0.982159,0.017841
MLP_NeuralNet,fold_aware,0,1,W0198,1,1,0.977125,0.022875
MLP_NeuralNet,fold_aware,0,1,W0199,1,1,0.991824,0.008176
MLP_NeuralNet,fold_aware,0,1,W0200,1,1,0.707442,0.292558
MLP_NeuralNet,fold_aware,0,1,W0201,1,1,0.535769,0.464231
MLP_NeuralNet,fold_aware,0,1,W0202,1,1,0.619349,0.380651
MLP_NeuralNet,fold_aware,0,1,W0203,1,1,0.818524,0.181476
MLP_NeuralNet,fold_aware,0,1,W0204,1,1,0.833552,0.166448
MLP_NeuralNet,fold_aware,0,1,W0205,1,1,0.966933,0.033067
MLP_NeuralNet,fold_aware,0,1,W0206,1,1,0.994123,0.005877
MLP_NeuralNet,fold_aware,0,1,W0207,1,1,0.998524,0.001476
MLP_NeuralNet,fold_aware,0,1,W0208,1,1,0.994634,0.005366
MLP_NeuralNet,fold_aware,0,1,W0209,1,1,0.990378,0.009622
MLP_NeuralNet,fold_aware,0,1,W0210,1,1,0.988931,0.011069
MLP_NeuralNet,fold_aware,0,1,W0211,1,1,0.986837,0.013163
MLP_NeuralNet,fold_aware,0,1,W0212,1,1,0.974263,0.025737
MLP_NeuralNet,fold_aware,0,1,W0213,1,1,0.890609,0.109391
MLP_NeuralNet,fold_aware,0,1,W0214,1,1,0.903346,0.096654
MLP_NeuralNet,fold_aware,0,1,W0215,1,1,0.865493,0.134507
MLP_NeuralNet,fold_aware,0,1,W0216,1,1,0.988183,0.011817
MLP_NeuralNet,fold_aware,0,1,W0217,1,1,0.966231,0.033769
MLP_NeuralNet,fold_aware,0,1,W0218,1,1,0.981567,0.018433
MLP_NeuralNet,fold_aware,0,1,W0219,1,1,0.996225,0.003775
MLP_NeuralNet,fold_aware,0,1,W0220,1,1,0.992583,0.007417
MLP_NeuralNet,fold_aware,0,1,W0221,0,1,0.993028,0.006972
MLP_NeuralNet,fold_aware,0,1,W0222,0,1,0.977923,0.022077
MLP_NeuralNet,fold_aware,0,1,W0223,0,0,0.000696,0.999304
MLP_NeuralNet,fold_aware,0,1,W0224,0,0,0.000030,0.999970
MLP_NeuralNet,fold_aware,0,1,W0225,0,0,0.000000,1.000000
MLP_NeuralNet,fold_aware,0,1,W0226,0,0,0.000000,1.000000
MLP_NeuralNet,fold_aware,0,1,W0227,0,0,0.000000,1.000000
MLP_NeuralNet,fold_aware,0,1,W0228,0,0,0.000003,0.999997
MLP_NeuralNet,fold_aware,0,1,W0229,0,0,0.000048,0.999952
MLP_NeuralNet,fold_aware,0,1,W0230,0,0,0.000190,0.999810
MLP_NeuralNet,fold_aware,0,1,W0231,0,0,0.000298,0.999702
MLP_NeuralNet,fold_aware,0,1,W0232,0,0,0.000181,0.999819
MLP_NeuralNet,fold_aware,0,1,W0233,0,0,0.001535,0.998465
MLP_NeuralNet,fold_aware,0,1,W0234,0,0,0.000041,0.999959
MLP_NeuralNet,fold_aware,0,1,W0235,0,0,0.000026,0.999974
MLP_NeuralNet,fold_aware,0,1,W0236,0,0,0.000159,0.999841
MLP_NeuralNet,fold_aware,0,1,W0237,1,0,0.001368,0.998632
MLP_NeuralNet,fold_aware,0,1,W0238,1,0,0.001971,0.998029
MLP_NeuralNet,fold_aware,0,1,W0239,1,0,0.004887,0.995113
MLP_NeuralNet,fold_aware,0,1,W0240,1,0,0.014685,0.985315
MLP_NeuralNet,fold_aware,0,1,W0241,1,0,0.012880,0.987120
MLP_NeuralNet,fold_aware,0,1,W0242,1,0,0.020668,0.979332
MLP_NeuralNet,fold_aware,0,1,W0243,1,0,0.028591,0.971409
MLP_NeuralNet,fold_aware,0,1,W0244,1,0,0.006104,0.993896
MLP_NeuralNet,fold_aware,0,1,W0245,1,0,0.013174,0.986826
MLP_NeuralNet,fold_aware,0,1,W0246,1,0,0.024514,0.975486
MLP_NeuralNet,fold_aware,0,1,W0247,1,0,0.012198,0.987802
MLP_NeuralNet,fold_aware,0,1,W0248,1,0,0.053467,0.946533
MLP_NeuralNet,fold_aware,0,1,W0249,1,0,0.101124,0.898876
LogisticRegression,none,1,31,W0250,0,0,0.000000,1.000000
LogisticRegression,none,1,31,W0251,0,0,0.000000,1.000000
LogisticRegression,none,1,31,W0252,0,0,0.000000,1.000000
LogisticRegression,none,1,31,W0253,0,0,0.000000,1.000000
LogisticRegression,none,1,31,W0254,0,0,0.000000,1.000000
LogisticRegression,none,1,31,W0255,0,0,0.000000,1.000000
LogisticRegression,none,1,31,W0256,0,0,0.000000,1.000000
LogisticRegression,none,1,31,W0257,0,0,0.000009,0.999991
LogisticRegression,none,1,31,W0258,0,0,0.000257,0.999743
LogisticRegression,none,1,31,W0259,0,0,0.001923,0.998077
LogisticRegression,none,1,31,W0260,0,0,0.009868,0.990132
LogisticRegression,none,1,31,W0261,1,0,0.057034,0.942966
LogisticRegression,none,1,31,W0262,1,0,0.299301,0.700699
LogisticRegression,none,1,31,W0263,1,1,0.781821,0.218179
LogisticRegression,none,1,31,W0264,1,1,0.958645,0.041355
LogisticRegression,none,1,31,W0265,1,1,0.973784,0.026216
LogisticRegression,none,1,31,W0266,1,1,0.945267,0.054733
LogisticRegression,none,1,31,W0267,1,1,0.933976,0.066024
LogisticRegression,none,1,31,W0268,1,1,0.929138,0.070862
LogisticRegression,none,1,31,W0269,1,1,0.941114,0.058886
LogisticRegression,none,1,31,W0270,1,1,0.918245,0.081755
LogisticRegression,none,1,31,W0271,1,1,0.944444,0.055556
LogisticRegression,none,1,31,W0272,1,1,0.946187,0.053813
LogisticRegression,none,1,31,W0273,1,1,0.916445,0.083555
LogisticRegression,none,1,31,W0274,1,1,0.931193,0.068807
LogisticRegression,none,1,31,W0275,1,1,0.935935,0.064065
LogisticRegression,none,1,31,W0276,1,1,0.959574,0.040426
LogisticRegression,none,1,31,W0277,1,1,0.974089,0.025911
LogisticRegression,none,1,31,W0278,1,1,0.948674,0.051326
LogisticRegression,none,1,31,W0279,1,1,0.923557,0.076443
LogisticRegression,none,1,31,W0280,1,1,0.902905,0.097095
LogisticRegression,none,1,31,W0281,1,1,0.914142,0.085858
LogisticRegression,none,1,31,W0282,1,1,0.921138,0.078862
LogisticRegression,none,1,31,W0283,1,1,0.964007,0.035993
LogisticRegression,none,1,31,W0284,1,1,0.957502,0.042498
LogisticRegression,none,1,31,W0285,1,1,0.949022,0.050978
LogisticRegression,none,1,31,W0286,1,1,0.946477,0.053523
LogisticRegression,none,1,31,W0287,1,1,0.955956,0.044044
LogisticRegression,none,1,31,W0288,1,1,0.962514,0.037486
SVM_RBF,none,1,31,W0250,0,0,0.209479,0.790521
SVM_RBF,none,1,31,W0251,0,0,0.209479,0.790521
SVM_RBF,none,1,31,W0252,0,0,0.209093,0.790907
SVM_RBF,none,1,31,W0253,0,0,0.122331,0.877669
SVM_RBF,none,1,31,W0254,0,0,0.073631,0.926369
SVM_RBF,none,1,31,W0255,0,0,0.062222,0.937778
SVM_RBF,none,1,31,W0256,0,0,0.060064,0.939936
SVM_RBF,none,1,31,W0257,0,0,0.078604,0.921396
SVM_RBF,none,1,31,W0258,0,0,0.159198,0.840802
SVM_RBF,none,1,31,W0259,0,0,0.300846,0.699154
SVM_RBF,none,1,31,W0260,0,0,0.523561,0.476439
SVM_RBF,none,1,31,W0261,1,1,0.744241,0.255759
SVM_RBF,none,1,31,W0262,1,1,0.898573,0.101427
SVM_RBF,none,1,31,W0263,1,1,0.963472,0.036528
SVM_RBF,none,1,31,W0264,1,1,0.975535,0.024465
SVM_RBF,none,1,31,W0265,1,1,0.977776,0.022224
SVM_RBF,none,1,31,W0266,1,1,0.974876,0.025124
SVM_RBF,none,1,31,W0267,1,1,0.967396,0.032604
SVM_RBF,none,1,31,W0268,1,1,0.965860,0.034140
SVM_RBF,none,1,31,W0269,1,1,0.971068,0.028932
SVM_RBF,none,1,31,W0270,1,1,0.965416,0.034584
SVM_RBF,none,1,31,W0271,1,1,0.970166,0.029834
SVM_RBF,none,1,31,W0272,1,1,0.978308,0.021692
SVM_RBF,none,1,31,W0273,1,1,0.977897,0.022103
SVM_RBF,none,1,31,W0274,1,1,0.980357,0.019643
SVM_RBF,none,1,31,W0275,1,1,0.980161,0.019839
SVM_RBF,none,1,31,W0276,1,1,0.981578,0.018422
SVM_RBF,none,1,31,W0277,1,1,0.981209,0.018791
SVM_RBF,none,1,31,W0278,1,1,0.977227,0.022773
SVM_RBF,none,1,31,W0279,1,1,0.973595,0.026405
SVM_RBF,none,1,31,W0280,1,1,0.978189,0.021811
SVM_RBF,none,1,31,W0281,1,1,0.980298,0.019702
SVM_RBF,none,1,31,W0282,1,1,0.978163,0.021837
SVM_RBF,none,1,31,W0283,1,1,0.982905,0.017095
SVM_RBF,none,1,31,W0284,1,1,0.983338,0.016662
SVM_RBF,none,1,31,W0285,1,1,0.985258,0.014742
SVM_RBF,none,1,31,W0286,1,1,0.982054,0.017946
SVM_RBF,none,1,31,W0287,1,1,0.983476,0.016524
SVM_RBF,none,1,31,W0288,1,1,0.986292,0.013708
RandomForest,none,1,31,W0250,0,0,0.063999,0.936001
RandomForest,none,1,31,W0251,0,0,0.057038,0.942962
RandomForest,none,1,31,W0252,0,0,0.067861,0.932139
RandomForest,none,1,31,W0253,0,0,0.049918,0.950082
RandomForest,none,1,31,W0254,0,0,0.040195,0.959805
RandomForest,none,1,31,W0255,0,0,0.042054,0.957946
RandomForest,none,1,31,W0256,0,0,0.086942,0.913058
RandomForest,none,1,31,W0257,0,0,0.153656,0.846344
RandomForest,none,1,31,W0258,0,0,0.319026,0.680974
RandomForest,none,1,31,W0259,0,0,0.316932,0.683068
RandomForest,none,1,31,W0260,0,0,0.325487,0.674513
RandomForest,none,1,31,W0261,1,0,0.437044,0.562956
RandomForest,none,1,31,W0262,1,1,0.566440,0.433560
RandomForest,none,1,31,W0263,1,1,0.705540,0.294460
RandomForest,none,1,31,W0264,1,1,0.834922,0.165078
RandomForest,none,1,31,W0265,1,1,0.947084,0.052916
RandomForest,none,1,31,W0266,1,1,0.739058,0.260942
RandomForest,none,1,31,W0267,1,1,0.680329,0.319671
RandomForest,none,1,31,W0268,1,1,0.643871,0.356129
RandomForest,none,1,31,W0269,1,1,0.612177,0.387823
RandomForest,none,1,31,W0270,1,1,0.606459,0.393541
RandomForest,none,1,31,W0271,1,1,0.662444,0.337556
RandomForest,none,1,31,W0272,1,1,0.694215,0.305785
RandomForest,none,1,31,W0273,1,1,0.779947,0.220053
RandomForest,none,1,31,W0274,1,1,0.862304,0.137696
RandomForest,none,1,31,W0275,1,1,0.911457,0.088543
RandomForest,none,1,31,W0276,1,1,0.965528,0.034472
RandomForest,none,1,31,W0277,1,1,0.967348,0.032652
RandomForest,none,1,31,W0278,1,1,0.939560,0.060440
RandomForest,none,1,31,W0279,1,1,0.952254,0.047746
RandomForest,none,1,31,W0280,1,1,0.964134,0.035866
RandomForest,none,1,31,W0281,1,1,0.967543,0.032457
RandomForest,none,1,31,W0282,1,1,0.969697,0.030303
RandomForest,none,1,31,W0283,1,1,0.977143,0.022857
RandomForest,none,1,31,W0284,1,1,0.978495,0.021505
RandomForest,none,1,31,W0285,1,1,0.987950,0.012050
RandomForest,none,1,31,W0286,1,1,0.997364,0.002636
RandomForest,none,1,31,W0287,1,1,0.991551,0.008449
RandomForest,none,1,31,W0288,1,1,0.993938,0.006062
XGBoost,none,1,31,W0250,0,0,0.003674,0.996326
XGBoost,none,1,31,W0251,0,0,0.003677,0.996323
XGBoost,none,1,31,W0252,0,0,0.009898,0.990102
XGBoost,none,1,31,W0253,0,0,0.005893,0.994107
XGBoost,none,1,31,W0254,0,0,0.009126,0.990874
XGBoost,none,1,31,W0255,0,0,0.005345,0.994655
XGBoost,none,1,31,W0256,0,0,0.004237,0.995763
XGBoost,none,1,31,W0257,0,0,0.018419,0.981581
XGBoost,none,1,31,W0258,0,0,0.034638,0.965362
XGBoost,none,1,31,W0259,0,0,0.025324,0.974676
XGBoost,none,1,31,W0260,0,0,0.033924,0.966076
XGBoost,none,1,31,W0261,1,0,0.177361,0.822639
XGBoost,none,1,31,W0262,1,0,0.438707,0.561293
XGBoost,none,1,31,W0263,1,1,0.764848,0.235152
XGBoost,none,1,31,W0264,1,1,0.903588,0.096412
XGBoost,none,1,31,W0265,1,1,0.994665,0.005335
XGBoost,none,1,31,W0266,1,1,0.950563,0.049437
XGBoost,none,1,31,W0267,1,1,0.978727,0.021273
XGBoost,none,1,31,W0268,1,1,0.958369,0.041631
XGBoost,none,1,31,W0269,1,1,0.882252,0.117748
XGBoost,none,1,31,W0270,1,1,0.818723,0.181277
XGBoost,none,1,31,W0271,1,1,0.968284,0.031716
XGBoost,none,1,31,W0272,1,1,0.927116,0.072884
XGBoost,none,1,31,W0273,1,1,0.972172,0.027828
XGBoost,none,1,31,W0274,1,1,0.996175,0.003825
XGBoost,none,1,31,W0275,1,1,0.991454,0.008546
XGBoost,none,1,31,W0276,1,1,0.999067,0.000933
XGBoost,none,1,31,W0277,1,1,0.999297,0.000703
XGBoost,none,1,31,W0278,1,1,0.997817,0.002183
XGBoost,none,1,31,W0279,1,1,0.996807,0.003193
XGBoost,none,1,31,W0280,1,1,0.998609,0.001391
XGBoost,none,1,31,W0281,1,1,0.998068,0.001932
XGBoost,none,1,31,W0282,1,1,0.995877,0.004123
XGBoost,none,1,31,W0283,1,1,0.997418,0.002582
XGBoost,none,1,31,W0284,1,1,0.992052,0.007948
XGBoost,none,1,31,W0285,1,1,0.999071,0.000929
XGBoost,none,1,31,W0286,1,1,0.999229,0.000771
XGBoost,none,1,31,W0287,1,1,0.999557,0.000443
XGBoost,none,1,31,W0288,1,1,0.999557,0.000443
MLP_NeuralNet,none,1,31,W0250,0,0,0.000000,1.000000
MLP_NeuralNet,none,1,31,W0251,0,0,0.000000,1.000000
MLP_NeuralNet,none,1,31,W0252,0,0,0.000003,0.999997
MLP_NeuralNet,none,1,31,W0253,0,0,0.000835,0.999165
MLP_NeuralNet,none,1,31,W0254,0,0,0.003672,0.996328
MLP_NeuralNet,none,1,31,W0255,0,0,0.006300,0.993700
MLP_NeuralNet,none,1,31,W0256,0,0,0.028803,0.971197
MLP_NeuralNet,none,1,31,W0257,0,0,0.056847,0.943153
MLP_NeuralNet,none,1,31,W0258,0,0,0.117605,0.882395
MLP_NeuralNet,none,1,31,W0259,0,0,0.217526,0.782474
MLP_NeuralNet,none,1,31,W0260,0,0,0.405507,0.594493
MLP_NeuralNet,none,1,31,W0261,1,1,0.599467,0.400533
MLP_NeuralNet,none,1,31,W0262,1,1,0.816635,0.183365
MLP_NeuralNet,none,1,31,W0263,1,1,0.943721,0.056279
MLP_NeuralNet,none,1,31,W0264,1,1,0.964859,0.035141
MLP_NeuralNet,none,1,31,W0265,1,1,0.973680,0.026320
MLP_NeuralNet,none,1,31,W0266,1,1,0.963881,0.036119
MLP_NeuralNet,none,1,31,W0267,1,1,0.936029,0.063971
MLP_NeuralNet,none,1,31,W0268,1,1,0.942111,0.057889
MLP_NeuralNet,none,1,31,W0269,1,1,0.953017,0.046983
MLP_NeuralNet,none,1,31,W0270,1,1,0.955405,0.044595
MLP_NeuralNet,none,1,31,W0271,1,1,0.967441,0.032559
MLP_NeuralNet,none,1,31,W0272,1,1,0.972001,0.027999
MLP_NeuralNet,none,1,31,W0273,1,1,0.970836,0.029164
MLP_NeuralNet,none,1,31,W0274,1,1,0.973501,0.026499
MLP_NeuralNet,none,1,31,W0275,1,1,0.973114,0.026886
MLP_NeuralNet,none,1,31,W0276,1,1,0.974225,0.025775
MLP_NeuralNet,none,1,31,W0277,1,1,0.978237,0.021763
MLP_NeuralNet,none,1,31,W0278,1,1,0.970585,0.029415
MLP_NeuralNet,none,1,31,W0279,1,1,0.957283,0.042717
MLP_NeuralNet,none,1,31,W0280,1,1,0.973949,0.026051
MLP_NeuralNet,none,1,31,W0281,1,1,0.978686,0.021314
MLP_NeuralNet,none,1,31,W0282,1,1,0.977599,0.022401
MLP_NeuralNet,none,1,31,W0283,1,1,0.983403,0.016597
MLP_NeuralNet,none,1,31,W0284,1,1,0.984493,0.015507
MLP_NeuralNet,none,1,31,W0285,1,1,0.985453,0.014547
MLP_NeuralNet,none,1,31,W0286,1,1,0.981470,0.018530
MLP_NeuralNet,none,1,31,W0287,1,1,0.978464,0.021536
MLP_NeuralNet,none,1,31,W0288,1,1,0.983947,0.016053
LogisticRegression,pooled_global,1,31,W0250,0,0,0.000000,1.000000
LogisticRegression,pooled_global,1,31,W0251,0,0,0.000000,1.000000
LogisticRegression,pooled_global,1,31,W0252,0,0,0.000000,1.000000
LogisticRegression,pooled_global,1,31,W0253,0,0,0.000000,1.000000
LogisticRegression,pooled_global,1,31,W0254,0,0,0.000000,1.000000
LogisticRegression,pooled_global,1,31,W0255,0,0,0.000000,1.000000
LogisticRegression,pooled_global,1,31,W0256,0,0,0.000000,1.000000
LogisticRegression,pooled_global,1,31,W0257,0,0,0.000003,0.999997
LogisticRegression,pooled_global,1,31,W0258,0,0,0.000249,0.999751
LogisticRegression,pooled_global,1,31,W0259,0,0,0.003659,0.996341
LogisticRegression,pooled_global,1,31,W0260,0,0,0.030559,0.969441
LogisticRegression,pooled_global,1,31,W0261,1,0,0.237081,0.762919
LogisticRegression,pooled_global,1,31,W0262,1,1,0.661024,0.338976
LogisticRegression,pooled_global,1,31,W0263,1,1,0.941255,0.058745
LogisticRegression,pooled_global,1,31,W0264,1,1,0.983522,0.016478
LogisticRegression,pooled_global,1,31,W0265,1,1,0.985020,0.014980
LogisticRegression,pooled_global,1,31,W0266,1,1,0.963684,0.036316
LogisticRegression,pooled_global,1,31,W0267,1,1,0.944795,0.055205
LogisticRegression,pooled_global,1,31,W0268,1,1,0.931640,0.068360
LogisticRegression,pooled_global,1,31,W0269,1,1,0.929930,0.070070
LogisticRegression,pooled_global,1,31,W0270,1,1,0.922787,0.077213
LogisticRegression,pooled_global,1,31,W0271,1,1,0.954375,0.045625
LogisticRegression,pooled_global,1,31,W0272,1,1,0.961193,0.038807
LogisticRegression,pooled_global,1,31,W0273,1,1,0.943591,0.056409
LogisticRegression,pooled_global,1,31,W0274,1,1,0.953157,0.046843
LogisticRegression,pooled_global,1,31,W0275,1,1,0.969868,0.030132
LogisticRegression,pooled_global,1,31,W0276,1,1,0.983589,0.016411
LogisticRegression,pooled_global,1,31,W0277,1,1,0.991613,0.008387
LogisticRegression,pooled_global,1,31,W0278,1,1,0.983605,0.016395
LogisticRegression,pooled_global,1,31,W0279,1,1,0.975254,0.024746
LogisticRegression,pooled_global,1,31,W0280,1,1,0.978612,0.021388
LogisticRegression,pooled_global,1,31,W0281,1,1,0.982513,0.017487
LogisticRegression,pooled_global,1,31,W0282,1,1,0.986076,0.013924
LogisticRegression,pooled_global,1,31,W0283,1,1,0.991860,0.008140
LogisticRegression,pooled_global,1,31,W0284,1,1,0.991433,0.008567
LogisticRegression,pooled_global,1,31,W0285,1,1,0.987376,0.012624
LogisticRegression,pooled_global,1,31,W0286,1,1,0.987781,0.012219
LogisticRegression,pooled_global,1,31,W0287,1,1,0.986022,0.013978
LogisticRegression,pooled_global,1,31,W0288,1,1,0.988826,0.011174
SVM_RBF,pooled_global,1,31,W0250,0,0,0.058758,0.941242
SVM_RBF,pooled_global,1,31,W0251,0,0,0.058554,0.941446
SVM_RBF,pooled_global,1,31,W0252,0,0,0.035487,0.964513
SVM_RBF,pooled_global,1,31,W0253,0,0,0.001873,0.998127
SVM_RBF,pooled_global,1,31,W0254,0,0,0.000740,0.999260
SVM_RBF,pooled_global,1,31,W0255,0,0,0.000576,0.999424
SVM_RBF,pooled_global,1,31,W0256,0,0,0.000456,0.999544
SVM_RBF,pooled_global,1,31,W0257,0,0,0.000745,0.999255
SVM_RBF,pooled_global,1,31,W0258,0,0,0.002621,0.997379
SVM_RBF,pooled_global,1,31,W0259,0,0,0.007701,0.992299
SVM_RBF,pooled_global,1,31,W0260,0,0,0.036461,0.963539
SVM_RBF,pooled_global,1,31,W0261,1,0,0.251397,0.748603
SVM_RBF,pooled_global,1,31,W0262,1,1,0.668431,0.331569
SVM_RBF,pooled_global,1,31,W0263,1,1,0.940611,0.059389
SVM_RBF,pooled_global,1,31,W0264,1,1,0.984862,0.015138
SVM_RBF,pooled_global,1,31,W0265,1,1,0.987108,0.012892
SVM_RBF,pooled_global,1,31,W0266,1,1,0.977329,0.022671
SVM_RBF,pooled_global,1,31,W0267,1,1,0.968477,0.031523
SVM_RBF,pooled_global,1,31,W0268,1,1,0.956450,0.043550
SVM_RBF,pooled_global,1,31,W0269,1,1,0.950120,0.049880
SVM_RBF,pooled_global,1,31,W0270,1,1,0.946932,0.053068
SVM_RBF,pooled_global,1,31,W0271,1,1,0.968889,0.031111
SVM_RBF,pooled_global,1,31,W0272,1,1,0.981354,0.018646
SVM_RBF,pooled_global,1,31,W0273,1,1,0.979498,0.020502
SVM_RBF,pooled_global,1,31,W0274,1,1,0.982311,0.017689
SVM_RBF,pooled_global,1,31,W0275,1,1,0.988233,0.011767
SVM_RBF,pooled_global,1,31,W0276,1,1,0.990997,0.009003
SVM_RBF,pooled_global,1,31,W0277,1,1,0.990064,0.009936
SVM_RBF,pooled_global,1,31,W0278,1,1,0.987221,0.012779
SVM_RBF,pooled_global,1,31,W0279,1,1,0.985370,0.014630
SVM_RBF,pooled_global,1,31,W0280,1,1,0.987320,0.012680
SVM_RBF,pooled_global,1,31,W0281,1,1,0.987213,0.012787
SVM_RBF,pooled_global,1,31,W0282,1,1,0.989278,0.010722
SVM_RBF,pooled_global,1,31,W0283,1,1,0.993180,0.006820
SVM_RBF,pooled_global,1,31,W0284,1,1,0.992832,0.007168
SVM_RBF,pooled_global,1,31,W0285,1,1,0.991589,0.008411
SVM_RBF,pooled_global,1,31,W0286,1,1,0.992021,0.007979
SVM_RBF,pooled_global,1,31,W0287,1,1,0.993742,0.006258
SVM_RBF,pooled_global,1,31,W0288,1,1,0.994082,0.005918
RandomForest,pooled_global,1,31,W0250,0,0,0.000000,1.000000
RandomForest,pooled_global,1,31,W0251,0,0,0.000000,1.000000
RandomForest,pooled_global,1,31,W0252,0,0,0.000000,1.000000
RandomForest,pooled_global,1,31,W0253,0,0,0.000000,1.000000
RandomForest,pooled_global,1,31,W0254,0,0,0.000000,1.000000
RandomForest,pooled_global,1,31,W0255,0,0,0.001362,0.998638
RandomForest,pooled_global,1,31,W0256,0,0,0.019044,0.980956
RandomForest,pooled_global,1,31,W0257,0,0,0.012401,0.987599
RandomForest,pooled_global,1,31,W0258,0,0,0.078889,0.921111
RandomForest,pooled_global,1,31,W0259,0,0,0.095004,0.904996
RandomForest,pooled_global,1,31,W0260,0,0,0.152561,0.847439
RandomForest,pooled_global,1,31,W0261,1,1,0.539813,0.460187
RandomForest,pooled_global,1,31,W0262,1,1,0.549697,0.450303
RandomForest,pooled_global,1,31,W0263,1,1,0.709704,0.290296
RandomForest,pooled_global,1,31,W0264,1,1,0.891613,0.108387
RandomForest,pooled_global,1,31,W0265,1,1,0.983607,0.016393
RandomForest,pooled_global,1,31,W0266,1,1,0.885254,0.114746
RandomForest,pooled_global,1,31,W0267,1,1,0.905895,0.094105
RandomForest,pooled_global,1,31,W0268,1,1,0.865881,0.134119
RandomForest,pooled_global,1,31,W0269,1,1,0.754496,0.245504
RandomForest,pooled_global,1,31,W0270,1,1,0.790488,0.209512
RandomForest,pooled_global,1,31,W0271,1,1,0.839240,0.160760
RandomForest,pooled_global,1,31,W0272,1,1,0.951590,0.048410
RandomForest,pooled_global,1,31,W0273,1,1,0.942714,0.057286
RandomForest,pooled_global,1,31,W0274,1,1,0.966927,0.033073
RandomForest,pooled_global,1,31,W0275,1,1,0.982007,0.017993
RandomForest,pooled_global,1,31,W0276,1,1,1.000000,0.000000
RandomForest,pooled_global,1,31,W0277,1,1,0.998915,0.001085
RandomForest,pooled_global,1,31,W0278,1,1,0.988028,0.011972
RandomForest,pooled_global,1,31,W0279,1,1,0.991362,0.008638
RandomForest,pooled_global,1,31,W0280,1,1,1.000000,0.000000
RandomForest,pooled_global,1,31,W0281,1,1,0.990476,0.009524
RandomForest,pooled_global,1,31,W0282,1,1,0.986399,0.013601
RandomForest,pooled_global,1,31,W0283,1,1,0.995551,0.004449
RandomForest,pooled_global,1,31,W0284,1,1,0.996122,0.003878
RandomForest,pooled_global,1,31,W0285,1,1,0.998028,0.001972
RandomForest,pooled_global,1,31,W0286,1,1,0.994695,0.005305
RandomForest,pooled_global,1,31,W0287,1,1,0.997522,0.002478
RandomForest,pooled_global,1,31,W0288,1,1,0.995551,0.004449
XGBoost,pooled_global,1,31,W0250,0,0,0.000282,0.999718
XGBoost,pooled_global,1,31,W0251,0,0,0.000315,0.999685
XGBoost,pooled_global,1,31,W0252,0,0,0.000380,0.999620
XGBoost,pooled_global,1,31,W0253,0,0,0.000307,0.999693
XGBoost,pooled_global,1,31,W0254,0,0,0.000457,0.999543
XGBoost,pooled_global,1,31,W0255,0,0,0.000257,0.999743
XGBoost,pooled_global,1,31,W0256,0,0,0.000308,0.999692
XGBoost,pooled_global,1,31,W0257,0,0,0.002073,0.997927
XGBoost,pooled_global,1,31,W0258,0,0,0.002131,0.997869
XGBoost,pooled_global,1,31,W0259,0,0,0.002312,0.997688
XGBoost,pooled_global,1,31,W0260,0,0,0.003670,0.996330
XGBoost,pooled_global,1,31,W0261,1,1,0.903948,0.096052
XGBoost,pooled_global,1,31,W0262,1,1,0.946561,0.053439
XGBoost,pooled_global,1,31,W0263,1,1,0.985779,0.014221
XGBoost,pooled_global,1,31,W0264,1,1,0.992201,0.007799
XGBoost,pooled_global,1,31,W0265,1,1,0.997607,0.002393
XGBoost,pooled_global,1,31,W0266,1,1,0.994850,0.005150
XGBoost,pooled_global,1,31,W0267,1,1,0.990823,0.009177
XGBoost,pooled_global,1,31,W0268,1,1,0.982625,0.017375
XGBoost,pooled_global,1,31,W0269,1,1,0.966883,0.033117
XGBoost,pooled_global,1,31,W0270,1,1,0.908290,0.091710
XGBoost,pooled_global,1,31,W0271,1,1,0.979777,0.020223
XGBoost,pooled_global,1,31,W0272,1,1,0.994247,0.005753
XGBoost,pooled_global,1,31,W0273,1,1,0.995295,0.004705
XGBoost,pooled_global,1,31,W0274,1,1,0.999663,0.000337
XGBoost,pooled_global,1,31,W0275,1,1,0.999526,0.000474
XGBoost,pooled_global,1,31,W0276,1,1,0.999847,0.000153
XGBoost,pooled_global,1,31,W0277,1,1,0.999661,0.000339
XGBoost,pooled_global,1,31,W0278,1,1,0.999631,0.000369
XGBoost,pooled_global,1,31,W0279,1,1,0.999556,0.000444
XGBoost,pooled_global,1,31,W0280,1,1,0.999732,0.000268
XGBoost,pooled_global,1,31,W0281,1,1,0.999746,0.000254
XGBoost,pooled_global,1,31,W0282,1,1,0.999600,0.000400
XGBoost,pooled_global,1,31,W0283,1,1,0.999398,0.000602
XGBoost,pooled_global,1,31,W0284,1,1,0.999071,0.000929
XGBoost,pooled_global,1,31,W0285,1,1,0.999668,0.000332
XGBoost,pooled_global,1,31,W0286,1,1,0.999643,0.000357
XGBoost,pooled_global,1,31,W0287,1,1,0.999447,0.000553
XGBoost,pooled_global,1,31,W0288,1,1,0.999765,0.000235
MLP_NeuralNet,pooled_global,1,31,W0250,0,0,0.000000,1.000000
MLP_NeuralNet,pooled_global,1,31,W0251,0,0,0.000000,1.000000
MLP_NeuralNet,pooled_global,1,31,W0252,0,0,0.000000,1.000000
MLP_NeuralNet,pooled_global,1,31,W0253,0,0,0.000000,1.000000
MLP_NeuralNet,pooled_global,1,31,W0254,0,0,0.000000,1.000000
MLP_NeuralNet,pooled_global,1,31,W0255,0,0,0.000000,1.000000
MLP_NeuralNet,pooled_global,1,31,W0256,0,0,0.000001,0.999999
MLP_NeuralNet,pooled_global,1,31,W0257,0,0,0.000015,0.999985
MLP_NeuralNet,pooled_global,1,31,W0258,0,0,0.000418,0.999582
MLP_NeuralNet,pooled_global,1,31,W0259,0,0,0.003595,0.996405
MLP_NeuralNet,pooled_global,1,31,W0260,0,0,0.075830,0.924170
MLP_NeuralNet,pooled_global,1,31,W0261,1,1,0.878945,0.121055
MLP_NeuralNet,pooled_global,1,31,W0262,1,1,0.974210,0.025790
MLP_NeuralNet,pooled_global,1,31,W0263,1,1,0.988441,0.011559
MLP_NeuralNet,pooled_global,1,31,W0264,1,1,0.993105,0.006895
MLP_NeuralNet,pooled_global,1,31,W0265,1,1,0.979071,0.020929
MLP_NeuralNet,pooled_global,1,31,W0266,1,1,0.970242,0.029758
MLP_NeuralNet,pooled_global,1,31,W0267,1,1,0.973282,0.026718
MLP_NeuralNet,pooled_global,1,31,W0268,1,1,0.960683,0.039317
MLP_NeuralNet,pooled_global,1,31,W0269,1,1,0.906442,0.093558
MLP_NeuralNet,pooled_global,1,31,W0270,1,1,0.910377,0.089623
MLP_NeuralNet,pooled_global,1,31,W0271,1,1,0.955815,0.044185
MLP_NeuralNet,pooled_global,1,31,W0272,1,1,0.987688,0.012312
MLP_NeuralNet,pooled_global,1,31,W0273,1,1,0.975234,0.024766
MLP_NeuralNet,pooled_global,1,31,W0274,1,1,0.969081,0.030919
MLP_NeuralNet,pooled_global,1,31,W0275,1,1,0.989208,0.010792
MLP_NeuralNet,pooled_global,1,31,W0276,1,1,0.993550,0.006450
MLP_NeuralNet,pooled_global,1,31,W0277,1,1,0.989942,0.010058
MLP_NeuralNet,pooled_global,1,31,W0278,1,1,0.988486,0.011514
MLP_NeuralNet,pooled_global,1,31,W0279,1,1,0.991038,0.008962
MLP_NeuralNet,pooled_global,1,31,W0280,1,1,0.990030,0.009970
MLP_NeuralNet,pooled_global,1,31,W0281,1,1,0.988869,0.011131
MLP_NeuralNet,pooled_global,1,31,W0282,1,1,0.988323,0.011677
MLP_NeuralNet,pooled_global,1,31,W0283,1,1,0.995244,0.004756
MLP_NeuralNet,pooled_global,1,31,W0284,1,1,0.993134,0.006866
MLP_NeuralNet,pooled_global,1,31,W0285,1,1,0.990857,0.009143
MLP_NeuralNet,pooled_global,1,31,W0286,1,1,0.992503,0.007497
MLP_NeuralNet,pooled_global,1,31,W0287,1,1,0.995904,0.004096
MLP_NeuralNet,pooled_global,1,31,W0288,1,1,0.993344,0.006656
LogisticRegression,fold_aware,1,31,W0250,0,0,0.000000,1.000000
LogisticRegression,fold_aware,1,31,W0251,0,0,0.000000,1.000000
LogisticRegression,fold_aware,1,31,W0252,0,0,0.000000,1.000000
LogisticRegression,fold_aware,1,31,W0253,0,0,0.000000,1.000000
LogisticRegression,fold_aware,1,31,W0254,0,0,0.000000,1.000000
LogisticRegression,fold_aware,1,31,W0255,0,0,0.000000,1.000000
LogisticRegression,fold_aware,1,31,W0256,0,0,0.000000,1.000000
LogisticRegression,fold_aware,1,31,W0257,0,0,0.000000,1.000000
LogisticRegression,fold_aware,1,31,W0258,0,0,0.000003,0.999997
LogisticRegression,fold_aware,1,31,W0259,0,0,0.000080,0.999920
LogisticRegression,fold_aware,1,31,W0260,0,0,0.001169,0.998831
LogisticRegression,fold_aware,1,31,W0261,1,0,0.017467,0.982533
LogisticRegression,fold_aware,1,31,W0262,1,0,0.213983,0.786017
LogisticRegression,fold_aware,1,31,W0263,1,1,0.827450,0.172550
LogisticRegression,fold_aware,1,31,W0264,1,1,0.963467,0.036533
LogisticRegression,fold_aware,1,31,W0265,1,1,0.978961,0.021039
LogisticRegression,fold_aware,1,31,W0266,1,1,0.944077,0.055923
LogisticRegression,fold_aware,1,31,W0267,1,1,0.891220,0.108780
LogisticRegression,fold_aware,1,31,W0268,1,1,0.854412,0.145588
LogisticRegression,fold_aware,1,31,W0269,1,1,0.890025,0.109975
LogisticRegression,fold_aware,1,31,W0270,1,1,0.843227,0.156773
LogisticRegression,fold_aware,1,31,W0271,1,1,0.904092,0.095908
LogisticRegression,fold_aware,1,31,W0272,1,1,0.928587,0.071413
LogisticRegression,fold_aware,1,31,W0273,1,1,0.921285,0.078715
LogisticRegression,fold_aware,1,31,W0274,1,1,0.954236,0.045764
LogisticRegression,fold_aware,1,31,W0275,1,1,0.965118,0.034882
LogisticRegression,fold_aware,1,31,W0276,1,1,0.983537,0.016463
LogisticRegression,fold_aware,1,31,W0277,1,1,0.993708,0.006292
LogisticRegression,fold_aware,1,31,W0278,1,1,0.981127,0.018873
LogisticRegression,fold_aware,1,31,W0279,1,1,0.965647,0.034353
LogisticRegression,fold_aware,1,31,W0280,1,1,0.969956,0.030044
LogisticRegression,fold_aware,1,31,W0281,1,1,0.976704,0.023296
LogisticRegression,fold_aware,1,31,W0282,1,1,0.973198,0.026802
LogisticRegression,fold_aware,1,31,W0283,1,1,0.986325,0.013675
LogisticRegression,fold_aware,1,31,W0284,1,1,0.986771,0.013229
LogisticRegression,fold_aware,1,31,W0285,1,1,0.985921,0.014079
LogisticRegression,fold_aware,1,31,W0286,1,1,0.984120,0.015880
LogisticRegression,fold_aware,1,31,W0287,1,1,0.983758,0.016242
LogisticRegression,fold_aware,1,31,W0288,1,1,0.988203,0.011797
SVM_RBF,fold_aware,1,31,W0250,0,0,0.140355,0.859645
SVM_RBF,fold_aware,1,31,W0251,0,0,0.140411,0.859589
SVM_RBF,fold_aware,1,31,W0252,0,0,0.109643,0.890357
SVM_RBF,fold_aware,1,31,W0253,0,0,0.001933,0.998067
SVM_RBF,fold_aware,1,31,W0254,0,0,0.000361,0.999639
SVM_RBF,fold_aware,1,31,W0255,0,0,0.000291,0.999709
SVM_RBF,fold_aware,1,31,W0256,0,0,0.000151,0.999849
SVM_RBF,fold_aware,1,31,W0257,0,0,0.000335,0.999665
SVM_RBF,fold_aware,1,31,W0258,0,0,0.001878,0.998122
SVM_RBF,fold_aware,1,31,W0259,0,0,0.008845,0.991155
SVM_RBF,fold_aware,1,31,W0260,0,0,0.043205,0.956795
SVM_RBF,fold_aware,1,31,W0261,1,0,0.208783,0.791217
SVM_RBF,fold_aware,1,31,W0262,1,1,0.631433,0.368567
SVM_RBF,fold_aware,1,31,W0263,1,1,0.933747,0.066253
SVM_RBF,fold_aware,1,31,W0264,1,1,0.973857,0.026143
SVM_RBF,fold_aware,1,31,W0265,1,1,0.982848,0.017152
SVM_RBF,fold_aware,1,31,W0266,1,1,0.973477,0.026523
SVM_RBF,fold_aware,1,31,W0267,1,1,0.954406,0.045594
SVM_RBF,fold_aware,1,31,W0268,1,1,0.940654,0.059346
SVM_RBF,fold_aware,1,31,W0269,1,1,0.953990,0.046010
SVM_RBF,fold_aware,1,31,W0270,1,1,0.938978,0.061022
SVM_RBF,fold_aware,1,31,W0271,1,1,0.960216,0.039784
SVM_RBF,fold_aware,1,31,W0272,1,1,0.971003,0.028997
SVM_RBF,fold_aware,1,31,W0273,1,1,0.970801,0.029199
SVM_RBF,fold_aware,1,31,W0274,1,1,0.978522,0.021478
SVM_RBF,fold_aware,1,31,W0275,1,1,0.981579,0.018421
SVM_RBF,fold_aware,1,31,W0276,1,1,0.985538,0.014462
SVM_RBF,fold_aware,1,31,W0277,1,1,0.989657,0.010343
SVM_RBF,fold_aware,1,31,W0278,1,1,0.982163,0.017837
SVM_RBF,fold_aware,1,31,W0279,1,1,0.974024,0.025976
SVM_RBF,fold_aware,1,31,W0280,1,1,0.980742,0.019258
SVM_RBF,fold_aware,1,31,W0281,1,1,0.984289,0.015711
SVM_RBF,fold_aware,1,31,W0282,1,1,0.981928,0.018072
SVM_RBF,fold_aware,1,31,W0283,1,1,0.987397,0.012603
SVM_RBF,fold_aware,1,31,W0284,1,1,0.988214,0.011786
SVM_RBF,fold_aware,1,31,W0285,1,1,0.989730,0.010270
SVM_RBF,fold_aware,1,31,W0286,1,1,0.987578,0.012422
SVM_RBF,fold_aware,1,31,W0287,1,1,0.988490,0.011510
SVM_RBF,fold_aware,1,31,W0288,1,1,0.991456,0.008544
RandomForest,fold_aware,1,31,W0250,0,0,0.033364,0.966636
RandomForest,fold_aware,1,31,W0251,0,0,0.034220,0.965780
RandomForest,fold_aware,1,31,W0252,0,0,0.042314,0.957686
RandomForest,fold_aware,1,31,W0253,0,0,0.037358,0.962642
RandomForest,fold_aware,1,31,W0254,0,0,0.017446,0.982554
RandomForest,fold_aware,1,31,W0255,0,0,0.009418,0.990582
RandomForest,fold_aware,1,31,W0256,0,0,0.024892,0.975108
RandomForest,fold_aware,1,31,W0257,0,0,0.040544,0.959456
RandomForest,fold_aware,1,31,W0258,0,0,0.065344,0.934656
RandomForest,fold_aware,1,31,W0259,0,0,0.050292,0.949708
RandomForest,fold_aware,1,31,W0260,0,0,0.068091,0.931909
RandomForest,fold_aware,1,31,W0261,1,0,0.140339,0.859661
RandomForest,fold_aware,1,31,W0262,1,0,0.297368,0.702632
RandomForest,fold_aware,1,31,W0263,1,1,0.563064,0.436936
RandomForest,fold_aware,1,31,W0264,1,1,0.716449,0.283551
RandomForest,fold_aware,1,31,W0265,1,1,0.978618,0.021382
RandomForest,fold_aware,1,31,W0266,1,1,0.642277,0.357723
RandomForest,fold_aware,1,31,W0267,1,0,0.495823,0.504177
RandomForest,fold_aware,1,31,W0268,1,0,0.469202,0.530798
RandomForest,fold_aware,1,31,W0269,1,0,0.417245,0.582755
RandomForest,fold_aware,1,31,W0270,1,0,0.428983,0.571017
RandomForest,fold_aware,1,31,W0271,1,0,0.453496,0.546504
RandomForest,fold_aware,1,31,W0272,1,1,0.580827,0.419173
RandomForest,fold_aware,1,31,W0273,1,1,0.662155,0.337845
RandomForest,fold_aware,1,31,W0274,1,1,0.771586,0.228414
RandomForest,fold_aware,1,31,W0275,1,1,0.938516,0.061484
RandomForest,fold_aware,1,31,W0276,1,1,0.998028,0.001972
RandomForest,fold_aware,1,31,W0277,1,1,0.996057,0.003943
RandomForest,fold_aware,1,31,W0278,1,1,0.982402,0.017598
RandomForest,fold_aware,1,31,W0279,1,1,0.969069,0.030931
RandomForest,fold_aware,1,31,W0280,1,1,0.976768,0.023232
RandomForest,fold_aware,1,31,W0281,1,1,0.959169,0.040831
RandomForest,fold_aware,1,31,W0282,1,1,0.975942,0.024058
RandomForest,fold_aware,1,31,W0283,1,1,0.988524,0.011476
RandomForest,fold_aware,1,31,W0284,1,1,0.981792,0.018208
RandomForest,fold_aware,1,31,W0285,1,1,0.987925,0.012075
RandomForest,fold_aware,1,31,W0286,1,1,1.000000,0.000000
RandomForest,fold_aware,1,31,W0287,1,1,0.999114,0.000886
RandomForest,fold_aware,1,31,W0288,1,1,0.993268,0.006732
XGBoost,fold_aware,1,31,W0250,0,0,0.000811,0.999189
XGBoost,fold_aware,1,31,W0251,0,0,0.001083,0.998917
XGBoost,fold_aware,1,31,W0252,0,0,0.002119,0.997881
XGBoost,fold_aware,1,31,W0253,0,0,0.001493,0.998507
XGBoost,fold_aware,1,31,W0254,0,0,0.001292,0.998708
XGBoost,fold_aware,1,31,W0255,0,0,0.000724,0.999276
XGBoost,fold_aware,1,31,W0256,0,0,0.000628,0.999372
XGBoost,fold_aware,1,31,W0257,0,0,0.001958,0.998042
XGBoost,fold_aware,1,31,W0258,0,0,0.002175,0.997825
XGBoost,fold_aware,1,31,W0259,0,0,0.001283,0.998717
XGBoost,fold_aware,1,31,W0260,0,0,0.001180,0.998820
XGBoost,fold_aware,1,31,W0261,1,0,0.009433,0.990567
XGBoost,fold_aware,1,31,W0262,1,0,0.371445,0.628555
XGBoost,fold_aware,1,31,W0263,1,1,0.937408,0.062592
XGBoost,fold_aware,1,31,W0264,1,1,0.987288,0.012712
XGBoost,fold_aware,1,31,W0265,1,1,0.998198,0.001802
XGBoost,fold_aware,1,31,W0266,1,1,0.883598,0.116402
XGBoost,fold_aware,1,31,W0267,1,1,0.516831,0.483169
XGBoost,fold_aware,1,31,W0268,1,1,0.536443,0.463557
XGBoost,fold_aware,1,31,W0269,1,0,0.453678,0.546322
XGBoost,fold_aware,1,31,W0270,1,0,0.092888,0.907112
XGBoost,fold_aware,1,31,W0271,1,0,0.290822,0.709178
XGBoost,fold_aware,1,31,W0272,1,1,0.787910,0.212090
XGBoost,fold_aware,1,31,W0273,1,1,0.841518,0.158482
XGBoost,fold_aware,1,31,W0274,1,1,0.987491,0.012509
XGBoost,fold_aware,1,31,W0275,1,1,0.994644,0.005356
XGBoost,fold_aware,1,31,W0276,1,1,0.999795,0.000205
XGBoost,fold_aware,1,31,W0277,1,1,0.999884,0.000116
XGBoost,fold_aware,1,31,W0278,1,1,0.999773,0.000227
XGBoost,fold_aware,1,31,W0279,1,1,0.999505,0.000495
XGBoost,fold_aware,1,31,W0280,1,1,0.999697,0.000303
XGBoost,fold_aware,1,31,W0281,1,1,0.999634,0.000366
XGBoost,fold_aware,1,31,W0282,1,1,0.999433,0.000567
XGBoost,fold_aware,1,31,W0283,1,1,0.999159,0.000841
XGBoost,fold_aware,1,31,W0284,1,1,0.998950,0.001050
XGBoost,fold_aware,1,31,W0285,1,1,0.999679,0.000321
XGBoost,fold_aware,1,31,W0286,1,1,0.999542,0.000458
XGBoost,fold_aware,1,31,W0287,1,1,0.999200,0.000800
XGBoost,fold_aware,1,31,W0288,1,1,0.999773,0.000227
MLP_NeuralNet,fold_aware,1,31,W0250,0,0,0.000000,1.000000
MLP_NeuralNet,fold_aware,1,31,W0251,0,0,0.000000,1.000000
MLP_NeuralNet,fold_aware,1,31,W0252,0,0,0.000000,1.000000
MLP_NeuralNet,fold_aware,1,31,W0253,0,0,0.000000,1.000000
MLP_NeuralNet,fold_aware,1,31,W0254,0,0,0.000000,1.000000
MLP_NeuralNet,fold_aware,1,31,W0255,0,0,0.000000,1.000000
MLP_NeuralNet,fold_aware,1,31,W0256,0,0,0.000000,1.000000
MLP_NeuralNet,fold_aware,1,31,W0257,0,0,0.000000,1.000000
MLP_NeuralNet,fold_aware,1,31,W0258,0,0,0.000000,1.000000
MLP_NeuralNet,fold_aware,1,31,W0259,0,0,0.000000,1.000000
MLP_NeuralNet,fold_aware,1,31,W0260,0,0,0.000010,0.999990
MLP_NeuralNet,fold_aware,1,31,W0261,1,0,0.001229,0.998771
MLP_NeuralNet,fold_aware,1,31,W0262,1,0,0.241499,0.758501
MLP_NeuralNet,fold_aware,1,31,W0263,1,1,0.940443,0.059557
MLP_NeuralNet,fold_aware,1,31,W0264,1,1,0.993456,0.006544
MLP_NeuralNet,fold_aware,1,31,W0265,1,1,0.980077,0.019923
MLP_NeuralNet,fold_aware,1,31,W0266,1,1,0.979774,0.020226
MLP_NeuralNet,fold_aware,1,31,W0267,1,1,0.986980,0.013020
MLP_NeuralNet,fold_aware,1,31,W0268,1,1,0.962564,0.037436
MLP_NeuralNet,fold_aware,1,31,W0269,1,1,0.958916,0.041084
MLP_NeuralNet,fold_aware,1,31,W0270,1,1,0.846784,0.153216
MLP_NeuralNet,fold_aware,1,31,W0271,1,1,0.946949,0.053051
MLP_NeuralNet,fold_aware,1,31,W0272,1,1,0.987564,0.012436
MLP_NeuralNet,fold_aware,1,31,W0273,1,1,0.969680,0.030320
MLP_NeuralNet,fold_aware,1,31,W0274,1,1,0.986445,0.013555
MLP_NeuralNet,fold_aware,1,31,W0275,1,1,0.994756,0.005244
MLP_NeuralNet,fold_aware,1,31,W0276,1,1,0.998214,0.001786
MLP_NeuralNet,fold_aware,1,31,W0277,1,1,0.999198,0.000802
MLP_NeuralNet,fold_aware,1,31,W0278,1,1,0.997770,0.002230
MLP_NeuralNet,fold_aware,1,31,W0279,1,1,0.999011,0.000989
MLP_NeuralNet,fold_aware,1,31,W0280,1,1,0.997065,0.002935
MLP_NeuralNet,fold_aware,1,31,W0281,1,1,0.998617,0.001383
MLP_NeuralNet,fold_aware,1,31,W0282,1,1,0.992786,0.007214
MLP_NeuralNet,fold_aware,1,31,W0283,1,1,0.998562,0.001438
MLP_NeuralNet,fold_aware,1,31,W0284,1,1,0.996414,0.003586
MLP_NeuralNet,fold_aware,1,31,W0285,1,1,0.998231,0.001769
MLP_NeuralNet,fold_aware,1,31,W0286,1,1,0.995019,0.004981
MLP_NeuralNet,fold_aware,1,31,W0287,1,1,0.998832,0.001168
MLP_NeuralNet,fold_aware,1,31,W0288,1,1,0.997381,0.002619
LogisticRegression,none,2,32,W0289,1,1,0.878959,0.121041
LogisticRegression,none,2,32,W0290,1,1,0.955235,0.044765
LogisticRegression,none,2,32,W0291,1,1,0.959600,0.040400
LogisticRegression,none,2,32,W0292,1,1,0.874396,0.125604
LogisticRegression,none,2,32,W0293,1,1,0.807335,0.192665
LogisticRegression,none,2,32,W0294,1,1,0.808935,0.191065
LogisticRegression,none,2,32,W0295,1,1,0.904101,0.095899
LogisticRegression,none,2,32,W0296,1,1,0.973695,0.026305
LogisticRegression,none,2,32,W0297,1,1,0.945398,0.054602
LogisticRegression,none,2,32,W0298,1,1,0.923528,0.076472
LogisticRegression,none,2,32,W0299,1,1,0.858696,0.141304
LogisticRegression,none,2,32,W0300,1,1,0.822018,0.177982
LogisticRegression,none,2,32,W0301,1,1,0.838939,0.161061
LogisticRegression,none,2,32,W0302,1,1,0.930558,0.069442
LogisticRegression,none,2,32,W0303,1,1,0.965361,0.034639
LogisticRegression,none,2,32,W0304,1,1,0.843544,0.156456
LogisticRegression,none,2,32,W0305,1,1,0.789263,0.210737
LogisticRegression,none,2,32,W0306,1,1,0.823495,0.176505
LogisticRegression,none,2,32,W0307,1,1,0.921568,0.078432
LogisticRegression,none,2,32,W0308,1,1,0.967817,0.032183
LogisticRegression,none,2,32,W0309,1,1,0.948942,0.051058
LogisticRegression,none,2,32,W0310,1,1,0.910209,0.089791
LogisticRegression,none,2,32,W0311,1,1,0.891093,0.108907
LogisticRegression,none,2,32,W0312,1,1,0.844826,0.155174
LogisticRegression,none,2,32,W0313,1,1,0.910071,0.089929
LogisticRegression,none,2,32,W0314,1,1,0.959796,0.040204
LogisticRegression,none,2,32,W0315,1,1,0.965326,0.034674
LogisticRegression,none,2,32,W0316,1,1,0.941852,0.058148
LogisticRegression,none,2,32,W0317,1,1,0.917745,0.082255
LogisticRegression,none,2,32,W0318,1,1,0.920569,0.079431
LogisticRegression,none,2,32,W0319,1,1,0.947901,0.052099
LogisticRegression,none,2,32,W0320,1,1,0.971789,0.028211
LogisticRegression,none,2,32,W0321,1,1,0.976767,0.023233
LogisticRegression,none,2,32,W0322,1,1,0.955268,0.044732
LogisticRegression,none,2,32,W0323,1,1,0.868852,0.131148
LogisticRegression,none,2,32,W0324,1,1,0.887806,0.112194
LogisticRegression,none,2,32,W0325,1,1,0.930619,0.069381
LogisticRegression,none,2,32,W0326,1,1,0.967037,0.032963
LogisticRegression,none,2,32,W0327,1,1,0.970923,0.029077
LogisticRegression,none,2,32,W0328,1,1,0.948606,0.051394
LogisticRegression,none,2,32,W0329,1,1,0.958218,0.041782
LogisticRegression,none,2,32,W0330,1,1,0.942686,0.057314
SVM_RBF,none,2,32,W0289,1,1,0.966709,0.033291
SVM_RBF,none,2,32,W0290,1,1,0.979146,0.020854
SVM_RBF,none,2,32,W0291,1,1,0.982036,0.017964
SVM_RBF,none,2,32,W0292,1,1,0.966197,0.033803
SVM_RBF,none,2,32,W0293,1,1,0.947830,0.052170
SVM_RBF,none,2,32,W0294,1,1,0.946548,0.053452
SVM_RBF,none,2,32,W0295,1,1,0.971734,0.028266
SVM_RBF,none,2,32,W0296,1,1,0.982731,0.017269
SVM_RBF,none,2,32,W0297,1,1,0.974480,0.025520
SVM_RBF,none,2,32,W0298,1,1,0.973448,0.026552
SVM_RBF,none,2,32,W0299,1,1,0.966842,0.033158
SVM_RBF,none,2,32,W0300,1,1,0.951538,0.048462
SVM_RBF,none,2,32,W0301,1,1,0.950621,0.049379
SVM_RBF,none,2,32,W0302,1,1,0.974324,0.025676
SVM_RBF,none,2,32,W0303,1,1,0.983220,0.016780
SVM_RBF,none,2,32,W0304,1,1,0.962638,0.037362
SVM_RBF,none,2,32,W0305,1,1,0.943153,0.056847
SVM_RBF,none,2,32,W0306,1,1,0.951712,0.048288
SVM_RBF,none,2,32,W0307,1,1,0.975630,0.024370
SVM_RBF,none,2,32,W0308,1,1,0.981780,0.018220
SVM_RBF,none,2,32,W0309,1,1,0.975445,0.024555
SVM_RBF,none,2,32,W0310,1,1,0.969424,0.030576
SVM_RBF,none,2,32,W0311,1,1,0.970424,0.029576
SVM_RBF,none,2,32,W0312,1,1,0.964219,0.035781
SVM_RBF,none,2,32,W0313,1,1,0.970381,0.029619
SVM_RBF,none,2,32,W0314,1,1,0.981083,0.018917
SVM_RBF,none,2,32,W0315,1,1,0.982162,0.017838
SVM_RBF,none,2,32,W0316,1,1,0.979481,0.020519
SVM_RBF,none,2,32,W0317,1,1,0.974724,0.025276
SVM_RBF,none,2,32,W0318,1,1,0.973661,0.026339
SVM_RBF,none,2,32,W0319,1,1,0.979750,0.020250
SVM_RBF,none,2,32,W0320,1,1,0.981729,0.018271
SVM_RBF,none,2,32,W0321,1,1,0.981834,0.018166
SVM_RBF,none,2,32,W0322,1,1,0.980980,0.019020
SVM_RBF,none,2,32,W0323,1,1,0.965593,0.034407
SVM_RBF,none,2,32,W0324,1,1,0.965845,0.034155
SVM_RBF,none,2,32,W0325,1,1,0.974809,0.025191
SVM_RBF,none,2,32,W0326,1,1,0.980202,0.019798
SVM_RBF,none,2,32,W0327,1,1,0.982037,0.017963
SVM_RBF,none,2,32,W0328,1,1,0.976852,0.023148
SVM_RBF,none,2,32,W0329,1,1,0.981598,0.018402
SVM_RBF,none,2,32,W0330,1,1,0.979179,0.020821
RandomForest,none,2,32,W0289,1,1,0.985487,0.014513
RandomForest,none,2,32,W0290,1,1,0.993333,0.006667
RandomForest,none,2,32,W0291,1,1,0.995454,0.004546
RandomForest,none,2,32,W0292,1,1,0.987126,0.012874
RandomForest,none,2,32,W0293,1,1,0.968518,0.031482
RandomForest,none,2,32,W0294,1,1,0.957931,0.042069
RandomForest,none,2,32,W0295,1,1,0.945597,0.054403
RandomForest,none,2,32,W0296,1,1,0.974659,0.025341
RandomForest,none,2,32,W0297,1,1,0.983823,0.016177
RandomForest,none,2,32,W0298,1,1,0.980844,0.019156
RandomForest,none,2,32,W0299,1,1,0.992570,0.007430
RandomForest,none,2,32,W0300,1,1,0.934747,0.065253
RandomForest,none,2,32,W0301,1,1,0.933495,0.066505
RandomForest,none,2,32,W0302,1,1,0.976982,0.023018
RandomForest,none,2,32,W0303,1,1,0.990108,0.009892
RandomForest,none,2,32,W0304,1,1,0.976462,0.023538
RandomForest,none,2,32,W0305,1,1,0.972465,0.027535
RandomForest,none,2,32,W0306,1,1,0.978695,0.021305
RandomForest,none,2,32,W0307,1,1,0.980609,0.019391
RandomForest,none,2,32,W0308,1,1,0.992906,0.007094
RandomForest,none,2,32,W0309,1,1,0.993920,0.006080
RandomForest,none,2,32,W0310,1,1,0.991185,0.008815
RandomForest,none,2,32,W0311,1,1,0.978724,0.021276
RandomForest,none,2,32,W0312,1,1,0.978557,0.021443
RandomForest,none,2,32,W0313,1,1,0.979544,0.020456
RandomForest,none,2,32,W0314,1,1,0.995903,0.004097
RandomForest,none,2,32,W0315,1,1,1.000000,0.000000
RandomForest,none,2,32,W0316,1,1,0.974439,0.025561
RandomForest,none,2,32,W0317,1,1,0.969604,0.030396
RandomForest,none,2,32,W0318,1,1,0.977103,0.022897
RandomForest,none,2,32,W0319,1,1,0.974413,0.025587
RandomForest,none,2,32,W0320,1,1,0.998558,0.001442
RandomForest,none,2,32,W0321,1,1,0.993931,0.006069
RandomForest,none,2,32,W0322,1,1,0.992490,0.007510
RandomForest,none,2,32,W0323,1,1,0.983504,0.016496
RandomForest,none,2,32,W0324,1,1,0.996667,0.003333
RandomForest,none,2,32,W0325,1,1,0.963229,0.036771
RandomForest,none,2,32,W0326,1,1,0.991014,0.008986
RandomForest,none,2,32,W0327,1,1,0.977733,0.022267
RandomForest,none,2,32,W0328,1,1,0.982001,0.017999
RandomForest,none,2,32,W0329,1,1,0.988497,0.011503
RandomForest,none,2,32,W0330,1,1,0.990587,0.009413
XGBoost,none,2,32,W0289,1,1,0.998127,0.001873
XGBoost,none,2,32,W0290,1,1,0.999596,0.000404
XGBoost,none,2,32,W0291,1,1,0.999100,0.000900
XGBoost,none,2,32,W0292,1,1,0.997209,0.002791
XGBoost,none,2,32,W0293,1,1,0.995350,0.004650
XGBoost,none,2,32,W0294,1,1,0.995572,0.004428
XGBoost,none,2,32,W0295,1,1,0.974919,0.025081
XGBoost,none,2,32,W0296,1,1,0.995298,0.004702
XGBoost,none,2,32,W0297,1,1,0.997907,0.002093
XGBoost,none,2,32,W0298,1,1,0.999684,0.000316
XGBoost,none,2,32,W0299,1,1,0.999768,0.000232
XGBoost,none,2,32,W0300,1,1,0.993199,0.006801
XGBoost,none,2,32,W0301,1,1,0.992999,0.007001
XGBoost,none,2,32,W0302,1,1,0.998929,0.001071
XGBoost,none,2,32,W0303,1,1,0.996777,0.003223
XGBoost,none,2,32,W0304,1,1,0.991959,0.008041
XGBoost,none,2,32,W0305,1,1,0.999400,0.000600
XGBoost,none,2,32,W0306,1,1,0.999324,0.000676
XGBoost,none,2,32,W0307,1,1,0.999727,0.000273
XGBoost,none,2,32,W0308,1,1,0.999757,0.000243
XGBoost,none,2,32,W0309,1,1,0.998865,0.001135
XGBoost,none,2,32,W0310,1,1,0.998776,0.001224
XGBoost,none,2,32,W0311,1,1,0.999636,0.000364
XGBoost,none,2,32,W0312,1,1,0.999643,0.000357
XGBoost,none,2,32,W0313,1,1,0.997234,0.002766
XGBoost,none,2,32,W0314,1,1,0.999027,0.000973
XGBoost,none,2,32,W0315,1,1,0.997528,0.002472
XGBoost,none,2,32,W0316,1,1,0.996904,0.003096
XGBoost,none,2,32,W0317,1,1,0.992880,0.007120
XGBoost,none,2,32,W0318,1,1,0.997804,0.002196
XGBoost,none,2,32,W0319,1,1,0.999427,0.000573
XGBoost,none,2,32,W0320,1,1,0.999732,0.000268
XGBoost,none,2,32,W0321,1,1,0.999900,0.000100
XGBoost,none,2,32,W0322,1,1,0.999827,0.000173
XGBoost,none,2,32,W0323,1,1,0.998100,0.001900
XGBoost,none,2,32,W0324,1,1,0.999058,0.000942
XGBoost,none,2,32,W0325,1,1,0.996384,0.003616
XGBoost,none,2,32,W0326,1,1,0.998975,0.001025
XGBoost,none,2,32,W0327,1,1,0.999764,0.000236
XGBoost,none,2,32,W0328,1,1,0.999098,0.000902
XGBoost,none,2,32,W0329,1,1,0.997981,0.002019
XGBoost,none,2,32,W0330,1,1,0.999532,0.000468
MLP_NeuralNet,none,2,32,W0289,1,1,0.978935,0.021065
MLP_NeuralNet,none,2,32,W0290,1,1,0.994492,0.005508
MLP_NeuralNet,none,2,32,W0291,1,1,0.997293,0.002707
MLP_NeuralNet,none,2,32,W0292,1,1,0.979402,0.020598
MLP_NeuralNet,none,2,32,W0293,1,1,0.957932,0.042068
MLP_NeuralNet,none,2,32,W0294,1,1,0.959431,0.040569
MLP_NeuralNet,none,2,32,W0295,1,1,0.977676,0.022324
MLP_NeuralNet,none,2,32,W0296,1,1,0.989720,0.010280
MLP_NeuralNet,none,2,32,W0297,1,1,0.972894,0.027106
MLP_NeuralNet,none,2,32,W0298,1,1,0.986491,0.013509
MLP_NeuralNet,none,2,32,W0299,1,1,0.973642,0.026358
MLP_NeuralNet,none,2,32,W0300,1,1,0.973897,0.026103
MLP_NeuralNet,none,2,32,W0301,1,1,0.895632,0.104368
MLP_NeuralNet,none,2,32,W0302,1,1,0.991230,0.008770
MLP_NeuralNet,none,2,32,W0303,1,1,0.996879,0.003121
MLP_NeuralNet,none,2,32,W0304,1,1,0.969352,0.030648
MLP_NeuralNet,none,2,32,W0305,1,1,0.956135,0.043865
MLP_NeuralNet,none,2,32,W0306,1,1,0.959274,0.040726
MLP_NeuralNet,none,2,32,W0307,1,1,0.985275,0.014725
MLP_NeuralNet,none,2,32,W0308,1,1,0.990624,0.009376
MLP_NeuralNet,none,2,32,W0309,1,1,0.980621,0.019379
MLP_NeuralNet,none,2,32,W0310,1,1,0.980086,0.019914
MLP_NeuralNet,none,2,32,W0311,1,1,0.986661,0.013339
MLP_NeuralNet,none,2,32,W0312,1,1,0.969222,0.030778
MLP_NeuralNet,none,2,32,W0313,1,1,0.980157,0.019843
MLP_NeuralNet,none,2,32,W0314,1,1,0.996824,0.003176
MLP_NeuralNet,none,2,32,W0315,1,1,0.997008,0.002992
MLP_NeuralNet,none,2,32,W0316,1,1,0.991666,0.008334
MLP_NeuralNet,none,2,32,W0317,1,1,0.983133,0.016867
MLP_NeuralNet,none,2,32,W0318,1,1,0.988377,0.011623
MLP_NeuralNet,none,2,32,W0319,1,1,0.986982,0.013018
MLP_NeuralNet,none,2,32,W0320,1,1,0.992450,0.007550
MLP_NeuralNet,none,2,32,W0321,1,1,0.996236,0.003764
MLP_NeuralNet,none,2,32,W0322,1,1,0.993823,0.006177
MLP_NeuralNet,none,2,32,W0323,1,1,0.960956,0.039044
MLP_NeuralNet,none,2,32,W0324,1,1,0.960781,0.039219
MLP_NeuralNet,none,2,32,W0325,1,1,0.988947,0.011053
MLP_NeuralNet,none,2,32,W0326,1,1,0.995455,0.004545
MLP_NeuralNet,none,2,32,W0327,1,1,0.995895,0.004105
MLP_NeuralNet,none,2,32,W0328,1,1,0.991527,0.008473
MLP_NeuralNet,none,2,32,W0329,1,1,0.995929,0.004071
MLP_NeuralNet,none,2,32,W0330,1,1,0.991598,0.008402
LogisticRegression,pooled_global,2,32,W0289,1,1,0.973044,0.026956
LogisticRegression,pooled_global,2,32,W0290,1,1,0.990321,0.009679
LogisticRegression,pooled_global,2,32,W0291,1,1,0.991726,0.008274
LogisticRegression,pooled_global,2,32,W0292,1,1,0.967171,0.032829
LogisticRegression,pooled_global,2,32,W0293,1,1,0.946910,0.053090
LogisticRegression,pooled_global,2,32,W0294,1,1,0.936789,0.063211
LogisticRegression,pooled_global,2,32,W0295,1,1,0.975524,0.024476
LogisticRegression,pooled_global,2,32,W0296,1,1,0.989807,0.010193
LogisticRegression,pooled_global,2,32,W0297,1,1,0.986214,0.013786
LogisticRegression,pooled_global,2,32,W0298,1,1,0.982585,0.017415
LogisticRegression,pooled_global,2,32,W0299,1,1,0.973693,0.026307
LogisticRegression,pooled_global,2,32,W0300,1,1,0.965091,0.034909
LogisticRegression,pooled_global,2,32,W0301,1,1,0.970637,0.029363
LogisticRegression,pooled_global,2,32,W0302,1,1,0.988202,0.011798
LogisticRegression,pooled_global,2,32,W0303,1,1,0.992385,0.007615
LogisticRegression,pooled_global,2,32,W0304,1,1,0.958840,0.041160
LogisticRegression,pooled_global,2,32,W0305,1,1,0.914974,0.085026
LogisticRegression,pooled_global,2,32,W0306,1,1,0.942740,0.057260
LogisticRegression,pooled_global,2,32,W0307,1,1,0.975054,0.024946
LogisticRegression,pooled_global,2,32,W0308,1,1,0.989182,0.010818
LogisticRegression,pooled_global,2,32,W0309,1,1,0.986399,0.013601
LogisticRegression,pooled_global,2,32,W0310,1,1,0.976601,0.023399
LogisticRegression,pooled_global,2,32,W0311,1,1,0.972806,0.027194
LogisticRegression,pooled_global,2,32,W0312,1,1,0.968253,0.031747
LogisticRegression,pooled_global,2,32,W0313,1,1,0.985861,0.014139
LogisticRegression,pooled_global,2,32,W0314,1,1,0.993270,0.006730
LogisticRegression,pooled_global,2,32,W0315,1,1,0.991754,0.008246
LogisticRegression,pooled_global,2,32,W0316,1,1,0.985604,0.014396
LogisticRegression,pooled_global,2,32,W0317,1,1,0.976568,0.023432
LogisticRegression,pooled_global,2,32,W0318,1,1,0.976653,0.023347
LogisticRegression,pooled_global,2,32,W0319,1,1,0.981637,0.018363
LogisticRegression,pooled_global,2,32,W0320,1,1,0.991603,0.008397
LogisticRegression,pooled_global,2,32,W0321,1,1,0.992961,0.007039
LogisticRegression,pooled_global,2,32,W0322,1,1,0.987977,0.012023
LogisticRegression,pooled_global,2,32,W0323,1,1,0.968041,0.031959
LogisticRegression,pooled_global,2,32,W0324,1,1,0.976328,0.023672
LogisticRegression,pooled_global,2,32,W0325,1,1,0.982320,0.017680
LogisticRegression,pooled_global,2,32,W0326,1,1,0.992351,0.007649
LogisticRegression,pooled_global,2,32,W0327,1,1,0.993062,0.006938
LogisticRegression,pooled_global,2,32,W0328,1,1,0.986684,0.013316
LogisticRegression,pooled_global,2,32,W0329,1,1,0.989973,0.010027
LogisticRegression,pooled_global,2,32,W0330,1,1,0.985111,0.014889
SVM_RBF,pooled_global,2,32,W0289,1,1,0.983843,0.016157
SVM_RBF,pooled_global,2,32,W0290,1,1,0.992140,0.007860
SVM_RBF,pooled_global,2,32,W0291,1,1,0.993913,0.006087
SVM_RBF,pooled_global,2,32,W0292,1,1,0.985349,0.014651
SVM_RBF,pooled_global,2,32,W0293,1,1,0.975713,0.024287
SVM_RBF,pooled_global,2,32,W0294,1,1,0.976309,0.023691
SVM_RBF,pooled_global,2,32,W0295,1,1,0.989690,0.010310
SVM_RBF,pooled_global,2,32,W0296,1,1,0.991678,0.008322
SVM_RBF,pooled_global,2,32,W0297,1,1,0.991267,0.008733
SVM_RBF,pooled_global,2,32,W0298,1,1,0.992394,0.007606
SVM_RBF,pooled_global,2,32,W0299,1,1,0.987792,0.012208
SVM_RBF,pooled_global,2,32,W0300,1,1,0.979689,0.020311
SVM_RBF,pooled_global,2,32,W0301,1,1,0.980330,0.019670
SVM_RBF,pooled_global,2,32,W0302,1,1,0.990752,0.009248
SVM_RBF,pooled_global,2,32,W0303,1,1,0.994362,0.005638
SVM_RBF,pooled_global,2,32,W0304,1,1,0.982819,0.017181
SVM_RBF,pooled_global,2,32,W0305,1,1,0.964152,0.035848
SVM_RBF,pooled_global,2,32,W0306,1,1,0.976618,0.023382
SVM_RBF,pooled_global,2,32,W0307,1,1,0.990005,0.009995
SVM_RBF,pooled_global,2,32,W0308,1,1,0.991256,0.008744
SVM_RBF,pooled_global,2,32,W0309,1,1,0.991750,0.008250
SVM_RBF,pooled_global,2,32,W0310,1,1,0.990409,0.009591
SVM_RBF,pooled_global,2,32,W0311,1,1,0.987839,0.012161
SVM_RBF,pooled_global,2,32,W0312,1,1,0.985332,0.014668
SVM_RBF,pooled_global,2,32,W0313,1,1,0.990175,0.009825
SVM_RBF,pooled_global,2,32,W0314,1,1,0.994249,0.005751
SVM_RBF,pooled_global,2,32,W0315,1,1,0.993861,0.006139
SVM_RBF,pooled_global,2,32,W0316,1,1,0.990136,0.009864
SVM_RBF,pooled_global,2,32,W0317,1,1,0.988099,0.011901
SVM_RBF,pooled_global,2,32,W0318,1,1,0.989423,0.010577
SVM_RBF,pooled_global,2,32,W0319,1,1,0.989564,0.010436
SVM_RBF,pooled_global,2,32,W0320,1,1,0.993373,0.006627
SVM_RBF,pooled_global,2,32,W0321,1,1,0.994381,0.005619
SVM_RBF,pooled_global,2,32,W0322,1,1,0.991658,0.008342
SVM_RBF,pooled_global,2,32,W0323,1,1,0.983575,0.016425
SVM_RBF,pooled_global,2,32,W0324,1,1,0.987285,0.012715
SVM_RBF,pooled_global,2,32,W0325,1,1,0.990062,0.009938
SVM_RBF,pooled_global,2,32,W0326,1,1,0.993093,0.006907
SVM_RBF,pooled_global,2,32,W0327,1,1,0.992474,0.007526
SVM_RBF,pooled_global,2,32,W0328,1,1,0.989572,0.010428
SVM_RBF,pooled_global,2,32,W0329,1,1,0.993623,0.006377
SVM_RBF,pooled_global,2,32,W0330,1,1,0.991555,0.008445
RandomForest,pooled_global,2,32,W0289,1,1,0.999138,0.000862
RandomForest,pooled_global,2,32,W0290,1,1,0.988379,0.011621
RandomForest,pooled_global,2,32,W0291,1,1,0.998058,0.001942
RandomForest,pooled_global,2,32,W0292,1,1,0.998058,0.001942
RandomForest,pooled_global,2,32,W0293,1,1,0.987307,0.012693
RandomForest,pooled_global,2,32,W0294,1,1,0.994745,0.005255
RandomForest,pooled_global,2,32,W0295,1,1,0.960983,0.039017
RandomForest,pooled_global,2,32,W0296,1,1,0.966517,0.033483
RandomForest,pooled_global,2,32,W0297,1,1,0.990133,0.009867
RandomForest,pooled_global,2,32,W0298,1,1,0.976760,0.023240
RandomForest,pooled_global,2,32,W0299,1,1,1.000000,0.000000
RandomForest,pooled_global,2,32,W0300,1,1,0.920053,0.079947
RandomForest,pooled_global,2,32,W0301,1,1,0.944331,0.055669
RandomForest,pooled_global,2,32,W0302,1,1,0.987521,0.012479
RandomForest,pooled_global,2,32,W0303,1,1,0.987894,0.012106
RandomForest,pooled_global,2,32,W0304,1,1,0.985741,0.014259
RandomForest,pooled_global,2,32,W0305,1,1,0.988209,0.011791
RandomForest,pooled_global,2,32,W0306,1,1,0.996687,0.003313
RandomForest,pooled_global,2,32,W0307,1,1,0.971199,0.028801
RandomForest,pooled_global,2,32,W0308,1,1,0.998630,0.001370
RandomForest,pooled_global,2,32,W0309,1,1,0.989092,0.010908
RandomForest,pooled_global,2,32,W0310,1,1,0.987015,0.012985
RandomForest,pooled_global,2,32,W0311,1,1,0.992803,0.007197
RandomForest,pooled_global,2,32,W0312,1,1,0.986051,0.013949
RandomForest,pooled_global,2,32,W0313,1,1,0.988073,0.011927
RandomForest,pooled_global,2,32,W0314,1,1,0.992863,0.007137
RandomForest,pooled_global,2,32,W0315,1,1,0.990172,0.009828
RandomForest,pooled_global,2,32,W0316,1,1,0.997546,0.002454
RandomForest,pooled_global,2,32,W0317,1,1,0.990900,0.009100
RandomForest,pooled_global,2,32,W0318,1,1,0.994233,0.005767
RandomForest,pooled_global,2,32,W0319,1,1,0.994212,0.005788
RandomForest,pooled_global,2,32,W0320,1,1,1.000000,0.000000
RandomForest,pooled_global,2,32,W0321,1,1,0.996667,0.003333
RandomForest,pooled_global,2,32,W0322,1,1,0.989679,0.010321
RandomForest,pooled_global,2,32,W0323,1,1,0.990900,0.009100
RandomForest,pooled_global,2,32,W0324,1,1,0.995603,0.004397
RandomForest,pooled_global,2,32,W0325,1,1,0.994745,0.005255
RandomForest,pooled_global,2,32,W0326,1,1,0.994724,0.005276
RandomForest,pooled_global,2,32,W0327,1,1,0.992270,0.007730
RandomForest,pooled_global,2,32,W0328,1,1,0.992270,0.007730
RandomForest,pooled_global,2,32,W0329,1,1,0.993661,0.006339
RandomForest,pooled_global,2,32,W0330,1,1,0.995603,0.004397
XGBoost,pooled_global,2,32,W0289,1,1,0.998414,0.001586
XGBoost,pooled_global,2,32,W0290,1,1,0.999689,0.000311
XGBoost,pooled_global,2,32,W0291,1,1,0.999284,0.000716
XGBoost,pooled_global,2,32,W0292,1,1,0.998214,0.001786
XGBoost,pooled_global,2,32,W0293,1,1,0.998718,0.001282
XGBoost,pooled_global,2,32,W0294,1,1,0.998076,0.001924
XGBoost,pooled_global,2,32,W0295,1,1,0.993315,0.006685
XGBoost,pooled_global,2,32,W0296,1,1,0.992581,0.007419
XGBoost,pooled_global,2,32,W0297,1,1,0.997433,0.002567
XGBoost,pooled_global,2,32,W0298,1,1,0.998859,0.001141
XGBoost,pooled_global,2,32,W0299,1,1,0.999682,0.000318
XGBoost,pooled_global,2,32,W0300,1,1,0.995001,0.004999
XGBoost,pooled_global,2,32,W0301,1,1,0.996278,0.003722
XGBoost,pooled_global,2,32,W0302,1,1,0.998570,0.001430
XGBoost,pooled_global,2,32,W0303,1,1,0.994337,0.005663
XGBoost,pooled_global,2,32,W0304,1,1,0.993393,0.006607
XGBoost,pooled_global,2,32,W0305,1,1,0.999508,0.000492
XGBoost,pooled_global,2,32,W0306,1,1,0.998600,0.001400
XGBoost,pooled_global,2,32,W0307,1,1,0.999047,0.000953
XGBoost,pooled_global,2,32,W0308,1,1,0.999221,0.000779
XGBoost,pooled_global,2,32,W0309,1,1,0.997656,0.002344
XGBoost,pooled_global,2,32,W0310,1,1,0.998348,0.001652
XGBoost,pooled_global,2,32,W0311,1,1,0.998997,0.001003
XGBoost,pooled_global,2,32,W0312,1,1,0.998790,0.001210
XGBoost,pooled_global,2,32,W0313,1,1,0.998712,0.001288
XGBoost,pooled_global,2,32,W0314,1,1,0.999340,0.000660
XGBoost,pooled_global,2,32,W0315,1,1,0.997669,0.002331
XGBoost,pooled_global,2,32,W0316,1,1,0.998671,0.001329
XGBoost,pooled_global,2,32,W0317,1,1,0.977056,0.022944
XGBoost,pooled_global,2,32,W0318,1,1,0.996483,0.003517
XGBoost,pooled_global,2,32,W0319,1,1,0.999683,0.000317
XGBoost,pooled_global,2,32,W0320,1,1,0.999885,0.000115
XGBoost,pooled_global,2,32,W0321,1,1,0.999849,0.000151
XGBoost,pooled_global,2,32,W0322,1,1,0.999842,0.000158
XGBoost,pooled_global,2,32,W0323,1,1,0.992942,0.007058
XGBoost,pooled_global,2,32,W0324,1,1,0.995513,0.004487
XGBoost,pooled_global,2,32,W0325,1,1,0.994713,0.005287
XGBoost,pooled_global,2,32,W0326,1,1,0.999642,0.000358
XGBoost,pooled_global,2,32,W0327,1,1,0.999876,0.000124
XGBoost,pooled_global,2,32,W0328,1,1,0.999411,0.000589
XGBoost,pooled_global,2,32,W0329,1,1,0.998520,0.001480
XGBoost,pooled_global,2,32,W0330,1,1,0.999694,0.000306
MLP_NeuralNet,pooled_global,2,32,W0289,1,1,0.992055,0.007945
MLP_NeuralNet,pooled_global,2,32,W0290,1,1,0.996466,0.003534
MLP_NeuralNet,pooled_global,2,32,W0291,1,1,0.999210,0.000790
MLP_NeuralNet,pooled_global,2,32,W0292,1,1,0.997108,0.002892
MLP_NeuralNet,pooled_global,2,32,W0293,1,1,0.998184,0.001816
MLP_NeuralNet,pooled_global,2,32,W0294,1,1,0.998483,0.001517
MLP_NeuralNet,pooled_global,2,32,W0295,1,1,0.999264,0.000736
MLP_NeuralNet,pooled_global,2,32,W0296,1,1,0.998099,0.001901
MLP_NeuralNet,pooled_global,2,32,W0297,1,1,0.979432,0.020568
MLP_NeuralNet,pooled_global,2,32,W0298,1,1,0.995136,0.004864
MLP_NeuralNet,pooled_global,2,32,W0299,1,1,0.992124,0.007876
MLP_NeuralNet,pooled_global,2,32,W0300,1,1,0.997168,0.002832
MLP_NeuralNet,pooled_global,2,32,W0301,1,1,0.922976,0.077024
MLP_NeuralNet,pooled_global,2,32,W0302,1,1,0.993421,0.006579
MLP_NeuralNet,pooled_global,2,32,W0303,1,1,0.998373,0.001627
MLP_NeuralNet,pooled_global,2,32,W0304,1,1,0.993862,0.006138
MLP_NeuralNet,pooled_global,2,32,W0305,1,1,0.997639,0.002361
MLP_NeuralNet,pooled_global,2,32,W0306,1,1,0.997009,0.002991
MLP_NeuralNet,pooled_global,2,32,W0307,1,1,0.998871,0.001129
MLP_NeuralNet,pooled_global,2,32,W0308,1,1,0.998141,0.001859
MLP_NeuralNet,pooled_global,2,32,W0309,1,1,0.983687,0.016313
MLP_NeuralNet,pooled_global,2,32,W0310,1,1,0.994500,0.005500
MLP_NeuralNet,pooled_global,2,32,W0311,1,1,0.999274,0.000726
MLP_NeuralNet,pooled_global,2,32,W0312,1,1,0.991255,0.008745
MLP_NeuralNet,pooled_global,2,32,W0313,1,1,0.985927,0.014073
MLP_NeuralNet,pooled_global,2,32,W0314,1,1,0.998864,0.001136
MLP_NeuralNet,pooled_global,2,32,W0315,1,1,0.999167,0.000833
MLP_NeuralNet,pooled_global,2,32,W0316,1,1,0.999132,0.000868
MLP_NeuralNet,pooled_global,2,32,W0317,1,1,0.995488,0.004512
MLP_NeuralNet,pooled_global,2,32,W0318,1,1,0.998378,0.001622
MLP_NeuralNet,pooled_global,2,32,W0319,1,1,0.998275,0.001725
MLP_NeuralNet,pooled_global,2,32,W0320,1,1,0.998017,0.001983
MLP_NeuralNet,pooled_global,2,32,W0321,1,1,0.998884,0.001116
MLP_NeuralNet,pooled_global,2,32,W0322,1,1,0.998474,0.001526
MLP_NeuralNet,pooled_global,2,32,W0323,1,1,0.960629,0.039371
MLP_NeuralNet,pooled_global,2,32,W0324,1,1,0.956279,0.043721
MLP_NeuralNet,pooled_global,2,32,W0325,1,1,0.984843,0.015157
MLP_NeuralNet,pooled_global,2,32,W0326,1,1,0.996438,0.003562
MLP_NeuralNet,pooled_global,2,32,W0327,1,1,0.999285,0.000715
MLP_NeuralNet,pooled_global,2,32,W0328,1,1,0.998125,0.001875
MLP_NeuralNet,pooled_global,2,32,W0329,1,1,0.999154,0.000846
MLP_NeuralNet,pooled_global,2,32,W0330,1,1,0.997812,0.002188
LogisticRegression,fold_aware,2,32,W0289,1,1,0.973770,0.026230
LogisticRegression,fold_aware,2,32,W0290,1,1,0.987560,0.012440
LogisticRegression,fold_aware,2,32,W0291,1,1,0.987569,0.012431
LogisticRegression,fold_aware,2,32,W0292,1,1,0.963538,0.036462
LogisticRegression,fold_aware,2,32,W0293,1,1,0.946017,0.053983
LogisticRegression,fold_aware,2,32,W0294,1,1,0.939114,0.060886
LogisticRegression,fold_aware,2,32,W0295,1,1,0.971674,0.028326
LogisticRegression,fold_aware,2,32,W0296,1,1,0.991926,0.008074
LogisticRegression,fold_aware,2,32,W0297,1,1,0.984728,0.015272
LogisticRegression,fold_aware,2,32,W0298,1,1,0.981339,0.018661
LogisticRegression,fold_aware,2,32,W0299,1,1,0.974665,0.025335
LogisticRegression,fold_aware,2,32,W0300,1,1,0.971793,0.028207
LogisticRegression,fold_aware,2,32,W0301,1,1,0.968992,0.031008
LogisticRegression,fold_aware,2,32,W0302,1,1,0.985917,0.014083
LogisticRegression,fold_aware,2,32,W0303,1,1,0.989388,0.010612
LogisticRegression,fold_aware,2,32,W0304,1,1,0.949918,0.050082
LogisticRegression,fold_aware,2,32,W0305,1,1,0.926132,0.073868
LogisticRegression,fold_aware,2,32,W0306,1,1,0.938590,0.061410
LogisticRegression,fold_aware,2,32,W0307,1,1,0.973671,0.026329
LogisticRegression,fold_aware,2,32,W0308,1,1,0.990691,0.009309
LogisticRegression,fold_aware,2,32,W0309,1,1,0.985874,0.014126
LogisticRegression,fold_aware,2,32,W0310,1,1,0.977627,0.022373
LogisticRegression,fold_aware,2,32,W0311,1,1,0.977262,0.022738
LogisticRegression,fold_aware,2,32,W0312,1,1,0.969048,0.030952
LogisticRegression,fold_aware,2,32,W0313,1,1,0.983171,0.016829
LogisticRegression,fold_aware,2,32,W0314,1,1,0.990722,0.009278
LogisticRegression,fold_aware,2,32,W0315,1,1,0.989148,0.010852
LogisticRegression,fold_aware,2,32,W0316,1,1,0.984060,0.015940
LogisticRegression,fold_aware,2,32,W0317,1,1,0.977228,0.022772
LogisticRegression,fold_aware,2,32,W0318,1,1,0.967425,0.032575
LogisticRegression,fold_aware,2,32,W0319,1,1,0.981843,0.018157
LogisticRegression,fold_aware,2,32,W0320,1,1,0.990605,0.009395
LogisticRegression,fold_aware,2,32,W0321,1,1,0.990460,0.009540
LogisticRegression,fold_aware,2,32,W0322,1,1,0.988428,0.011572
LogisticRegression,fold_aware,2,32,W0323,1,1,0.970089,0.029911
LogisticRegression,fold_aware,2,32,W0324,1,1,0.972347,0.027653
LogisticRegression,fold_aware,2,32,W0325,1,1,0.978084,0.021916
LogisticRegression,fold_aware,2,32,W0326,1,1,0.990137,0.009863
LogisticRegression,fold_aware,2,32,W0327,1,1,0.991811,0.008189
LogisticRegression,fold_aware,2,32,W0328,1,1,0.984470,0.015530
LogisticRegression,fold_aware,2,32,W0329,1,1,0.986824,0.013176
LogisticRegression,fold_aware,2,32,W0330,1,1,0.983105,0.016895
SVM_RBF,fold_aware,2,32,W0289,1,1,0.981955,0.018045
SVM_RBF,fold_aware,2,32,W0290,1,1,0.991311,0.008689
SVM_RBF,fold_aware,2,32,W0291,1,1,0.992738,0.007262
SVM_RBF,fold_aware,2,32,W0292,1,1,0.981710,0.018290
SVM_RBF,fold_aware,2,32,W0293,1,1,0.971951,0.028049
SVM_RBF,fold_aware,2,32,W0294,1,1,0.969316,0.030684
SVM_RBF,fold_aware,2,32,W0295,1,1,0.987004,0.012996
SVM_RBF,fold_aware,2,32,W0296,1,1,0.992678,0.007322
SVM_RBF,fold_aware,2,32,W0297,1,1,0.989909,0.010091
SVM_RBF,fold_aware,2,32,W0298,1,1,0.990763,0.009237
SVM_RBF,fold_aware,2,32,W0299,1,1,0.985463,0.014537
SVM_RBF,fold_aware,2,32,W0300,1,1,0.979693,0.020307
SVM_RBF,fold_aware,2,32,W0301,1,1,0.976865,0.023135
SVM_RBF,fold_aware,2,32,W0302,1,1,0.988802,0.011198
SVM_RBF,fold_aware,2,32,W0303,1,1,0.993976,0.006024
SVM_RBF,fold_aware,2,32,W0304,1,1,0.979254,0.020746
SVM_RBF,fold_aware,2,32,W0305,1,1,0.960855,0.039145
SVM_RBF,fold_aware,2,32,W0306,1,1,0.970618,0.029382
SVM_RBF,fold_aware,2,32,W0307,1,1,0.988601,0.011399
SVM_RBF,fold_aware,2,32,W0308,1,1,0.991969,0.008031
SVM_RBF,fold_aware,2,32,W0309,1,1,0.990090,0.009910
SVM_RBF,fold_aware,2,32,W0310,1,1,0.987917,0.012083
SVM_RBF,fold_aware,2,32,W0311,1,1,0.987329,0.012671
SVM_RBF,fold_aware,2,32,W0312,1,1,0.981949,0.018051
SVM_RBF,fold_aware,2,32,W0313,1,1,0.987984,0.012016
SVM_RBF,fold_aware,2,32,W0314,1,1,0.993380,0.006620
SVM_RBF,fold_aware,2,32,W0315,1,1,0.993121,0.006879
SVM_RBF,fold_aware,2,32,W0316,1,1,0.989664,0.010336
SVM_RBF,fold_aware,2,32,W0317,1,1,0.986685,0.013315
SVM_RBF,fold_aware,2,32,W0318,1,1,0.987334,0.012666
SVM_RBF,fold_aware,2,32,W0319,1,1,0.989146,0.010854
SVM_RBF,fold_aware,2,32,W0320,1,1,0.992575,0.007425
SVM_RBF,fold_aware,2,32,W0321,1,1,0.993672,0.006328
SVM_RBF,fold_aware,2,32,W0322,1,1,0.991949,0.008051
SVM_RBF,fold_aware,2,32,W0323,1,1,0.981026,0.018974
SVM_RBF,fold_aware,2,32,W0324,1,1,0.984473,0.015527
SVM_RBF,fold_aware,2,32,W0325,1,1,0.988073,0.011927
SVM_RBF,fold_aware,2,32,W0326,1,1,0.992452,0.007548
SVM_RBF,fold_aware,2,32,W0327,1,1,0.993107,0.006893
SVM_RBF,fold_aware,2,32,W0328,1,1,0.988564,0.011436
SVM_RBF,fold_aware,2,32,W0329,1,1,0.992799,0.007201
SVM_RBF,fold_aware,2,32,W0330,1,1,0.990146,0.009854
RandomForest,fold_aware,2,32,W0289,1,1,0.994655,0.005345
RandomForest,fold_aware,2,32,W0290,1,1,0.989816,0.010184
RandomForest,fold_aware,2,32,W0291,1,1,0.997744,0.002256
RandomForest,fold_aware,2,32,W0292,1,1,0.997016,0.002984
RandomForest,fold_aware,2,32,W0293,1,1,0.984653,0.015347
RandomForest,fold_aware,2,32,W0294,1,1,0.975851,0.024149
RandomForest,fold_aware,2,32,W0295,1,1,0.964688,0.035312
RandomForest,fold_aware,2,32,W0296,1,1,0.963676,0.036324
RandomForest,fold_aware,2,32,W0297,1,1,0.986815,0.013185
RandomForest,fold_aware,2,32,W0298,1,1,0.976927,0.023073
RandomForest,fold_aware,2,32,W0299,1,1,0.994724,0.005276
RandomForest,fold_aware,2,32,W0300,1,1,0.939452,0.060548
RandomForest,fold_aware,2,32,W0301,1,1,0.972947,0.027053
RandomForest,fold_aware,2,32,W0302,1,1,0.989354,0.010646
RandomForest,fold_aware,2,32,W0303,1,1,0.994410,0.005590
RandomForest,fold_aware,2,32,W0304,1,1,0.988013,0.011987
RandomForest,fold_aware,2,32,W0305,1,1,0.992835,0.007165
RandomForest,fold_aware,2,32,W0306,1,1,0.986697,0.013303
RandomForest,fold_aware,2,32,W0307,1,1,0.978382,0.021618
RandomForest,fold_aware,2,32,W0308,1,1,1.000000,0.000000
RandomForest,fold_aware,2,32,W0309,1,1,0.987658,0.012342
RandomForest,fold_aware,2,32,W0310,1,1,0.990840,0.009160
RandomForest,fold_aware,2,32,W0311,1,1,0.979028,0.020972
RandomForest,fold_aware,2,32,W0312,1,1,0.983462,0.016538
RandomForest,fold_aware,2,32,W0313,1,1,0.978955,0.021045
RandomForest,fold_aware,2,32,W0314,1,1,0.988953,0.011047
RandomForest,fold_aware,2,32,W0315,1,1,0.993149,0.006851
RandomForest,fold_aware,2,32,W0316,1,1,0.990019,0.009981
RandomForest,fold_aware,2,32,W0317,1,1,0.976495,0.023505
RandomForest,fold_aware,2,32,W0318,1,1,0.990332,0.009668
RandomForest,fold_aware,2,32,W0319,1,1,0.985072,0.014928
RandomForest,fold_aware,2,32,W0320,1,1,0.997259,0.002741
RandomForest,fold_aware,2,32,W0321,1,1,0.998630,0.001370
RandomForest,fold_aware,2,32,W0322,1,1,0.995939,0.004061
RandomForest,fold_aware,2,32,W0323,1,1,0.996116,0.003884
RandomForest,fold_aware,2,32,W0324,1,1,0.996116,0.003884
RandomForest,fold_aware,2,32,W0325,1,1,0.995629,0.004371
RandomForest,fold_aware,2,32,W0326,1,1,1.000000,0.000000
RandomForest,fold_aware,2,32,W0327,1,1,0.996116,0.003884
RandomForest,fold_aware,2,32,W0328,1,1,0.992390,0.007610
RandomForest,fold_aware,2,32,W0329,1,1,0.997173,0.002827
RandomForest,fold_aware,2,32,W0330,1,1,1.000000,0.000000
XGBoost,fold_aware,2,32,W0289,1,1,0.999250,0.000750
XGBoost,fold_aware,2,32,W0290,1,1,0.999830,0.000170
XGBoost,fold_aware,2,32,W0291,1,1,0.999493,0.000507
XGBoost,fold_aware,2,32,W0292,1,1,0.998632,0.001368
XGBoost,fold_aware,2,32,W0293,1,1,0.999011,0.000989
XGBoost,fold_aware,2,32,W0294,1,1,0.998609,0.001391
XGBoost,fold_aware,2,32,W0295,1,1,0.996259,0.003741
XGBoost,fold_aware,2,32,W0296,1,1,0.997071,0.002929
XGBoost,fold_aware,2,32,W0297,1,1,0.998542,0.001458
XGBoost,fold_aware,2,32,W0298,1,1,0.998674,0.001326
XGBoost,fold_aware,2,32,W0299,1,1,0.999529,0.000471
XGBoost,fold_aware,2,32,W0300,1,1,0.994119,0.005881
XGBoost,fold_aware,2,32,W0301,1,1,0.996180,0.003820
XGBoost,fold_aware,2,32,W0302,1,1,0.998755,0.001245
XGBoost,fold_aware,2,32,W0303,1,1,0.991450,0.008550
XGBoost,fold_aware,2,32,W0304,1,1,0.993696,0.006304
XGBoost,fold_aware,2,32,W0305,1,1,0.999290,0.000710
XGBoost,fold_aware,2,32,W0306,1,1,0.997767,0.002233
XGBoost,fold_aware,2,32,W0307,1,1,0.998688,0.001312
XGBoost,fold_aware,2,32,W0308,1,1,0.999519,0.000481
XGBoost,fold_aware,2,32,W0309,1,1,0.997219,0.002781
XGBoost,fold_aware,2,32,W0310,1,1,0.996687,0.003313
XGBoost,fold_aware,2,32,W0311,1,1,0.998464,0.001536
XGBoost,fold_aware,2,32,W0312,1,1,0.999292,0.000708
XGBoost,fold_aware,2,32,W0313,1,1,0.997970,0.002030
XGBoost,fold_aware,2,32,W0314,1,1,0.999593,0.000407
XGBoost,fold_aware,2,32,W0315,1,1,0.997977,0.002023
XGBoost,fold_aware,2,32,W0316,1,1,0.999212,0.000788
XGBoost,fold_aware,2,32,W0317,1,1,0.993522,0.006478
XGBoost,fold_aware,2,32,W0318,1,1,0.997349,0.002651
XGBoost,fold_aware,2,32,W0319,1,1,0.999816,0.000184
XGBoost,fold_aware,2,32,W0320,1,1,0.999889,0.000111
XGBoost,fold_aware,2,32,W0321,1,1,0.999913,0.000087
XGBoost,fold_aware,2,32,W0322,1,1,0.999874,0.000126
XGBoost,fold_aware,2,32,W0323,1,1,0.997246,0.002754
XGBoost,fold_aware,2,32,W0324,1,1,0.998070,0.001930
XGBoost,fold_aware,2,32,W0325,1,1,0.996883,0.003117
XGBoost,fold_aware,2,32,W0326,1,1,0.999781,0.000219
XGBoost,fold_aware,2,32,W0327,1,1,0.999911,0.000089
XGBoost,fold_aware,2,32,W0328,1,1,0.999676,0.000324
XGBoost,fold_aware,2,32,W0329,1,1,0.999206,0.000794
XGBoost,fold_aware,2,32,W0330,1,1,0.999797,0.000203
MLP_NeuralNet,fold_aware,2,32,W0289,1,1,0.977251,0.022749
MLP_NeuralNet,fold_aware,2,32,W0290,1,1,0.996164,0.003836
MLP_NeuralNet,fold_aware,2,32,W0291,1,1,0.998442,0.001558
MLP_NeuralNet,fold_aware,2,32,W0292,1,1,0.988949,0.011051
MLP_NeuralNet,fold_aware,2,32,W0293,1,1,0.990358,0.009642
MLP_NeuralNet,fold_aware,2,32,W0294,1,1,0.977643,0.022357
MLP_NeuralNet,fold_aware,2,32,W0295,1,1,0.995735,0.004265
MLP_NeuralNet,fold_aware,2,32,W0296,1,1,0.995812,0.004188
MLP_NeuralNet,fold_aware,2,32,W0297,1,1,0.971625,0.028375
MLP_NeuralNet,fold_aware,2,32,W0298,1,1,0.988630,0.011370
MLP_NeuralNet,fold_aware,2,32,W0299,1,1,0.974098,0.025902
MLP_NeuralNet,fold_aware,2,32,W0300,1,1,0.987884,0.012116
MLP_NeuralNet,fold_aware,2,32,W0301,1,1,0.898458,0.101542
MLP_NeuralNet,fold_aware,2,32,W0302,1,1,0.989547,0.010453
MLP_NeuralNet,fold_aware,2,32,W0303,1,1,0.998436,0.001564
MLP_NeuralNet,fold_aware,2,32,W0304,1,1,0.987091,0.012909
MLP_NeuralNet,fold_aware,2,32,W0305,1,1,0.992557,0.007443
MLP_NeuralNet,fold_aware,2,32,W0306,1,1,0.975940,0.024060
MLP_NeuralNet,fold_aware,2,32,W0307,1,1,0.996710,0.003290
MLP_NeuralNet,fold_aware,2,32,W0308,1,1,0.996379,0.003621
MLP_NeuralNet,fold_aware,2,32,W0309,1,1,0.975816,0.024184
MLP_NeuralNet,fold_aware,2,32,W0310,1,1,0.985867,0.014133
MLP_NeuralNet,fold_aware,2,32,W0311,1,1,0.996664,0.003336
MLP_NeuralNet,fold_aware,2,32,W0312,1,1,0.971673,0.028327
MLP_NeuralNet,fold_aware,2,32,W0313,1,1,0.978987,0.021013
MLP_NeuralNet,fold_aware,2,32,W0314,1,1,0.998379,0.001621
MLP_NeuralNet,fold_aware,2,32,W0315,1,1,0.998956,0.001044
MLP_NeuralNet,fold_aware,2,32,W0316,1,1,0.998558,0.001442
MLP_NeuralNet,fold_aware,2,32,W0317,1,1,0.994254,0.005746
MLP_NeuralNet,fold_aware,2,32,W0318,1,1,0.995701,0.004299
MLP_NeuralNet,fold_aware,2,32,W0319,1,1,0.997120,0.002880
MLP_NeuralNet,fold_aware,2,32,W0320,1,1,0.996559,0.003441
MLP_NeuralNet,fold_aware,2,32,W0321,1,1,0.998004,0.001996
MLP_NeuralNet,fold_aware,2,32,W0322,1,1,0.996973,0.003027
MLP_NeuralNet,fold_aware,2,32,W0323,1,1,0.911902,0.088098
MLP_NeuralNet,fold_aware,2,32,W0324,1,1,0.936795,0.063205
MLP_NeuralNet,fold_aware,2,32,W0325,1,1,0.981032,0.018968
MLP_NeuralNet,fold_aware,2,32,W0326,1,1,0.997717,0.002283
MLP_NeuralNet,fold_aware,2,32,W0327,1,1,0.999098,0.000902
MLP_NeuralNet,fold_aware,2,32,W0328,1,1,0.997370,0.002630
MLP_NeuralNet,fold_aware,2,32,W0329,1,1,0.998350,0.001650
MLP_NeuralNet,fold_aware,2,32,W0330,1,1,0.997202,0.002798
LogisticRegression,none,3,34,W0331,1,1,0.987694,0.012306
LogisticRegression,none,3,34,W0332,1,1,0.974009,0.025991
LogisticRegression,none,3,34,W0333,1,1,0.979300,0.020700
LogisticRegression,none,3,34,W0334,1,1,0.989925,0.010075
LogisticRegression,none,3,34,W0335,1,1,0.990321,0.009679
LogisticRegression,none,3,34,W0336,1,1,0.985475,0.014525
LogisticRegression,none,3,34,W0337,1,1,0.981233,0.018767
LogisticRegression,none,3,34,W0338,1,1,0.985494,0.014506
LogisticRegression,none,3,34,W0339,1,1,0.991226,0.008774
LogisticRegression,none,3,34,W0340,1,1,0.986271,0.013729
LogisticRegression,none,3,34,W0341,1,1,0.990938,0.009062
LogisticRegression,none,3,34,W0342,1,1,0.982602,0.017398
LogisticRegression,none,3,34,W0343,1,1,0.980083,0.019917
LogisticRegression,none,3,34,W0344,1,1,0.983906,0.016094
LogisticRegression,none,3,34,W0345,1,1,0.974701,0.025299
LogisticRegression,none,3,34,W0346,1,1,0.982921,0.017079
LogisticRegression,none,3,34,W0347,1,1,0.991642,0.008358
LogisticRegression,none,3,34,W0348,1,1,0.972804,0.027196
LogisticRegression,none,3,34,W0349,1,1,0.959902,0.040098
LogisticRegression,none,3,34,W0350,1,1,0.950688,0.049312
LogisticRegression,none,3,34,W0351,1,1,0.968155,0.031845
LogisticRegression,none,3,34,W0352,1,1,0.985010,0.014990
LogisticRegression,none,3,34,W0353,0,1,0.946143,0.053857
LogisticRegression,none,3,34,W0354,0,1,0.919432,0.080568
LogisticRegression,none,3,34,W0355,0,1,0.618838,0.381162
LogisticRegression,none,3,34,W0356,1,0,0.062599,0.937401
LogisticRegression,none,3,34,W0357,0,1,0.512105,0.487895
LogisticRegression,none,3,34,W0358,1,1,0.939968,0.060032
LogisticRegression,none,3,34,W0359,1,1,0.881654,0.118346
LogisticRegression,none,3,34,W0360,1,1,0.979672,0.020328
LogisticRegression,none,3,34,W0361,1,1,0.973052,0.026948
LogisticRegression,none,3,34,W0362,1,1,0.983494,0.016506
LogisticRegression,none,3,34,W0363,1,1,0.967176,0.032824
LogisticRegression,none,3,34,W0364,0,1,0.963131,0.036869
LogisticRegression,none,3,34,W0365,0,1,0.818898,0.181102
LogisticRegression,none,3,34,W0366,0,0,0.000000,1.000000
LogisticRegression,none,3,34,W0367,0,0,0.000000,1.000000
LogisticRegression,none,3,34,W0368,0,0,0.000000,1.000000
LogisticRegression,none,3,34,W0369,0,0,0.000000,1.000000
LogisticRegression,none,3,34,W0370,0,0,0.000000,1.000000
LogisticRegression,none,3,34,W0371,0,0,0.000000,1.000000
LogisticRegression,none,3,34,W0372,0,0,0.000000,1.000000
LogisticRegression,none,3,34,W0373,0,0,0.000000,1.000000
LogisticRegression,none,3,34,W0374,0,0,0.000000,1.000000
LogisticRegression,none,3,34,W0375,0,0,0.000000,1.000000
LogisticRegression,none,3,34,W0376,0,0,0.000016,0.999984
LogisticRegression,none,3,34,W0377,0,0,0.000178,0.999822
LogisticRegression,none,3,34,W0378,0,0,0.005012,0.994988
LogisticRegression,none,3,34,W0379,0,0,0.000211,0.999789
LogisticRegression,none,3,34,W0380,0,0,0.000253,0.999747
LogisticRegression,none,3,34,W0381,0,0,0.000729,0.999271
SVM_RBF,none,3,34,W0331,1,1,0.992340,0.007660
SVM_RBF,none,3,34,W0332,1,1,0.991630,0.008370
SVM_RBF,none,3,34,W0333,1,1,0.989724,0.010276
SVM_RBF,none,3,34,W0334,1,1,0.984392,0.015608
SVM_RBF,none,3,34,W0335,1,1,0.986154,0.013846
SVM_RBF,none,3,34,W0336,1,1,0.989558,0.010442
SVM_RBF,none,3,34,W0337,1,1,0.989249,0.010751
SVM_RBF,none,3,34,W0338,1,1,0.991175,0.008825
SVM_RBF,none,3,34,W0339,1,1,0.992307,0.007693
SVM_RBF,none,3,34,W0340,1,1,0.989443,0.010557
SVM_RBF,none,3,34,W0341,1,1,0.990257,0.009743
SVM_RBF,none,3,34,W0342,1,1,0.992311,0.007689
SVM_RBF,none,3,34,W0343,1,1,0.992021,0.007979
SVM_RBF,none,3,34,W0344,1,1,0.992027,0.007973
SVM_RBF,none,3,34,W0345,1,1,0.991852,0.008148
SVM_RBF,none,3,34,W0346,1,1,0.989967,0.010033
SVM_RBF,none,3,34,W0347,1,1,0.986992,0.013008
SVM_RBF,none,3,34,W0348,1,1,0.982499,0.017501
SVM_RBF,none,3,34,W0349,1,1,0.985924,0.014076
SVM_RBF,none,3,34,W0350,1,1,0.981990,0.018010
SVM_RBF,none,3,34,W0351,1,1,0.986675,0.013325
SVM_RBF,none,3,34,W0352,1,1,0.990221,0.009779
SVM_RBF,none,3,34,W0353,0,1,0.952125,0.047875
SVM_RBF,none,3,34,W0354,0,1,0.938609,0.061391
SVM_RBF,none,3,34,W0355,0,1,0.931579,0.068421
SVM_RBF,none,3,34,W0356,1,0,0.603123,0.396877
SVM_RBF,none,3,34,W0357,0,1,0.912342,0.087658
SVM_RBF,none,3,34,W0358,1,1,0.948801,0.051199
SVM_RBF,none,3,34,W0359,1,1,0.868372,0.131628
SVM_RBF,none,3,34,W0360,1,1,0.975563,0.024437
SVM_RBF,none,3,34,W0361,1,1,0.980987,0.019013
SVM_RBF,none,3,34,W0362,1,1,0.988297,0.011703
SVM_RBF,none,3,34,W0363,1,1,0.984268,0.015732
SVM_RBF,none,3,34,W0364,0,1,0.985335,0.014665
SVM_RBF,none,3,34,W0365,0,1,0.966095,0.033905
SVM_RBF,none,3,34,W0366,0,0,0.230155,0.769845
SVM_RBF,none,3,34,W0367,0,0,0.230155,0.769845
SVM_RBF,none,3,34,W0368,0,0,0.230155,0.769845
SVM_RBF,none,3,34,W0369,0,0,0.230155,0.769845
SVM_RBF,none,3,34,W0370,0,0,0.230155,0.769845
SVM_RBF,none,3,34,W0371,0,0,0.230154,0.769846
SVM_RBF,none,3,34,W0372,0,0,0.230133,0.769867
SVM_RBF,none,3,34,W0373,0,0,0.230079,0.769921
SVM_RBF,none,3,34,W0374,0,0,0.229897,0.770103
SVM_RBF,none,3,34,W0375,0,0,0.229707,0.770293
SVM_RBF,none,3,34,W0376,0,0,0.229682,0.770318
SVM_RBF,none,3,34,W0377,0,0,0.229452,0.770548
SVM_RBF,none,3,34,W0378,0,0,0.229460,0.770540
SVM_RBF,none,3,34,W0379,0,0,0.229770,0.770230
SVM_RBF,none,3,34,W0380,0,0,0.230148,0.769852
SVM_RBF,none,3,34,W0381,0,0,0.229950,0.770050
RandomForest,none,3,34,W0331,1,1,0.995139,0.004861
RandomForest,none,3,34,W0332,1,1,0.996667,0.003333
RandomForest,none,3,34,W0333,1,1,0.971144,0.028856
RandomForest,none,3,34,W0334,1,1,0.879893,0.120107
RandomForest,none,3,34,W0335,1,1,0.995657,0.004343
RandomForest,none,3,34,W0336,1,1,0.983230,0.016770
RandomForest,none,3,34,W0337,1,1,0.986560,0.013440
RandomForest,none,3,34,W0338,1,1,1.000000,0.000000
RandomForest,none,3,34,W0339,1,1,1.000000,0.000000
RandomForest,none,3,34,W0340,1,1,0.998087,0.001913
RandomForest,none,3,34,W0341,1,1,1.000000,0.000000
RandomForest,none,3,34,W0342,1,1,1.000000,0.000000
RandomForest,none,3,34,W0343,1,1,1.000000,0.000000
RandomForest,none,3,34,W0344,1,1,1.000000,0.000000
RandomForest,none,3,34,W0345,1,1,1.000000,0.000000
RandomForest,none,3,34,W0346,1,1,0.993995,0.006005
RandomForest,none,3,34,W0347,1,1,1.000000,0.000000
RandomForest,none,3,34,W0348,1,1,0.952787,0.047213
RandomForest,none,3,34,W0349,1,1,0.978843,0.021157
RandomForest,none,3,34,W0350,1,1,0.976169,0.023831
RandomForest,none,3,34,W0351,1,1,0.991186,0.008814
RandomForest,none,3,34,W0352,1,1,1.000000,0.000000
RandomForest,none,3,34,W0353,0,0,0.200310,0.799690
RandomForest,none,3,34,W0354,0,0,0.159244,0.840756
RandomForest,none,3,34,W0355,0,0,0.075781,0.924219
RandomForest,none,3,34,W0356,1,0,0.029296,0.970704
RandomForest,none,3,34,W0357,0,0,0.056231,0.943769
RandomForest,none,3,34,W0358,1,0,0.289239,0.710761
RandomForest,none,3,34,W0359,1,0,0.033468,0.966532
RandomForest,none,3,34,W0360,1,1,0.937861,0.062139
RandomForest,none,3,34,W0361,1,1,0.942775,0.057225
RandomForest,none,3,34,W0362,1,1,0.990398,0.009602
RandomForest,none,3,34,W0363,1,1,0.973496,0.026504
RandomForest,none,3,34,W0364,0,1,0.978631,0.021369
RandomForest,none,3,34,W0365,0,1,0.919129,0.080871
RandomForest,none,3,34,W0366,0,0,0.132446,0.867554
RandomForest,none,3,34,W0367,0,0,0.074070,0.925930
RandomForest,none,3,34,W0368,0,0,0.070012,0.929988
RandomForest,none,3,34,W0369,0,0,0.093657,0.906343
RandomForest,none,3,34,W0370,0,0,0.105078,0.894922
RandomForest,none,3,34,W0371,0,0,0.096329,0.903671
RandomForest,none,3,34,W0372,0,0,0.100565,0.899435
RandomForest,none,3,34,W0373,0,0,0.084802,0.915198
RandomForest,none,3,34,W0374,0,0,0.085043,0.914957
RandomForest,none,3,34,W0375,0,0,0.075389,0.924611
RandomForest,none,3,34,W0376,0,0,0.062326,0.937674
RandomForest,none,3,34,W0377,0,0,0.094032,0.905968
RandomForest,none,3,34,W0378,0,0,0.054334,0.945666
RandomForest,none,3,34,W0379,0,0,0.063340,0.936660
RandomForest,none,3,34,W0380,0,0,0.063862,0.936138
RandomForest,none,3,34,W0381,0,0,0.064764,0.935236
XGBoost,none,3,34,W0331,1,1,0.999522,0.000478
XGBoost,none,3,34,W0332,1,1,0.999470,0.000530
XGBoost,none,3,34,W0333,1,1,0.997058,0.002942
XGBoost,none,3,34,W0334,1,1,0.997649,0.002351
XGBoost,none,3,34,W0335,1,1,0.999325,0.000675
XGBoost,none,3,34,W0336,1,1,0.999616,0.000384
XGBoost,none,3,34,W0337,1,1,0.999779,0.000221
XGBoost,none,3,34,W0338,1,1,0.999728,0.000272
XGBoost,none,3,34,W0339,1,1,0.999816,0.000184
XGBoost,none,3,34,W0340,1,1,0.999706,0.000294
XGBoost,none,3,34,W0341,1,1,0.999658,0.000342
XGBoost,none,3,34,W0342,1,1,0.999338,0.000662
XGBoost,none,3,34,W0343,1,1,0.999568,0.000432
XGBoost,none,3,34,W0344,1,1,0.999479,0.000521
XGBoost,none,3,34,W0345,1,1,0.999454,0.000546
XGBoost,none,3,34,W0346,1,1,0.998980,0.001020
XGBoost,none,3,34,W0347,1,1,0.999681,0.000319
XGBoost,none,3,34,W0348,1,1,0.987808,0.012192
XGBoost,none,3,34,W0349,1,1,0.993859,0.006141
XGBoost,none,3,34,W0350,1,1,0.997833,0.002167
XGBoost,none,3,34,W0351,1,1,0.998983,0.001017
XGBoost,none,3,34,W0352,1,1,0.999746,0.000254
XGBoost,none,3,34,W0353,0,0,0.206214,0.793787
XGBoost,none,3,34,W0354,0,0,0.127234,0.872766
XGBoost,none,3,34,W0355,0,0,0.064301,0.935699
XGBoost,none,3,34,W0356,1,0,0.024151,0.975849
XGBoost,none,3,34,W0357,0,0,0.044058,0.955942
XGBoost,none,3,34,W0358,1,1,0.691372,0.308628
XGBoost,none,3,34,W0359,1,0,0.106365,0.893635
XGBoost,none,3,34,W0360,1,1,0.995076,0.004924
XGBoost,none,3,34,W0361,1,1,0.998296,0.001704
XGBoost,none,3,34,W0362,1,1,0.999026,0.000974
XGBoost,none,3,34,W0363,1,1,0.998510,0.001490
XGBoost,none,3,34,W0364,0,1,0.999624,0.000376
XGBoost,none,3,34,W0365,0,1,0.998691,0.001309
XGBoost,none,3,34,W0366,0,0,0.014384,0.985616
XGBoost,none,3,34,W0367,0,0,0.005399,0.994601
XGBoost,none,3,34,W0368,0,0,0.006879,0.993121
XGBoost,none,3,34,W0369,0,0,0.006344,0.993656
XGBoost,none,3,34,W0370,0,0,0.006879,0.993121
XGBoost,none,3,34,W0371,0,0,0.006879,0.993121
XGBoost,none,3,34,W0372,0,0,0.007114,0.992886
XGBoost,none,3,34,W0373,0,0,0.005989,0.994011
XGBoost,none,3,34,W0374,0,0,0.005959,0.994041
XGBoost,none,3,34,W0375,0,0,0.008898,0.991102
XGBoost,none,3,34,W0376,0,0,0.002753,0.997247
XGBoost,none,3,34,W0377,0,0,0.003397,0.996603
XGBoost,none,3,34,W0378,0,0,0.005040,0.994960
XGBoost,none,3,34,W0379,0,0,0.003712,0.996288
XGBoost,none,3,34,W0380,0,0,0.001608,0.998392
XGBoost,none,3,34,W0381,0,0,0.001687,0.998313
MLP_NeuralNet,none,3,34,W0331,1,1,0.942946,0.057054
MLP_NeuralNet,none,3,34,W0332,1,1,0.937598,0.062402
MLP_NeuralNet,none,3,34,W0333,1,1,0.936451,0.063549
MLP_NeuralNet,none,3,34,W0334,1,1,0.925676,0.074324
MLP_NeuralNet,none,3,34,W0335,1,1,0.930203,0.069797
MLP_NeuralNet,none,3,34,W0336,1,1,0.918648,0.081352
MLP_NeuralNet,none,3,34,W0337,1,1,0.915104,0.084896
MLP_NeuralNet,none,3,34,W0338,1,1,0.940770,0.059230
MLP_NeuralNet,none,3,34,W0339,1,1,0.943947,0.056053
MLP_NeuralNet,none,3,34,W0340,1,1,0.939426,0.060574
MLP_NeuralNet,none,3,34,W0341,1,1,0.945632,0.054368
MLP_NeuralNet,none,3,34,W0342,1,1,0.945625,0.054375
MLP_NeuralNet,none,3,34,W0343,1,1,0.946506,0.053494
MLP_NeuralNet,none,3,34,W0344,1,1,0.944743,0.055257
MLP_NeuralNet,none,3,34,W0345,1,1,0.934393,0.065607
MLP_NeuralNet,none,3,34,W0346,1,1,0.919926,0.080074
MLP_NeuralNet,none,3,34,W0347,1,1,0.930614,0.069386
MLP_NeuralNet,none,3,34,W0348,1,1,0.880393,0.119607
MLP_NeuralNet,none,3,34,W0349,1,1,0.882675,0.117325
MLP_NeuralNet,none,3,34,W0350,1,1,0.904120,0.095880
MLP_NeuralNet,none,3,34,W0351,1,1,0.905843,0.094157
MLP_NeuralNet,none,3,34,W0352,1,1,0.934899,0.065101
MLP_NeuralNet,none,3,34,W0353,0,1,0.847333,0.152667
MLP_NeuralNet,none,3,34,W0354,0,1,0.877688,0.122312
MLP_NeuralNet,none,3,34,W0355,0,1,0.713483,0.286517
MLP_NeuralNet,none,3,34,W0356,1,0,0.366836,0.633164
MLP_NeuralNet,none,3,34,W0357,0,1,0.665551,0.334449
MLP_NeuralNet,none,3,34,W0358,1,1,0.863949,0.136051
MLP_NeuralNet,none,3,34,W0359,1,1,0.795389,0.204611
MLP_NeuralNet,none,3,34,W0360,1,1,0.892028,0.107972
MLP_NeuralNet,none,3,34,W0361,1,1,0.867049,0.132951
MLP_NeuralNet,none,3,34,W0362,1,1,0.914562,0.085438
MLP_NeuralNet,none,3,34,W0363,1,1,0.900868,0.099132
MLP_NeuralNet,none,3,34,W0364,0,1,0.920974,0.079026
MLP_NeuralNet,none,3,34,W0365,0,1,0.911443,0.088557
MLP_NeuralNet,none,3,34,W0366,0,0,0.000004,0.999996
MLP_NeuralNet,none,3,34,W0367,0,0,0.000000,1.000000
MLP_NeuralNet,none,3,34,W0368,0,0,0.000000,1.000000
MLP_NeuralNet,none,3,34,W0369,0,0,0.000000,1.000000
MLP_NeuralNet,none,3,34,W0370,0,0,0.000000,1.000000
MLP_NeuralNet,none,3,34,W0371,0,0,0.000002,0.999998
MLP_NeuralNet,none,3,34,W0372,0,0,0.000024,0.999976
MLP_NeuralNet,none,3,34,W0373,0,0,0.000286,0.999714
MLP_NeuralNet,none,3,34,W0374,0,0,0.001532,0.998468
MLP_NeuralNet,none,3,34,W0375,0,0,0.003688,0.996312
MLP_NeuralNet,none,3,34,W0376,0,0,0.011642,0.988358
MLP_NeuralNet,none,3,34,W0377,0,0,0.035101,0.964899
MLP_NeuralNet,none,3,34,W0378,0,0,0.158462,0.841538
MLP_NeuralNet,none,3,34,W0379,0,0,0.065803,0.934197
MLP_NeuralNet,none,3,34,W0380,0,0,0.007446,0.992554
MLP_NeuralNet,none,3,34,W0381,0,0,0.059044,0.940956
LogisticRegression,pooled_global,3,34,W0331,1,1,0.994854,0.005146
LogisticRegression,pooled_global,3,34,W0332,1,1,0.990081,0.009919
LogisticRegression,pooled_global,3,34,W0333,1,1,0.991544,0.008456
LogisticRegression,pooled_global,3,34,W0334,1,1,0.993856,0.006144
LogisticRegression,pooled_global,3,34,W0335,1,1,0.995944,0.004056
LogisticRegression,pooled_global,3,34,W0336,1,1,0.992800,0.007200
LogisticRegression,pooled_global,3,34,W0337,1,1,0.991973,0.008027
LogisticRegression,pooled_global,3,34,W0338,1,1,0.995848,0.004152
LogisticRegression,pooled_global,3,34,W0339,1,1,0.996700,0.003300
LogisticRegression,pooled_global,3,34,W0340,1,1,0.994248,0.005752
LogisticRegression,pooled_global,3,34,W0341,1,1,0.996127,0.003873
LogisticRegression,pooled_global,3,34,W0342,1,1,0.992637,0.007363
LogisticRegression,pooled_global,3,34,W0343,1,1,0.992633,0.007367
LogisticRegression,pooled_global,3,34,W0344,1,1,0.995231,0.004769
LogisticRegression,pooled_global,3,34,W0345,1,1,0.992199,0.007801
LogisticRegression,pooled_global,3,34,W0346,1,1,0.988294,0.011706
LogisticRegression,pooled_global,3,34,W0347,1,1,0.997003,0.002997
LogisticRegression,pooled_global,3,34,W0348,1,1,0.986076,0.013924
LogisticRegression,pooled_global,3,34,W0349,1,1,0.983119,0.016881
LogisticRegression,pooled_global,3,34,W0350,1,1,0.976043,0.023957
LogisticRegression,pooled_global,3,34,W0351,1,1,0.983637,0.016363
LogisticRegression,pooled_global,3,34,W0352,1,1,0.995799,0.004201
LogisticRegression,pooled_global,3,34,W0353,0,1,0.937778,0.062222
LogisticRegression,pooled_global,3,34,W0354,0,1,0.946063,0.053937
LogisticRegression,pooled_global,3,34,W0355,0,1,0.751322,0.248678
LogisticRegression,pooled_global,3,34,W0356,1,0,0.036259,0.963741
LogisticRegression,pooled_global,3,34,W0357,0,1,0.682187,0.317813
LogisticRegression,pooled_global,3,34,W0358,1,1,0.932156,0.067844
LogisticRegression,pooled_global,3,34,W0359,1,1,0.732658,0.267342
LogisticRegression,pooled_global,3,34,W0360,1,1,0.984925,0.015075
LogisticRegression,pooled_global,3,34,W0361,1,1,0.977646,0.022354
LogisticRegression,pooled_global,3,34,W0362,1,1,0.990602,0.009398
LogisticRegression,pooled_global,3,34,W0363,1,1,0.975952,0.024048
LogisticRegression,pooled_global,3,34,W0364,0,1,0.989968,0.010032
LogisticRegression,pooled_global,3,34,W0365,0,1,0.960376,0.039624
LogisticRegression,pooled_global,3,34,W0366,0,0,0.000000,1.000000
LogisticRegression,pooled_global,3,34,W0367,0,0,0.000000,1.000000
LogisticRegression,pooled_global,3,34,W0368,0,0,0.000000,1.000000
LogisticRegression,pooled_global,3,34,W0369,0,0,0.000000,1.000000
LogisticRegression,pooled_global,3,34,W0370,0,0,0.000000,1.000000
LogisticRegression,pooled_global,3,34,W0371,0,0,0.000000,1.000000
LogisticRegression,pooled_global,3,34,W0372,0,0,0.000000,1.000000
LogisticRegression,pooled_global,3,34,W0373,0,0,0.000000,1.000000
LogisticRegression,pooled_global,3,34,W0374,0,0,0.000000,1.000000
LogisticRegression,pooled_global,3,34,W0375,0,0,0.000000,1.000000
LogisticRegression,pooled_global,3,34,W0376,0,0,0.000000,1.000000
LogisticRegression,pooled_global,3,34,W0377,0,0,0.000000,1.000000
LogisticRegression,pooled_global,3,34,W0378,0,0,0.000017,0.999983
LogisticRegression,pooled_global,3,34,W0379,0,0,0.000023,0.999977
LogisticRegression,pooled_global,3,34,W0380,0,0,0.000001,0.999999
LogisticRegression,pooled_global,3,34,W0381,0,0,0.000013,0.999987
SVM_RBF,pooled_global,3,34,W0331,1,1,0.997140,0.002860
SVM_RBF,pooled_global,3,34,W0332,1,1,0.995188,0.004812
SVM_RBF,pooled_global,3,34,W0333,1,1,0.994797,0.005203
SVM_RBF,pooled_global,3,34,W0334,1,1,0.995314,0.004686
SVM_RBF,pooled_global,3,34,W0335,1,1,0.995575,0.004425
SVM_RBF,pooled_global,3,34,W0336,1,1,0.994787,0.005213
SVM_RBF,pooled_global,3,34,W0337,1,1,0.995679,0.004321
SVM_RBF,pooled_global,3,34,W0338,1,1,0.997108,0.002892
SVM_RBF,pooled_global,3,34,W0339,1,1,0.996835,0.003165
SVM_RBF,pooled_global,3,34,W0340,1,1,0.994942,0.005058
SVM_RBF,pooled_global,3,34,W0341,1,1,0.996406,0.003594
SVM_RBF,pooled_global,3,34,W0342,1,1,0.995393,0.004607
SVM_RBF,pooled_global,3,34,W0343,1,1,0.995699,0.004301
SVM_RBF,pooled_global,3,34,W0344,1,1,0.997317,0.002683
SVM_RBF,pooled_global,3,34,W0345,1,1,0.996188,0.003812
SVM_RBF,pooled_global,3,34,W0346,1,1,0.993179,0.006821
SVM_RBF,pooled_global,3,34,W0347,1,1,0.997059,0.002941
SVM_RBF,pooled_global,3,34,W0348,1,1,0.989494,0.010506
SVM_RBF,pooled_global,3,34,W0349,1,1,0.988673,0.011327
SVM_RBF,pooled_global,3,34,W0350,1,1,0.981031,0.018969
SVM_RBF,pooled_global,3,34,W0351,1,1,0.990229,0.009771
SVM_RBF,pooled_global,3,34,W0352,1,1,0.996214,0.003786
SVM_RBF,pooled_global,3,34,W0353,0,1,0.891440,0.108560
SVM_RBF,pooled_global,3,34,W0354,0,1,0.915986,0.084014
SVM_RBF,pooled_global,3,34,W0355,0,1,0.874718,0.125282
SVM_RBF,pooled_global,3,34,W0356,1,0,0.098937,0.901063
SVM_RBF,pooled_global,3,34,W0357,0,1,0.783146,0.216854
SVM_RBF,pooled_global,3,34,W0358,1,1,0.924520,0.075480
SVM_RBF,pooled_global,3,34,W0359,1,1,0.630614,0.369386
SVM_RBF,pooled_global,3,34,W0360,1,1,0.980303,0.019697
SVM_RBF,pooled_global,3,34,W0361,1,1,0.986227,0.013773
SVM_RBF,pooled_global,3,34,W0362,1,1,0.993914,0.006086
SVM_RBF,pooled_global,3,34,W0363,1,1,0.983956,0.016044
SVM_RBF,pooled_global,3,34,W0364,0,1,0.991245,0.008755
SVM_RBF,pooled_global,3,34,W0365,0,1,0.982929,0.017071
SVM_RBF,pooled_global,3,34,W0366,0,0,0.064013,0.935987
SVM_RBF,pooled_global,3,34,W0367,0,0,0.105737,0.894263
SVM_RBF,pooled_global,3,34,W0368,0,0,0.100979,0.899021
SVM_RBF,pooled_global,3,34,W0369,0,0,0.066398,0.933602
SVM_RBF,pooled_global,3,34,W0370,0,0,0.061747,0.938253
SVM_RBF,pooled_global,3,34,W0371,0,0,0.065736,0.934264
SVM_RBF,pooled_global,3,34,W0372,0,0,0.069461,0.930539
SVM_RBF,pooled_global,3,34,W0373,0,0,0.061194,0.938806
SVM_RBF,pooled_global,3,34,W0374,0,0,0.053064,0.946936
SVM_RBF,pooled_global,3,34,W0375,0,0,0.050332,0.949668
SVM_RBF,pooled_global,3,34,W0376,0,0,0.052594,0.947406
SVM_RBF,pooled_global,3,34,W0377,0,0,0.054664,0.945336
SVM_RBF,pooled_global,3,34,W0378,0,0,0.060367,0.939633
SVM_RBF,pooled_global,3,34,W0379,0,0,0.060552,0.939448
SVM_RBF,pooled_global,3,34,W0380,0,0,0.060222,0.939778
SVM_RBF,pooled_global,3,34,W0381,0,0,0.061671,0.938329
RandomForest,pooled_global,3,34,W0331,1,1,1.000000,0.000000
RandomForest,pooled_global,3,34,W0332,1,1,1.000000,0.000000
RandomForest,pooled_global,3,34,W0333,1,1,0.972969,0.027031
RandomForest,pooled_global,3,34,W0334,1,1,0.872731,0.127269
RandomForest,pooled_global,3,34,W0335,1,1,0.998014,0.001986
RandomForest,pooled_global,3,34,W0336,1,1,0.987578,0.012422
RandomForest,pooled_global,3,34,W0337,1,1,0.993538,0.006462
RandomForest,pooled_global,3,34,W0338,1,1,0.998901,0.001099
RandomForest,pooled_global,3,34,W0339,1,1,0.998901,0.001099
RandomForest,pooled_global,3,34,W0340,1,1,1.000000,0.000000
RandomForest,pooled_global,3,34,W0341,1,1,1.000000,0.000000
RandomForest,pooled_global,3,34,W0342,1,1,1.000000,0.000000
RandomForest,pooled_global,3,34,W0343,1,1,1.000000,0.000000
RandomForest,pooled_global,3,34,W0344,1,1,1.000000,0.000000
RandomForest,pooled_global,3,34,W0345,1,1,1.000000,0.000000
RandomForest,pooled_global,3,34,W0346,1,1,1.000000,0.000000
RandomForest,pooled_global,3,34,W0347,1,1,0.998014,0.001986
RandomForest,pooled_global,3,34,W0348,1,1,0.991620,0.008380
RandomForest,pooled_global,3,34,W0349,1,1,0.992695,0.007305
RandomForest,pooled_global,3,34,W0350,1,1,0.991279,0.008721
RandomForest,pooled_global,3,34,W0351,1,1,1.000000,0.000000
RandomForest,pooled_global,3,34,W0352,1,1,1.000000,0.000000
RandomForest,pooled_global,3,34,W0353,0,0,0.410671,0.589329
RandomForest,pooled_global,3,34,W0354,0,0,0.354502,0.645498
RandomForest,pooled_global,3,34,W0355,0,0,0.249416,0.750584
RandomForest,pooled_global,3,34,W0356,1,0,0.082868,0.917132
RandomForest,pooled_global,3,34,W0357,0,0,0.169668,0.830332
RandomForest,pooled_global,3,34,W0358,1,1,0.718086,0.281914
RandomForest,pooled_global,3,34,W0359,1,0,0.121893,0.878107
RandomForest,pooled_global,3,34,W0360,1,1,0.963836,0.036164
RandomForest,pooled_global,3,34,W0361,1,1,0.984307,0.015693
RandomForest,pooled_global,3,34,W0362,1,1,1.000000,0.000000
RandomForest,pooled_global,3,34,W0363,1,1,0.997511,0.002489
RandomForest,pooled_global,3,34,W0364,0,1,0.997704,0.002296
RandomForest,pooled_global,3,34,W0365,0,1,0.863220,0.136780
RandomForest,pooled_global,3,34,W0366,0,0,0.011595,0.988405
RandomForest,pooled_global,3,34,W0367,0,0,0.000000,1.000000
RandomForest,pooled_global,3,34,W0368,0,0,0.000000,1.000000
RandomForest,pooled_global,3,34,W0369,0,0,0.000000,1.000000
RandomForest,pooled_global,3,34,W0370,0,0,0.000000,1.000000
RandomForest,pooled_global,3,34,W0371,0,0,0.000000,1.000000
RandomForest,pooled_global,3,34,W0372,0,0,0.000000,1.000000
RandomForest,pooled_global,3,34,W0373,0,0,0.000000,1.000000
RandomForest,pooled_global,3,34,W0374,0,0,0.000000,1.000000
RandomForest,pooled_global,3,34,W0375,0,0,0.000000,1.000000
RandomForest,pooled_global,3,34,W0376,0,0,0.000000,1.000000
RandomForest,pooled_global,3,34,W0377,0,0,0.004680,0.995320
RandomForest,pooled_global,3,34,W0378,0,0,0.001347,0.998653
RandomForest,pooled_global,3,34,W0379,0,0,0.000000,1.000000
RandomForest,pooled_global,3,34,W0380,0,0,0.000000,1.000000
RandomForest,pooled_global,3,34,W0381,0,0,0.000000,1.000000
XGBoost,pooled_global,3,34,W0331,1,1,0.999692,0.000308
XGBoost,pooled_global,3,34,W0332,1,1,0.999786,0.000214
XGBoost,pooled_global,3,34,W0333,1,1,0.998246,0.001754
XGBoost,pooled_global,3,34,W0334,1,1,0.997554,0.002446
XGBoost,pooled_global,3,34,W0335,1,1,0.999574,0.000426
XGBoost,pooled_global,3,34,W0336,1,1,0.999872,0.000128
XGBoost,pooled_global,3,34,W0337,1,1,0.999726,0.000274
XGBoost,pooled_global,3,34,W0338,1,1,0.999792,0.000208
XGBoost,pooled_global,3,34,W0339,1,1,0.999881,0.000119
XGBoost,pooled_global,3,34,W0340,1,1,0.999859,0.000141
XGBoost,pooled_global,3,34,W0341,1,1,0.999814,0.000186
XGBoost,pooled_global,3,34,W0342,1,1,0.999780,0.000220
XGBoost,pooled_global,3,34,W0343,1,1,0.999766,0.000234
XGBoost,pooled_global,3,34,W0344,1,1,0.999824,0.000176
XGBoost,pooled_global,3,34,W0345,1,1,0.999783,0.000217
XGBoost,pooled_global,3,34,W0346,1,1,0.999607,0.000393
XGBoost,pooled_global,3,34,W0347,1,1,0.999850,0.000150
XGBoost,pooled_global,3,34,W0348,1,1,0.997610,0.002390
XGBoost,pooled_global,3,34,W0349,1,1,0.999025,0.000975
XGBoost,pooled_global,3,34,W0350,1,1,0.999161,0.000839
XGBoost,pooled_global,3,34,W0351,1,1,0.999363,0.000637
XGBoost,pooled_global,3,34,W0352,1,1,0.999930,0.000070
XGBoost,pooled_global,3,34,W0353,0,1,0.500519,0.499481
XGBoost,pooled_global,3,34,W0354,0,0,0.174363,0.825637
XGBoost,pooled_global,3,34,W0355,0,0,0.048618,0.951382
XGBoost,pooled_global,3,34,W0356,1,0,0.007868,0.992132
XGBoost,pooled_global,3,34,W0357,0,0,0.068260,0.931740
XGBoost,pooled_global,3,34,W0358,1,1,0.989879,0.010121
XGBoost,pooled_global,3,34,W0359,1,0,0.095031,0.904969
XGBoost,pooled_global,3,34,W0360,1,1,0.998837,0.001163
XGBoost,pooled_global,3,34,W0361,1,1,0.999538,0.000462
XGBoost,pooled_global,3,34,W0362,1,1,0.999790,0.000210
XGBoost,pooled_global,3,34,W0363,1,1,0.998463,0.001537
XGBoost,pooled_global,3,34,W0364,0,1,0.999865,0.000135
XGBoost,pooled_global,3,34,W0365,0,1,0.998393,0.001607
XGBoost,pooled_global,3,34,W0366,0,0,0.000690,0.999310
XGBoost,pooled_global,3,34,W0367,0,0,0.000226,0.999774
XGBoost,pooled_global,3,34,W0368,0,0,0.000226,0.999774
XGBoost,pooled_global,3,34,W0369,0,0,0.000245,0.999755
XGBoost,pooled_global,3,34,W0370,0,0,0.000254,0.999746
XGBoost,pooled_global,3,34,W0371,0,0,0.000254,0.999746
XGBoost,pooled_global,3,34,W0372,0,0,0.000245,0.999755
XGBoost,pooled_global,3,34,W0373,0,0,0.000237,0.999763
XGBoost,pooled_global,3,34,W0374,0,0,0.000229,0.999771
XGBoost,pooled_global,3,34,W0375,0,0,0.000241,0.999759
XGBoost,pooled_global,3,34,W0376,0,0,0.000218,0.999782
XGBoost,pooled_global,3,34,W0377,0,0,0.000263,0.999737
XGBoost,pooled_global,3,34,W0378,0,0,0.000467,0.999533
XGBoost,pooled_global,3,34,W0379,0,0,0.000421,0.999579
XGBoost,pooled_global,3,34,W0380,0,0,0.000184,0.999816
XGBoost,pooled_global,3,34,W0381,0,0,0.000194,0.999806
MLP_NeuralNet,pooled_global,3,34,W0331,1,1,0.999794,0.000206
MLP_NeuralNet,pooled_global,3,34,W0332,1,1,0.998859,0.001141
MLP_NeuralNet,pooled_global,3,34,W0333,1,1,0.995769,0.004231
MLP_NeuralNet,pooled_global,3,34,W0334,1,1,0.995964,0.004036
MLP_NeuralNet,pooled_global,3,34,W0335,1,1,0.997675,0.002325
MLP_NeuralNet,pooled_global,3,34,W0336,1,1,0.998148,0.001852
MLP_NeuralNet,pooled_global,3,34,W0337,1,1,0.999317,0.000683
MLP_NeuralNet,pooled_global,3,34,W0338,1,1,0.999646,0.000354
MLP_NeuralNet,pooled_global,3,34,W0339,1,1,0.999613,0.000387
MLP_NeuralNet,pooled_global,3,34,W0340,1,1,0.999389,0.000611
MLP_NeuralNet,pooled_global,3,34,W0341,1,1,0.999762,0.000238
MLP_NeuralNet,pooled_global,3,34,W0342,1,1,0.999023,0.000977
MLP_NeuralNet,pooled_global,3,34,W0343,1,1,0.999103,0.000897
MLP_NeuralNet,pooled_global,3,34,W0344,1,1,0.999813,0.000187
MLP_NeuralNet,pooled_global,3,34,W0345,1,1,0.999514,0.000486
MLP_NeuralNet,pooled_global,3,34,W0346,1,1,0.998412,0.001588
MLP_NeuralNet,pooled_global,3,34,W0347,1,1,0.999569,0.000431
MLP_NeuralNet,pooled_global,3,34,W0348,1,1,0.998027,0.001973
MLP_NeuralNet,pooled_global,3,34,W0349,1,1,0.998667,0.001333
MLP_NeuralNet,pooled_global,3,34,W0350,1,1,0.996961,0.003039
MLP_NeuralNet,pooled_global,3,34,W0351,1,1,0.999187,0.000813
MLP_NeuralNet,pooled_global,3,34,W0352,1,1,0.999427,0.000573
MLP_NeuralNet,pooled_global,3,34,W0353,0,1,0.983985,0.016015
MLP_NeuralNet,pooled_global,3,34,W0354,0,1,0.996836,0.003164
MLP_NeuralNet,pooled_global,3,34,W0355,0,1,0.948453,0.051547
MLP_NeuralNet,pooled_global,3,34,W0356,1,0,0.000888,0.999112
MLP_NeuralNet,pooled_global,3,34,W0357,0,0,0.456200,0.543800
MLP_NeuralNet,pooled_global,3,34,W0358,1,1,0.996150,0.003850
MLP_NeuralNet,pooled_global,3,34,W0359,1,1,0.988587,0.011413
MLP_NeuralNet,pooled_global,3,34,W0360,1,1,0.991593,0.008407
MLP_NeuralNet,pooled_global,3,34,W0361,1,1,0.997898,0.002102
MLP_NeuralNet,pooled_global,3,34,W0362,1,1,0.998338,0.001662
MLP_NeuralNet,pooled_global,3,34,W0363,1,1,0.992768,0.007232
MLP_NeuralNet,pooled_global,3,34,W0364,0,1,0.998125,0.001875
MLP_NeuralNet,pooled_global,3,34,W0365,0,1,0.998625,0.001375
MLP_NeuralNet,pooled_global,3,34,W0366,0,0,0.000000,1.000000
MLP_NeuralNet,pooled_global,3,34,W0367,0,0,0.000000,1.000000
MLP_NeuralNet,pooled_global,3,34,W0368,0,0,0.000000,1.000000
MLP_NeuralNet,pooled_global,3,34,W0369,0,0,0.000000,1.000000
MLP_NeuralNet,pooled_global,3,34,W0370,0,0,0.000000,1.000000
MLP_NeuralNet,pooled_global,3,34,W0371,0,0,0.000000,1.000000
MLP_NeuralNet,pooled_global,3,34,W0372,0,0,0.000000,1.000000
MLP_NeuralNet,pooled_global,3,34,W0373,0,0,0.000000,1.000000
MLP_NeuralNet,pooled_global,3,34,W0374,0,0,0.000000,1.000000
MLP_NeuralNet,pooled_global,3,34,W0375,0,0,0.000000,1.000000
MLP_NeuralNet,pooled_global,3,34,W0376,0,0,0.000000,1.000000
MLP_NeuralNet,pooled_global,3,34,W0377,0,0,0.000000,1.000000
MLP_NeuralNet,pooled_global,3,34,W0378,0,0,0.000000,1.000000
MLP_NeuralNet,pooled_global,3,34,W0379,0,0,0.000000,1.000000
MLP_NeuralNet,pooled_global,3,34,W0380,0,0,0.000000,1.000000
MLP_NeuralNet,pooled_global,3,34,W0381,0,0,0.000000,1.000000
LogisticRegression,fold_aware,3,34,W0331,1,1,0.986502,0.013498
LogisticRegression,fold_aware,3,34,W0332,1,1,0.976828,0.023172
LogisticRegression,fold_aware,3,34,W0333,1,1,0.986112,0.013888
LogisticRegression,fold_aware,3,34,W0334,1,1,0.990735,0.009265
LogisticRegression,fold_aware,3,34,W0335,1,1,0.992044,0.007956
LogisticRegression,fold_aware,3,34,W0336,1,1,0.989476,0.010524
LogisticRegression,fold_aware,3,34,W0337,1,1,0.983756,0.016244
LogisticRegression,fold_aware,3,34,W0338,1,1,0.988693,0.011307
LogisticRegression,fold_aware,3,34,W0339,1,1,0.992252,0.007748
LogisticRegression,fold_aware,3,34,W0340,1,1,0.987642,0.012358
LogisticRegression,fold_aware,3,34,W0341,1,1,0.991798,0.008202
LogisticRegression,fold_aware,3,34,W0342,1,1,0.986337,0.013663
LogisticRegression,fold_aware,3,34,W0343,1,1,0.984555,0.015445
LogisticRegression,fold_aware,3,34,W0344,1,1,0.986720,0.013280
LogisticRegression,fold_aware,3,34,W0345,1,1,0.978808,0.021192
LogisticRegression,fold_aware,3,34,W0346,1,1,0.977908,0.022092
LogisticRegression,fold_aware,3,34,W0347,1,1,0.992224,0.007776
LogisticRegression,fold_aware,3,34,W0348,1,1,0.972443,0.027557
LogisticRegression,fold_aware,3,34,W0349,1,1,0.966323,0.033677
LogisticRegression,fold_aware,3,34,W0350,1,1,0.949598,0.050402
LogisticRegression,fold_aware,3,34,W0351,1,1,0.968644,0.031356
LogisticRegression,fold_aware,3,34,W0352,1,1,0.988857,0.011143
LogisticRegression,fold_aware,3,34,W0353,0,1,0.947940,0.052060
LogisticRegression,fold_aware,3,34,W0354,0,1,0.927469,0.072531
LogisticRegression,fold_aware,3,34,W0355,0,1,0.566086,0.433914
LogisticRegression,fold_aware,3,34,W0356,1,0,0.022915,0.977085
LogisticRegression,fold_aware,3,34,W0357,0,0,0.481306,0.518694
LogisticRegression,fold_aware,3,34,W0358,1,1,0.923495,0.076505
LogisticRegression,fold_aware,3,34,W0359,1,1,0.779209,0.220791
LogisticRegression,fold_aware,3,34,W0360,1,1,0.978052,0.021948
LogisticRegression,fold_aware,3,34,W0361,1,1,0.958729,0.041271
LogisticRegression,fold_aware,3,34,W0362,1,1,0.985012,0.014988
LogisticRegression,fold_aware,3,34,W0363,1,1,0.975011,0.024989
LogisticRegression,fold_aware,3,34,W0364,0,1,0.976459,0.023541
LogisticRegression,fold_aware,3,34,W0365,0,1,0.952811,0.047189
LogisticRegression,fold_aware,3,34,W0366,0,0,0.000000,1.000000
LogisticRegression,fold_aware,3,34,W0367,0,0,0.000000,1.000000
LogisticRegression,fold_aware,3,34,W0368,0,0,0.000000,1.000000
LogisticRegression,fold_aware,3,34,W0369,0,0,0.000000,1.000000
LogisticRegression,fold_aware,3,34,W0370,0,0,0.000000,1.000000
LogisticRegression,fold_aware,3,34,W0371,0,0,0.000000,1.000000
LogisticRegression,fold_aware,3,34,W0372,0,0,0.000000,1.000000
LogisticRegression,fold_aware,3,34,W0373,0,0,0.000000,1.000000
LogisticRegression,fold_aware,3,34,W0374,0,0,0.000000,1.000000
LogisticRegression,fold_aware,3,34,W0375,0,0,0.000000,1.000000
LogisticRegression,fold_aware,3,34,W0376,0,0,0.000000,1.000000
LogisticRegression,fold_aware,3,34,W0377,0,0,0.000001,0.999999
LogisticRegression,fold_aware,3,34,W0378,0,0,0.000038,0.999962
LogisticRegression,fold_aware,3,34,W0379,0,0,0.000017,0.999983
LogisticRegression,fold_aware,3,34,W0380,0,0,0.000005,0.999995
LogisticRegression,fold_aware,3,34,W0381,0,0,0.000020,0.999980
SVM_RBF,fold_aware,3,34,W0331,1,1,0.996329,0.003671
SVM_RBF,fold_aware,3,34,W0332,1,1,0.995298,0.004702
SVM_RBF,fold_aware,3,34,W0333,1,1,0.995935,0.004065
SVM_RBF,fold_aware,3,34,W0334,1,1,0.993160,0.006840
SVM_RBF,fold_aware,3,34,W0335,1,1,0.994575,0.005425
SVM_RBF,fold_aware,3,34,W0336,1,1,0.996357,0.003643
SVM_RBF,fold_aware,3,34,W0337,1,1,0.994684,0.005316
SVM_RBF,fold_aware,3,34,W0338,1,1,0.996178,0.003822
SVM_RBF,fold_aware,3,34,W0339,1,1,0.999984,0.000016
SVM_RBF,fold_aware,3,34,W0340,1,1,0.994222,0.005778
SVM_RBF,fold_aware,3,34,W0341,1,1,0.995329,0.004671
SVM_RBF,fold_aware,3,34,W0342,1,1,0.996075,0.003925
SVM_RBF,fold_aware,3,34,W0343,1,1,0.996314,0.003686
SVM_RBF,fold_aware,3,34,W0344,1,1,0.996366,0.003634
SVM_RBF,fold_aware,3,34,W0345,1,1,0.995834,0.004166
SVM_RBF,fold_aware,3,34,W0346,1,1,0.994834,0.005166
SVM_RBF,fold_aware,3,34,W0347,1,1,0.994836,0.005164
SVM_RBF,fold_aware,3,34,W0348,1,1,0.987326,0.012674
SVM_RBF,fold_aware,3,34,W0349,1,1,0.992349,0.007651
SVM_RBF,fold_aware,3,34,W0350,1,1,0.980216,0.019784
SVM_RBF,fold_aware,3,34,W0351,1,1,0.988318,0.011682
SVM_RBF,fold_aware,3,34,W0352,1,1,0.995714,0.004286
SVM_RBF,fold_aware,3,34,W0353,0,1,0.961170,0.038830
SVM_RBF,fold_aware,3,34,W0354,0,1,0.926509,0.073491
SVM_RBF,fold_aware,3,34,W0355,0,1,0.881307,0.118693
SVM_RBF,fold_aware,3,34,W0356,1,0,0.218463,0.781537
SVM_RBF,fold_aware,3,34,W0357,0,1,0.851160,0.148840
SVM_RBF,fold_aware,3,34,W0358,1,1,0.932388,0.067612
SVM_RBF,fold_aware,3,34,W0359,1,1,0.741716,0.258284
SVM_RBF,fold_aware,3,34,W0360,1,1,0.985114,0.014886
SVM_RBF,fold_aware,3,34,W0361,1,1,0.983270,0.016730
SVM_RBF,fold_aware,3,34,W0362,1,1,0.993946,0.006054
SVM_RBF,fold_aware,3,34,W0363,1,1,0.991061,0.008939
SVM_RBF,fold_aware,3,34,W0364,0,1,0.989509,0.010491
SVM_RBF,fold_aware,3,34,W0365,0,1,0.979283,0.020717
SVM_RBF,fold_aware,3,34,W0366,0,0,0.203136,0.796864
SVM_RBF,fold_aware,3,34,W0367,0,0,0.203149,0.796851
SVM_RBF,fold_aware,3,34,W0368,0,0,0.203149,0.796851
SVM_RBF,fold_aware,3,34,W0369,0,0,0.203149,0.796851
SVM_RBF,fold_aware,3,34,W0370,0,0,0.203139,0.796861
SVM_RBF,fold_aware,3,34,W0371,0,0,0.202878,0.797122
SVM_RBF,fold_aware,3,34,W0372,0,0,0.201902,0.798098
SVM_RBF,fold_aware,3,34,W0373,0,0,0.199815,0.800185
SVM_RBF,fold_aware,3,34,W0374,0,0,0.196300,0.803700
SVM_RBF,fold_aware,3,34,W0375,0,0,0.194384,0.805616
SVM_RBF,fold_aware,3,34,W0376,0,0,0.194899,0.805101
SVM_RBF,fold_aware,3,34,W0377,0,0,0.193154,0.806846
SVM_RBF,fold_aware,3,34,W0378,0,0,0.193965,0.806035
SVM_RBF,fold_aware,3,34,W0379,0,0,0.196715,0.803285
SVM_RBF,fold_aware,3,34,W0380,0,0,0.202755,0.797245
SVM_RBF,fold_aware,3,34,W0381,0,0,0.199479,0.800521
RandomForest,fold_aware,3,34,W0331,1,1,0.997281,0.002719
RandomForest,fold_aware,3,34,W0332,1,1,1.000000,0.000000
RandomForest,fold_aware,3,34,W0333,1,1,0.952303,0.047697
RandomForest,fold_aware,3,34,W0334,1,1,0.813124,0.186876
RandomForest,fold_aware,3,34,W0335,1,1,0.997511,0.002489
RandomForest,fold_aware,3,34,W0336,1,1,0.987965,0.012035
RandomForest,fold_aware,3,34,W0337,1,1,0.982371,0.017629
RandomForest,fold_aware,3,34,W0338,1,1,0.996915,0.003085
RandomForest,fold_aware,3,34,W0339,1,1,0.998901,0.001099
RandomForest,fold_aware,3,34,W0340,1,1,0.997281,0.002719
RandomForest,fold_aware,3,34,W0341,1,1,1.000000,0.000000
RandomForest,fold_aware,3,34,W0342,1,1,1.000000,0.000000
RandomForest,fold_aware,3,34,W0343,1,1,1.000000,0.000000
RandomForest,fold_aware,3,34,W0344,1,1,1.000000,0.000000
RandomForest,fold_aware,3,34,W0345,1,1,1.000000,0.000000
RandomForest,fold_aware,3,34,W0346,1,1,1.000000,0.000000
RandomForest,fold_aware,3,34,W0347,1,1,1.000000,0.000000
RandomForest,fold_aware,3,34,W0348,1,1,0.924953,0.075047
RandomForest,fold_aware,3,34,W0349,1,1,0.982737,0.017263
RandomForest,fold_aware,3,34,W0350,1,1,0.943122,0.056878
RandomForest,fold_aware,3,34,W0351,1,1,0.974414,0.025586
RandomForest,fold_aware,3,34,W0352,1,1,1.000000,0.000000
RandomForest,fold_aware,3,34,W0353,0,0,0.269359,0.730641
RandomForest,fold_aware,3,34,W0354,0,0,0.201653,0.798347
RandomForest,fold_aware,3,34,W0355,0,0,0.160742,0.839258
RandomForest,fold_aware,3,34,W0356,1,0,0.026742,0.973258
RandomForest,fold_aware,3,34,W0357,0,0,0.110536,0.889464
RandomForest,fold_aware,3,34,W0358,1,0,0.300775,0.699225
RandomForest,fold_aware,3,34,W0359,1,0,0.062520,0.937480
RandomForest,fold_aware,3,34,W0360,1,1,0.843501,0.156499
RandomForest,fold_aware,3,34,W0361,1,1,0.857145,0.142855
RandomForest,fold_aware,3,34,W0362,1,1,1.000000,0.000000
RandomForest,fold_aware,3,34,W0363,1,1,0.964687,0.035313
RandomForest,fold_aware,3,34,W0364,0,1,0.997281,0.002719
RandomForest,fold_aware,3,34,W0365,0,1,0.872646,0.127354
RandomForest,fold_aware,3,34,W0366,0,0,0.067582,0.932418
RandomForest,fold_aware,3,34,W0367,0,0,0.018071,0.981929
RandomForest,fold_aware,3,34,W0368,0,0,0.026334,0.973666
RandomForest,fold_aware,3,34,W0369,0,0,0.057024,0.942976
RandomForest,fold_aware,3,34,W0370,0,0,0.064398,0.935602
RandomForest,fold_aware,3,34,W0371,0,0,0.052871,0.947129
RandomForest,fold_aware,3,34,W0372,0,0,0.050177,0.949823
RandomForest,fold_aware,3,34,W0373,0,0,0.033562,0.966438
RandomForest,fold_aware,3,34,W0374,0,0,0.041072,0.958928
RandomForest,fold_aware,3,34,W0375,0,0,0.033766,0.966234
RandomForest,fold_aware,3,34,W0376,0,0,0.021610,0.978390
RandomForest,fold_aware,3,34,W0377,0,0,0.027791,0.972209
RandomForest,fold_aware,3,34,W0378,0,0,0.018344,0.981656
RandomForest,fold_aware,3,34,W0379,0,0,0.034065,0.965935
RandomForest,fold_aware,3,34,W0380,0,0,0.031620,0.968380
RandomForest,fold_aware,3,34,W0381,0,0,0.031620,0.968380
XGBoost,fold_aware,3,34,W0331,1,1,0.999659,0.000341
XGBoost,fold_aware,3,34,W0332,1,1,0.999746,0.000254
XGBoost,fold_aware,3,34,W0333,1,1,0.996795,0.003205
XGBoost,fold_aware,3,34,W0334,1,1,0.986977,0.013023
XGBoost,fold_aware,3,34,W0335,1,1,0.999531,0.000469
XGBoost,fold_aware,3,34,W0336,1,1,0.999807,0.000193
XGBoost,fold_aware,3,34,W0337,1,1,0.999669,0.000331
XGBoost,fold_aware,3,34,W0338,1,1,0.999721,0.000279
XGBoost,fold_aware,3,34,W0339,1,1,0.999914,0.000086
XGBoost,fold_aware,3,34,W0340,1,1,0.999749,0.000251
XGBoost,fold_aware,3,34,W0341,1,1,0.999416,0.000584
XGBoost,fold_aware,3,34,W0342,1,1,0.999656,0.000344
XGBoost,fold_aware,3,34,W0343,1,1,0.999813,0.000187
XGBoost,fold_aware,3,34,W0344,1,1,0.999709,0.000291
XGBoost,fold_aware,3,34,W0345,1,1,0.999802,0.000198
XGBoost,fold_aware,3,34,W0346,1,1,0.999676,0.000324
XGBoost,fold_aware,3,34,W0347,1,1,0.999863,0.000137
XGBoost,fold_aware,3,34,W0348,1,1,0.991805,0.008195
XGBoost,fold_aware,3,34,W0349,1,1,0.998300,0.001700
XGBoost,fold_aware,3,34,W0350,1,1,0.995615,0.004385
XGBoost,fold_aware,3,34,W0351,1,1,0.998102,0.001898
XGBoost,fold_aware,3,34,W0352,1,1,0.999928,0.000072
XGBoost,fold_aware,3,34,W0353,0,1,0.519000,0.481000
XGBoost,fold_aware,3,34,W0354,0,0,0.214899,0.785101
XGBoost,fold_aware,3,34,W0355,0,0,0.027876,0.972124
XGBoost,fold_aware,3,34,W0356,1,0,0.002927,0.997073
XGBoost,fold_aware,3,34,W0357,0,0,0.014681,0.985319
XGBoost,fold_aware,3,34,W0358,1,1,0.626962,0.373038
XGBoost,fold_aware,3,34,W0359,1,0,0.010361,0.989639
XGBoost,fold_aware,3,34,W0360,1,1,0.986938,0.013062
XGBoost,fold_aware,3,34,W0361,1,1,0.997318,0.002682
XGBoost,fold_aware,3,34,W0362,1,1,0.999721,0.000279
XGBoost,fold_aware,3,34,W0363,1,1,0.996544,0.003456
XGBoost,fold_aware,3,34,W0364,0,1,0.999712,0.000288
XGBoost,fold_aware,3,34,W0365,0,1,0.997785,0.002215
XGBoost,fold_aware,3,34,W0366,0,0,0.002132,0.997868
XGBoost,fold_aware,3,34,W0367,0,0,0.002706,0.997294
XGBoost,fold_aware,3,34,W0368,0,0,0.002368,0.997632
XGBoost,fold_aware,3,34,W0369,0,0,0.002433,0.997567
XGBoost,fold_aware,3,34,W0370,0,0,0.002707,0.997293
XGBoost,fold_aware,3,34,W0371,0,0,0.002448,0.997552
XGBoost,fold_aware,3,34,W0372,0,0,0.002291,0.997709
XGBoost,fold_aware,3,34,W0373,0,0,0.002192,0.997808
XGBoost,fold_aware,3,34,W0374,0,0,0.002229,0.997771
XGBoost,fold_aware,3,34,W0375,0,0,0.000934,0.999066
XGBoost,fold_aware,3,34,W0376,0,0,0.000441,0.999559
XGBoost,fold_aware,3,34,W0377,0,0,0.000766,0.999234
XGBoost,fold_aware,3,34,W0378,0,0,0.000826,0.999174
XGBoost,fold_aware,3,34,W0379,0,0,0.000920,0.999080
XGBoost,fold_aware,3,34,W0380,0,0,0.000307,0.999693
XGBoost,fold_aware,3,34,W0381,0,0,0.000307,0.999693
MLP_NeuralNet,fold_aware,3,34,W0331,1,1,0.999602,0.000398
MLP_NeuralNet,fold_aware,3,34,W0332,1,1,0.993810,0.006190
MLP_NeuralNet,fold_aware,3,34,W0333,1,1,0.970990,0.029010
MLP_NeuralNet,fold_aware,3,34,W0334,1,1,0.962508,0.037492
MLP_NeuralNet,fold_aware,3,34,W0335,1,1,0.990938,0.009062
MLP_NeuralNet,fold_aware,3,34,W0336,1,1,0.999219,0.000781
MLP_NeuralNet,fold_aware,3,34,W0337,1,1,0.999673,0.000327
MLP_NeuralNet,fold_aware,3,34,W0338,1,1,0.999719,0.000281
MLP_NeuralNet,fold_aware,3,34,W0339,1,1,0.999839,0.000161
MLP_NeuralNet,fold_aware,3,34,W0340,1,1,0.999490,0.000510
MLP_NeuralNet,fold_aware,3,34,W0341,1,1,0.999567,0.000433
MLP_NeuralNet,fold_aware,3,34,W0342,1,1,0.997867,0.002133
MLP_NeuralNet,fold_aware,3,34,W0343,1,1,0.998558,0.001442
MLP_NeuralNet,fold_aware,3,34,W0344,1,1,0.999377,0.000623
MLP_NeuralNet,fold_aware,3,34,W0345,1,1,0.998670,0.001330
MLP_NeuralNet,fold_aware,3,34,W0346,1,1,0.995303,0.004697
MLP_NeuralNet,fold_aware,3,34,W0347,1,1,0.999399,0.000601
MLP_NeuralNet,fold_aware,3,34,W0348,1,1,0.991504,0.008496
MLP_NeuralNet,fold_aware,3,34,W0349,1,1,0.996380,0.003620
MLP_NeuralNet,fold_aware,3,34,W0350,1,1,0.993281,0.006719
MLP_NeuralNet,fold_aware,3,34,W0351,1,1,0.998907,0.001093
MLP_NeuralNet,fold_aware,3,34,W0352,1,1,0.999733,0.000267
MLP_NeuralNet,fold_aware,3,34,W0353,0,1,0.958834,0.041166
MLP_NeuralNet,fold_aware,3,34,W0354,0,1,0.730393,0.269607
MLP_NeuralNet,fold_aware,3,34,W0355,0,0,0.358422,0.641578
MLP_NeuralNet,fold_aware,3,34,W0356,1,0,0.000052,0.999948
MLP_NeuralNet,fold_aware,3,34,W0357,0,0,0.205593,0.794407
MLP_NeuralNet,fold_aware,3,34,W0358,1,1,0.764335,0.235665
MLP_NeuralNet,fold_aware,3,34,W0359,1,0,0.202906,0.797094
MLP_NeuralNet,fold_aware,3,34,W0360,1,1,0.898817,0.101183
MLP_NeuralNet,fold_aware,3,34,W0361,1,1,0.990000,0.010000
MLP_NeuralNet,fold_aware,3,34,W0362,1,1,0.995011,0.004989
MLP_NeuralNet,fold_aware,3,34,W0363,1,1,0.977843,0.022157
MLP_NeuralNet,fold_aware,3,34,W0364,0,1,0.997484,0.002516
MLP_NeuralNet,fold_aware,3,34,W0365,0,1,0.999613,0.000387
MLP_NeuralNet,fold_aware,3,34,W0366,0,0,0.000000,1.000000
MLP_NeuralNet,fold_aware,3,34,W0367,0,0,0.000000,1.000000
MLP_NeuralNet,fold_aware,3,34,W0368,0,0,0.000000,1.000000
MLP_NeuralNet,fold_aware,3,34,W0369,0,0,0.000000,1.000000
MLP_NeuralNet,fold_aware,3,34,W0370,0,0,0.000000,1.000000
MLP_NeuralNet,fold_aware,3,34,W0371,0,0,0.000000,1.000000
MLP_NeuralNet,fold_aware,3,34,W0372,0,0,0.000000,1.000000
MLP_NeuralNet,fold_aware,3,34,W0373,0,0,0.000000,1.000000
MLP_NeuralNet,fold_aware,3,34,W0374,0,0,0.000000,1.000000
MLP_NeuralNet,fold_aware,3,34,W0375,0,0,0.000000,1.000000
MLP_NeuralNet,fold_aware,3,34,W0376,0,0,0.000000,1.000000
MLP_NeuralNet,fold_aware,3,34,W0377,0,0,0.000000,1.000000
MLP_NeuralNet,fold_aware,3,34,W0378,0,0,0.000000,1.000000
MLP_NeuralNet,fold_aware,3,34,W0379,0,0,0.000000,1.000000
MLP_NeuralNet,fold_aware,3,34,W0380,0,0,0.000000,1.000000
MLP_NeuralNet,fold_aware,3,34,W0381,0,0,0.000000,1.000000
LogisticRegression,none,4,39,W0382,0,0,0.010898,0.989102
LogisticRegression,none,4,39,W0383,0,0,0.013421,0.986579
LogisticRegression,none,4,39,W0384,0,0,0.038349,0.961651
LogisticRegression,none,4,39,W0385,0,0,0.184351,0.815649
LogisticRegression,none,4,39,W0386,0,1,0.644267,0.355733
LogisticRegression,none,4,39,W0387,0,1,0.912583,0.087417
LogisticRegression,none,4,39,W0388,0,1,0.911401,0.088599
LogisticRegression,none,4,39,W0389,0,1,0.661325,0.338675
LogisticRegression,none,4,39,W0390,0,0,0.132533,0.867467
LogisticRegression,none,4,39,W0391,0,0,0.030896,0.969104
LogisticRegression,none,4,39,W0392,0,0,0.015931,0.984069
LogisticRegression,none,4,39,W0393,0,0,0.010854,0.989146
LogisticRegression,none,4,39,W0394,0,0,0.007757,0.992243
LogisticRegression,none,4,39,W0395,0,0,0.003534,0.996466
LogisticRegression,none,4,39,W0396,0,0,0.001913,0.998087
LogisticRegression,none,4,39,W0397,0,0,0.002701,0.997299
LogisticRegression,none,4,39,W0398,0,0,0.006093,0.993907
LogisticRegression,none,4,39,W0399,0,0,0.023115,0.976885
LogisticRegression,none,4,39,W0400,0,0,0.057614,0.942386
LogisticRegression,none,4,39,W0401,0,0,0.023788,0.976212
LogisticRegression,none,4,39,W0402,0,0,0.014103,0.985897
LogisticRegression,none,4,39,W0403,0,0,0.018065,0.981935
LogisticRegression,none,4,39,W0404,0,0,0.022623,0.977377
LogisticRegression,none,4,39,W0405,0,0,0.043039,0.956961
LogisticRegression,none,4,39,W0406,0,0,0.099567,0.900433
LogisticRegression,none,4,39,W0407,0,0,0.080206,0.919794
LogisticRegression,none,4,39,W0408,0,0,0.035320,0.964680
LogisticRegression,none,4,39,W0409,0,0,0.038319,0.961681
LogisticRegression,none,4,39,W0410,0,0,0.052208,0.947792
LogisticRegression,none,4,39,W0411,0,0,0.077320,0.922680
LogisticRegression,none,4,39,W0412,0,0,0.168928,0.831072
LogisticRegression,none,4,39,W0413,0,0,0.371114,0.628886
LogisticRegression,none,4,39,W0414,0,0,0.239559,0.760441
LogisticRegression,none,4,39,W0415,0,0,0.144309,0.855691
LogisticRegression,none,4,39,W0416,0,0,0.129721,0.870279
LogisticRegression,none,4,39,W0417,0,0,0.168599,0.831401
LogisticRegression,none,4,39,W0418,0,0,0.249418,0.750582
LogisticRegression,none,4,39,W0419,0,0,0.369181,0.630819
LogisticRegression,none,4,39,W0420,0,0,0.498164,0.501836
LogisticRegression,none,4,39,W0421,0,0,0.318453,0.681547
LogisticRegression,none,4,39,W0422,0,0,0.191306,0.808694
LogisticRegression,none,4,39,W0423,1,0,0.215110,0.784890
LogisticRegression,none,4,39,W0424,1,0,0.294169,0.705831
LogisticRegression,none,4,39,W0425,1,0,0.458662,0.541338
LogisticRegression,none,4,39,W0426,1,1,0.649380,0.350620
LogisticRegression,none,4,39,W0427,1,1,0.873839,0.126161
LogisticRegression,none,4,39,W0428,1,1,0.831759,0.168241
LogisticRegression,none,4,39,W0429,1,1,0.684448,0.315552
LogisticRegression,none,4,39,W0430,0,1,0.525277,0.474723
LogisticRegression,none,4,39,W0431,0,0,0.494100,0.505900
LogisticRegression,none,4,39,W0432,0,0,0.226964,0.773036
LogisticRegression,none,4,39,W0433,0,0,0.474224,0.525776
LogisticRegression,none,4,39,W0434,0,0,0.000004,0.999996
LogisticRegression,none,4,39,W0435,0,0,0.000000,1.000000
LogisticRegression,none,4,39,W0436,0,0,0.000001,0.999999
LogisticRegression,none,4,39,W0437,0,0,0.049713,0.950287
LogisticRegression,none,4,39,W0438,0,1,0.677201,0.322799
LogisticRegression,none,4,39,W0439,0,0,0.000887,0.999113
LogisticRegression,none,4,39,W0440,0,0,0.000000,1.000000
LogisticRegression,none,4,39,W0441,0,0,0.000000,1.000000
LogisticRegression,none,4,39,W0442,0,0,0.015627,0.984373
LogisticRegression,none,4,39,W0443,0,0,0.008818,0.991182
LogisticRegression,none,4,39,W0444,0,0,0.000213,0.999787
LogisticRegression,none,4,39,W0445,0,0,0.000401,0.999599
LogisticRegression,none,4,39,W0446,0,0,0.001030,0.998970
LogisticRegression,none,4,39,W0447,0,0,0.003107,0.996893
LogisticRegression,none,4,39,W0448,0,0,0.011408,0.988592
LogisticRegression,none,4,39,W0449,0,0,0.039668,0.960332
LogisticRegression,none,4,39,W0450,0,0,0.049699,0.950301
LogisticRegression,none,4,39,W0451,0,0,0.062626,0.937374
LogisticRegression,none,4,39,W0452,0,0,0.092396,0.907604
LogisticRegression,none,4,39,W0453,1,0,0.143462,0.856538
LogisticRegression,none,4,39,W0454,1,0,0.465020,0.534980
LogisticRegression,none,4,39,W0455,0,1,0.849692,0.150308
LogisticRegression,none,4,39,W0456,0,1,0.883926,0.116074
LogisticRegression,none,4,39,W0457,0,0,0.324253,0.675747
LogisticRegression,none,4,39,W0458,0,0,0.004180,0.995820
LogisticRegression,none,4,39,W0459,0,0,0.013130,0.986870
LogisticRegression,none,4,39,W0460,0,0,0.197315,0.802685
LogisticRegression,none,4,39,W0461,0,0,0.051493,0.948507
LogisticRegression,none,4,39,W0462,0,0,0.013829,0.986171
LogisticRegression,none,4,39,W0463,0,0,0.006301,0.993699
LogisticRegression,none,4,39,W0464,0,0,0.003830,0.996170
LogisticRegression,none,4,39,W0465,0,0,0.004907,0.995093
LogisticRegression,none,4,39,W0466,0,0,0.009616,0.990384
LogisticRegression,none,4,39,W0467,0,0,0.042163,0.957837
LogisticRegression,none,4,39,W0468,1,0,0.155476,0.844524
LogisticRegression,none,4,39,W0469,1,0,0.193252,0.806748
LogisticRegression,none,4,39,W0470,1,0,0.248880,0.751120
LogisticRegression,none,4,39,W0471,1,0,0.337263,0.662737
LogisticRegression,none,4,39,W0472,1,0,0.325484,0.674516
LogisticRegression,none,4,39,W0473,1,0,0.495492,0.504508
LogisticRegression,none,4,39,W0474,1,1,0.613934,0.386066
LogisticRegression,none,4,39,W0475,1,1,0.841741,0.158259
LogisticRegression,none,4,39,W0476,1,1,0.784870,0.215130
LogisticRegression,none,4,39,W0477,1,1,0.692731,0.307269
LogisticRegression,none,4,39,W0478,1,1,0.668290,0.331710
LogisticRegression,none,4,39,W0479,1,1,0.611380,0.388620
LogisticRegression,none,4,39,W0480,1,1,0.689858,0.310142
LogisticRegression,none,4,39,W0481,1,1,0.853390,0.146610
LogisticRegression,none,4,39,W0482,1,1,0.790748,0.209252
LogisticRegression,none,4,39,W0483,1,1,0.628430,0.371570
LogisticRegression,none,4,39,W0484,0,0,0.487143,0.512857
LogisticRegression,none,4,39,W0485,0,0,0.466258,0.533742
LogisticRegression,none,4,39,W0486,0,0,0.341293,0.658707
LogisticRegression,none,4,39,W0487,0,0,0.312979,0.687021
LogisticRegression,none,4,39,W0488,0,0,0.322887,0.677113
LogisticRegression,none,4,39,W0489,0,0,0.085603,0.914397
LogisticRegression,none,4,39,W0490,0,0,0.028681,0.971319
LogisticRegression,none,4,39,W0491,0,0,0.029213,0.970787
LogisticRegression,none,4,39,W0492,0,0,0.003777,0.996223
LogisticRegression,none,4,39,W0493,0,0,0.000061,0.999939
LogisticRegression,none,4,39,W0494,0,0,0.000002,0.999998
LogisticRegression,none,4,39,W0495,0,0,0.000000,1.000000
LogisticRegression,none,4,39,W0496,1,0,0.000000,1.000000
SVM_RBF,none,4,39,W0382,0,0,0.080524,0.919476
SVM_RBF,none,4,39,W0383,0,0,0.086987,0.913013
SVM_RBF,none,4,39,W0384,0,0,0.092770,0.907230
SVM_RBF,none,4,39,W0385,0,0,0.085906,0.914094
SVM_RBF,none,4,39,W0386,0,0,0.093911,0.906089
SVM_RBF,none,4,39,W0387,0,0,0.112213,0.887787
SVM_RBF,none,4,39,W0388,0,0,0.135558,0.864442
SVM_RBF,none,4,39,W0389,0,0,0.096398,0.903602
SVM_RBF,none,4,39,W0390,0,0,0.083492,0.916508
SVM_RBF,none,4,39,W0391,0,0,0.097329,0.902671
SVM_RBF,none,4,39,W0392,0,0,0.097186,0.902814
SVM_RBF,none,4,39,W0393,0,0,0.097955,0.902045
SVM_RBF,none,4,39,W0394,0,0,0.095912,0.904088
SVM_RBF,none,4,39,W0395,0,0,0.094842,0.905158
SVM_RBF,none,4,39,W0396,0,0,0.091888,0.908112
SVM_RBF,none,4,39,W0397,0,0,0.080826,0.919174
SVM_RBF,none,4,39,W0398,0,0,0.068241,0.931759
SVM_RBF,none,4,39,W0399,0,0,0.060074,0.939926
SVM_RBF,none,4,39,W0400,0,0,0.060685,0.939315
SVM_RBF,none,4,39,W0401,0,0,0.061389,0.938611
SVM_RBF,none,4,39,W0402,0,0,0.066063,0.933937
SVM_RBF,none,4,39,W0403,0,0,0.078720,0.921280
SVM_RBF,none,4,39,W0404,0,0,0.087389,0.912611
SVM_RBF,none,4,39,W0405,0,0,0.094110,0.905890
SVM_RBF,none,4,39,W0406,0,0,0.114627,0.885373
SVM_RBF,none,4,39,W0407,0,0,0.135750,0.864250
SVM_RBF,none,4,39,W0408,0,0,0.163697,0.836303
SVM_RBF,none,4,39,W0409,0,0,0.217730,0.782270
SVM_RBF,none,4,39,W0410,0,0,0.260860,0.739140
SVM_RBF,none,4,39,W0411,0,0,0.278272,0.721728
SVM_RBF,none,4,39,W0412,0,0,0.341738,0.658262
SVM_RBF,none,4,39,W0413,0,0,0.452372,0.547628
SVM_RBF,none,4,39,W0414,0,0,0.521208,0.478792
SVM_RBF,none,4,39,W0415,0,0,0.523859,0.476141
SVM_RBF,none,4,39,W0416,0,0,0.596894,0.403106
SVM_RBF,none,4,39,W0417,0,0,0.634203,0.365797
SVM_RBF,none,4,39,W0418,0,0,0.661636,0.338364
SVM_RBF,none,4,39,W0419,0,1,0.734194,0.265806
SVM_RBF,none,4,39,W0420,0,1,0.781118,0.218882
SVM_RBF,none,4,39,W0421,0,1,0.798011,0.201989
SVM_RBF,none,4,39,W0422,0,1,0.826706,0.173294
SVM_RBF,none,4,39,W0423,1,1,0.831495,0.168505
SVM_RBF,none,4,39,W0424,1,1,0.842179,0.157821
SVM_RBF,none,4,39,W0425,1,1,0.830153,0.169847
SVM_RBF,none,4,39,W0426,1,1,0.875824,0.124176
SVM_RBF,none,4,39,W0427,1,1,0.921638,0.078362
SVM_RBF,none,4,39,W0428,1,1,0.953178,0.046822
SVM_RBF,none,4,39,W0429,1,1,0.919840,0.080160
SVM_RBF,none,4,39,W0430,0,1,0.865261,0.134739
SVM_RBF,none,4,39,W0431,0,1,0.811219,0.188781
SVM_RBF,none,4,39,W0432,0,0,0.665463,0.334537
SVM_RBF,none,4,39,W0433,0,1,0.788714,0.211286
SVM_RBF,none,4,39,W0434,0,0,0.212197,0.787803
SVM_RBF,none,4,39,W0435,0,0,0.245561,0.754439
SVM_RBF,none,4,39,W0436,0,0,0.251417,0.748583
SVM_RBF,none,4,39,W0437,0,1,0.840922,0.159078
SVM_RBF,none,4,39,W0438,0,1,0.883848,0.116152
SVM_RBF,none,4,39,W0439,0,0,0.317811,0.682189
SVM_RBF,none,4,39,W0440,0,0,0.246203,0.753797
SVM_RBF,none,4,39,W0441,0,0,0.248870,0.751130
SVM_RBF,none,4,39,W0442,0,0,0.148185,0.851815
SVM_RBF,none,4,39,W0443,0,0,0.066333,0.933667
SVM_RBF,none,4,39,W0444,0,0,0.101602,0.898398
SVM_RBF,none,4,39,W0445,0,0,0.102967,0.897033
SVM_RBF,none,4,39,W0446,0,0,0.094010,0.905990
SVM_RBF,none,4,39,W0447,0,0,0.106848,0.893152
SVM_RBF,none,4,39,W0448,0,0,0.169538,0.830462
SVM_RBF,none,4,39,W0449,0,0,0.263801,0.736199
SVM_RBF,none,4,39,W0450,0,0,0.319164,0.680836
SVM_RBF,none,4,39,W0451,0,0,0.428970,0.571030
SVM_RBF,none,4,39,W0452,0,0,0.574315,0.425685
SVM_RBF,none,4,39,W0453,1,1,0.695970,0.304030
SVM_RBF,none,4,39,W0454,1,1,0.923592,0.076408
SVM_RBF,none,4,39,W0455,0,1,0.962626,0.037374
SVM_RBF,none,4,39,W0456,0,1,0.969262,0.030738
SVM_RBF,none,4,39,W0457,0,1,0.915982,0.084018
SVM_RBF,none,4,39,W0458,0,0,0.404392,0.595608
SVM_RBF,none,4,39,W0459,0,0,0.530181,0.469819
SVM_RBF,none,4,39,W0460,0,1,0.699031,0.300969
SVM_RBF,none,4,39,W0461,0,0,0.556495,0.443505
SVM_RBF,none,4,39,W0462,0,0,0.473075,0.526925
SVM_RBF,none,4,39,W0463,0,0,0.375475,0.624525
SVM_RBF,none,4,39,W0464,0,0,0.351347,0.648653
SVM_RBF,none,4,39,W0465,0,0,0.334557,0.665443
SVM_RBF,none,4,39,W0466,0,0,0.393944,0.606056
SVM_RBF,none,4,39,W0467,0,0,0.533718,0.466282
SVM_RBF,none,4,39,W0468,1,0,0.648656,0.351344
SVM_RBF,none,4,39,W0469,1,1,0.741911,0.258089
SVM_RBF,none,4,39,W0470,1,1,0.797468,0.202532
SVM_RBF,none,4,39,W0471,1,1,0.822343,0.177657
SVM_RBF,none,4,39,W0472,1,1,0.842233,0.157767
SVM_RBF,none,4,39,W0473,1,1,0.876156,0.123844
SVM_RBF,none,4,39,W0474,1,1,0.883143,0.116857
SVM_RBF,none,4,39,W0475,1,1,0.900724,0.099276
SVM_RBF,none,4,39,W0476,1,1,0.908619,0.091381
SVM_RBF,none,4,39,W0477,1,1,0.879505,0.120495
SVM_RBF,none,4,39,W0478,1,1,0.859740,0.140260
SVM_RBF,none,4,39,W0479,1,1,0.840404,0.159596
SVM_RBF,none,4,39,W0480,1,1,0.842789,0.157211
SVM_RBF,none,4,39,W0481,1,1,0.882061,0.117939
SVM_RBF,none,4,39,W0482,1,1,0.901431,0.098569
SVM_RBF,none,4,39,W0483,1,1,0.890572,0.109428
SVM_RBF,none,4,39,W0484,0,1,0.858197,0.141803
SVM_RBF,none,4,39,W0485,0,1,0.817580,0.182420
SVM_RBF,none,4,39,W0486,0,1,0.784320,0.215680
SVM_RBF,none,4,39,W0487,0,1,0.709760,0.290240
SVM_RBF,none,4,39,W0488,0,1,0.706637,0.293363
SVM_RBF,none,4,39,W0489,0,0,0.630310,0.369690
SVM_RBF,none,4,39,W0490,0,0,0.574413,0.425587
SVM_RBF,none,4,39,W0491,0,0,0.556064,0.443936
SVM_RBF,none,4,39,W0492,0,0,0.388117,0.611883
SVM_RBF,none,4,39,W0493,0,0,0.376221,0.623779
SVM_RBF,none,4,39,W0494,0,0,0.219442,0.780558
SVM_RBF,none,4,39,W0495,0,0,0.184006,0.815994
SVM_RBF,none,4,39,W0496,1,0,0.174978,0.825022
RandomForest,none,4,39,W0382,0,0,0.213914,0.786086
RandomForest,none,4,39,W0383,0,0,0.150318,0.849682
RandomForest,none,4,39,W0384,0,0,0.093872,0.906128
RandomForest,none,4,39,W0385,0,0,0.088335,0.911665
RandomForest,none,4,39,W0386,0,0,0.139699,0.860301
RandomForest,none,4,39,W0387,0,0,0.230928,0.769072
RandomForest,none,4,39,W0388,0,0,0.355368,0.644632
RandomForest,none,4,39,W0389,0,0,0.387582,0.612418
RandomForest,none,4,39,W0390,0,0,0.413844,0.586156
RandomForest,none,4,39,W0391,0,0,0.449289,0.550711
RandomForest,none,4,39,W0392,0,0,0.460575,0.539425
RandomForest,none,4,39,W0393,0,0,0.446798,0.553202
RandomForest,none,4,39,W0394,0,0,0.432623,0.567377
RandomForest,none,4,39,W0395,0,0,0.455571,0.544429
RandomForest,none,4,39,W0396,0,0,0.462166,0.537834
RandomForest,none,4,39,W0397,0,0,0.435376,0.564624
RandomForest,none,4,39,W0398,0,0,0.394095,0.605905
RandomForest,none,4,39,W0399,0,0,0.431017,0.568983
RandomForest,none,4,39,W0400,0,0,0.471448,0.528552
RandomForest,none,4,39,W0401,0,0,0.476878,0.523122
RandomForest,none,4,39,W0402,0,0,0.471577,0.528423
RandomForest,none,4,39,W0403,0,0,0.492387,0.507613
RandomForest,none,4,39,W0404,0,1,0.513159,0.486841
RandomForest,none,4,39,W0405,0,1,0.531450,0.468550
RandomForest,none,4,39,W0406,0,1,0.519322,0.480678
RandomForest,none,4,39,W0407,0,1,0.514888,0.485112
RandomForest,none,4,39,W0408,0,1,0.530668,0.469332
RandomForest,none,4,39,W0409,0,1,0.501996,0.498004
RandomForest,none,4,39,W0410,0,0,0.494101,0.505899
RandomForest,none,4,39,W0411,0,0,0.494105,0.505895
RandomForest,none,4,39,W0412,0,1,0.511187,0.488813
RandomForest,none,4,39,W0413,0,0,0.474536,0.525464
RandomForest,none,4,39,W0414,0,0,0.472600,0.527400
RandomForest,none,4,39,W0415,0,0,0.454733,0.545267
RandomForest,none,4,39,W0416,0,1,0.505486,0.494514
RandomForest,none,4,39,W0417,0,1,0.516633,0.483367
RandomForest,none,4,39,W0418,0,0,0.473597,0.526403
RandomForest,none,4,39,W0419,0,0,0.466155,0.533845
RandomForest,none,4,39,W0420,0,0,0.438597,0.561403
RandomForest,none,4,39,W0421,0,0,0.444226,0.555774
RandomForest,none,4,39,W0422,0,0,0.436623,0.563377
RandomForest,none,4,39,W0423,1,0,0.478795,0.521205
RandomForest,none,4,39,W0424,1,1,0.526832,0.473168
RandomForest,none,4,39,W0425,1,1,0.511460,0.488540
RandomForest,none,4,39,W0426,1,1,0.613656,0.386344
RandomForest,none,4,39,W0427,1,1,0.667701,0.332299
RandomForest,none,4,39,W0428,1,1,0.813872,0.186128
RandomForest,none,4,39,W0429,1,1,0.750290,0.249710
RandomForest,none,4,39,W0430,0,1,0.706207,0.293793
RandomForest,none,4,39,W0431,0,1,0.712151,0.287849
RandomForest,none,4,39,W0432,0,0,0.447835,0.552165
RandomForest,none,4,39,W0433,0,1,0.524789,0.475211
RandomForest,none,4,39,W0434,0,0,0.477928,0.522072
RandomForest,none,4,39,W0435,0,1,0.510920,0.489080
RandomForest,none,4,39,W0436,0,1,0.529219,0.470781
RandomForest,none,4,39,W0437,0,1,0.565320,0.434680
RandomForest,none,4,39,W0438,0,1,0.554487,0.445513
RandomForest,none,4,39,W0439,0,1,0.532460,0.467540
RandomForest,none,4,39,W0440,0,1,0.530178,0.469822
RandomForest,none,4,39,W0441,0,0,0.486314,0.513686
RandomForest,none,4,39,W0442,0,0,0.482075,0.517925
RandomForest,none,4,39,W0443,0,0,0.498925,0.501075
RandomForest,none,4,39,W0444,0,1,0.512931,0.487069
RandomForest,none,4,39,W0445,0,1,0.525991,0.474009
RandomForest,none,4,39,W0446,0,1,0.544334,0.455666
RandomForest,none,4,39,W0447,0,1,0.517037,0.482963
RandomForest,none,4,39,W0448,0,1,0.511335,0.488665
RandomForest,none,4,39,W0449,0,1,0.516677,0.483323
RandomForest,none,4,39,W0450,0,0,0.486108,0.513892
RandomForest,none,4,39,W0451,0,0,0.481166,0.518834
RandomForest,none,4,39,W0452,0,0,0.461079,0.538921
RandomForest,none,4,39,W0453,1,1,0.508109,0.491891
RandomForest,none,4,39,W0454,1,1,0.659436,0.340564
RandomForest,none,4,39,W0455,0,1,0.791537,0.208463
RandomForest,none,4,39,W0456,0,1,0.817758,0.182242
RandomForest,none,4,39,W0457,0,0,0.494690,0.505310
RandomForest,none,4,39,W0458,0,0,0.228603,0.771397
RandomForest,none,4,39,W0459,0,0,0.230563,0.769437
RandomForest,none,4,39,W0460,0,0,0.317129,0.682871
RandomForest,none,4,39,W0461,0,0,0.356400,0.643600
RandomForest,none,4,39,W0462,0,0,0.400415,0.599585
RandomForest,none,4,39,W0463,0,0,0.296793,0.703207
RandomForest,none,4,39,W0464,0,0,0.198477,0.801523
RandomForest,none,4,39,W0465,0,0,0.206826,0.793174
RandomForest,none,4,39,W0466,0,0,0.197566,0.802434
RandomForest,none,4,39,W0467,0,0,0.246292,0.753708
RandomForest,none,4,39,W0468,1,0,0.417760,0.582240
RandomForest,none,4,39,W0469,1,1,0.603547,0.396453
RandomForest,none,4,39,W0470,1,1,0.731248,0.268752
RandomForest,none,4,39,W0471,1,1,0.743032,0.256968
RandomForest,none,4,39,W0472,1,1,0.768483,0.231517
RandomForest,none,4,39,W0473,1,1,0.789919,0.210081
RandomForest,none,4,39,W0474,1,1,0.778485,0.221515
RandomForest,none,4,39,W0475,1,1,0.809886,0.190114
RandomForest,none,4,39,W0476,1,1,0.787954,0.212046
RandomForest,none,4,39,W0477,1,1,0.778059,0.221941
RandomForest,none,4,39,W0478,1,1,0.830678,0.169322
RandomForest,none,4,39,W0479,1,1,0.770329,0.229671
RandomForest,none,4,39,W0480,1,1,0.781671,0.218329
RandomForest,none,4,39,W0481,1,1,0.783224,0.216776
RandomForest,none,4,39,W0482,1,1,0.798033,0.201967
RandomForest,none,4,39,W0483,1,1,0.736172,0.263828
RandomForest,none,4,39,W0484,0,1,0.761917,0.238083
RandomForest,none,4,39,W0485,0,1,0.714388,0.285612
RandomForest,none,4,39,W0486,0,1,0.655981,0.344019
RandomForest,none,4,39,W0487,0,0,0.452057,0.547943
RandomForest,none,4,39,W0488,0,0,0.456187,0.543813
RandomForest,none,4,39,W0489,0,0,0.466582,0.533418
RandomForest,none,4,39,W0490,0,0,0.477348,0.522652
RandomForest,none,4,39,W0491,0,0,0.486287,0.513713
RandomForest,none,4,39,W0492,0,0,0.250802,0.749198
RandomForest,none,4,39,W0493,0,0,0.302040,0.697960
RandomForest,none,4,39,W0494,0,0,0.225828,0.774172
RandomForest,none,4,39,W0495,0,0,0.189251,0.810749
RandomForest,none,4,39,W0496,1,0,0.167106,0.832894
XGBoost,none,4,39,W0382,0,0,0.002818,0.997182
XGBoost,none,4,39,W0383,0,0,0.003115,0.996885
XGBoost,none,4,39,W0384,0,0,0.003580,0.996420
XGBoost,none,4,39,W0385,0,0,0.003553,0.996447
XGBoost,none,4,39,W0386,0,0,0.053857,0.946143
XGBoost,none,4,39,W0387,0,0,0.082567,0.917433
XGBoost,none,4,39,W0388,0,0,0.278594,0.721406
XGBoost,none,4,39,W0389,0,1,0.533478,0.466522
XGBoost,none,4,39,W0390,0,1,0.733147,0.266853
XGBoost,none,4,39,W0391,0,1,0.890646,0.109354
XGBoost,none,4,39,W0392,0,1,0.937721,0.062279
XGBoost,none,4,39,W0393,0,1,0.948063,0.051937
XGBoost,none,4,39,W0394,0,1,0.906992,0.093008
XGBoost,none,4,39,W0395,0,1,0.938502,0.061498
XGBoost,none,4,39,W0396,0,1,0.850693,0.149307
XGBoost,none,4,39,W0397,0,1,0.903268,0.096732
XGBoost,none,4,39,W0398,0,1,0.909192,0.090808
XGBoost,none,4,39,W0399,0,1,0.927398,0.072602
XGBoost,none,4,39,W0400,0,1,0.749289,0.250711
XGBoost,none,4,39,W0401,0,1,0.940768,0.059232
XGBoost,none,4,39,W0402,0,1,0.655550,0.344450
XGBoost,none,4,39,W0403,0,1,0.898419,0.101581
XGBoost,none,4,39,W0404,0,1,0.916184,0.083816
XGBoost,none,4,39,W0405,0,1,0.953525,0.046475
XGBoost,none,4,39,W0406,0,1,0.916046,0.083954
XGBoost,none,4,39,W0407,0,1,0.958657,0.041343
XGBoost,none,4,39,W0408,0,1,0.881409,0.118591
XGBoost,none,4,39,W0409,0,1,0.746131,0.253869
XGBoost,none,4,39,W0410,0,1,0.938796,0.061204
XGBoost,none,4,39,W0411,0,1,0.704442,0.295558
XGBoost,none,4,39,W0412,0,1,0.902056,0.097944
XGBoost,none,4,39,W0413,0,1,0.807699,0.192301
XGBoost,none,4,39,W0414,0,1,0.680685,0.319315
XGBoost,none,4,39,W0415,0,0,0.231704,0.768296
XGBoost,none,4,39,W0416,0,1,0.527910,0.472090
XGBoost,none,4,39,W0417,0,1,0.965199,0.034801
XGBoost,none,4,39,W0418,0,1,0.915716,0.084284
XGBoost,none,4,39,W0419,0,1,0.849770,0.150230
XGBoost,none,4,39,W0420,0,1,0.913714,0.086286
XGBoost,none,4,39,W0421,0,1,0.844158,0.155842
XGBoost,none,4,39,W0422,0,1,0.536144,0.463856
XGBoost,none,4,39,W0423,1,0,0.382812,0.617188
XGBoost,none,4,39,W0424,1,1,0.951241,0.048759
XGBoost,none,4,39,W0425,1,1,0.799019,0.200981
XGBoost,none,4,39,W0426,1,1,0.977175,0.022825
XGBoost,none,4,39,W0427,1,1,0.782346,0.217654
XGBoost,none,4,39,W0428,1,1,0.950533,0.049467
XGBoost,none,4,39,W0429,1,1,0.850526,0.149474
XGBoost,none,4,39,W0430,0,1,0.930872,0.069128
XGBoost,none,4,39,W0431,0,1,0.925687,0.074313
XGBoost,none,4,39,W0432,0,0,0.397231,0.602769
XGBoost,none,4,39,W0433,0,1,0.641184,0.358816
XGBoost,none,4,39,W0434,0,0,0.280855,0.719145
XGBoost,none,4,39,W0435,0,1,0.624083,0.375917
XGBoost,none,4,39,W0436,0,1,0.656672,0.343328
XGBoost,none,4,39,W0437,0,1,0.517703,0.482297
XGBoost,none,4,39,W0438,0,1,0.950736,0.049264
XGBoost,none,4,39,W0439,0,1,0.915594,0.084406
XGBoost,none,4,39,W0440,0,1,0.664002,0.335998
XGBoost,none,4,39,W0441,0,1,0.577400,0.422600
XGBoost,none,4,39,W0442,0,1,0.767542,0.232458
XGBoost,none,4,39,W0443,0,1,0.904162,0.095838
XGBoost,none,4,39,W0444,0,1,0.921261,0.078739
XGBoost,none,4,39,W0445,0,1,0.920979,0.079021
XGBoost,none,4,39,W0446,0,1,0.876426,0.123574
XGBoost,none,4,39,W0447,0,1,0.950053,0.049947
XGBoost,none,4,39,W0448,0,1,0.964333,0.035667
XGBoost,none,4,39,W0449,0,1,0.985114,0.014886
XGBoost,none,4,39,W0450,0,1,0.956213,0.043787
XGBoost,none,4,39,W0451,0,1,0.974219,0.025781
XGBoost,none,4,39,W0452,0,1,0.556571,0.443429
XGBoost,none,4,39,W0453,1,1,0.556938,0.443062
XGBoost,none,4,39,W0454,1,1,0.937762,0.062238
XGBoost,none,4,39,W0455,0,1,0.959584,0.040416
XGBoost,none,4,39,W0456,0,1,0.938633,0.061367
XGBoost,none,4,39,W0457,0,0,0.046248,0.953752
XGBoost,none,4,39,W0458,0,0,0.004147,0.995853
XGBoost,none,4,39,W0459,0,0,0.005629,0.994371
XGBoost,none,4,39,W0460,0,0,0.165178,0.834822
XGBoost,none,4,39,W0461,0,0,0.258111,0.741889
XGBoost,none,4,39,W0462,0,0,0.164266,0.835734
XGBoost,none,4,39,W0463,0,0,0.144597,0.855403
XGBoost,none,4,39,W0464,0,0,0.015749,0.984251
XGBoost,none,4,39,W0465,0,0,0.015717,0.984283
XGBoost,none,4,39,W0466,0,0,0.027866,0.972134
XGBoost,none,4,39,W0467,0,0,0.030324,0.969676
XGBoost,none,4,39,W0468,1,0,0.454952,0.545048
XGBoost,none,4,39,W0469,1,1,0.770408,0.229592
XGBoost,none,4,39,W0470,1,1,0.779545,0.220455
XGBoost,none,4,39,W0471,1,1,0.870093,0.129907
XGBoost,none,4,39,W0472,1,1,0.853884,0.146116
XGBoost,none,4,39,W0473,1,1,0.868667,0.131333
XGBoost,none,4,39,W0474,1,1,0.672603,0.327397
XGBoost,none,4,39,W0475,1,1,0.762872,0.237128
XGBoost,none,4,39,W0476,1,1,0.972576,0.027424
XGBoost,none,4,39,W0477,1,1,0.985742,0.014258
XGBoost,none,4,39,W0478,1,1,0.995974,0.004026
XGBoost,none,4,39,W0479,1,1,0.962339,0.037661
XGBoost,none,4,39,W0480,1,1,0.979505,0.020495
XGBoost,none,4,39,W0481,1,1,0.973781,0.026219
XGBoost,none,4,39,W0482,1,1,0.984626,0.015374
XGBoost,none,4,39,W0483,1,1,0.854930,0.145070
XGBoost,none,4,39,W0484,0,1,0.865451,0.134549
XGBoost,none,4,39,W0485,0,0,0.324694,0.675306
XGBoost,none,4,39,W0486,0,0,0.275563,0.724437
XGBoost,none,4,39,W0487,0,0,0.274571,0.725429
XGBoost,none,4,39,W0488,0,1,0.846210,0.153790
XGBoost,none,4,39,W0489,0,1,0.936484,0.063516
XGBoost,none,4,39,W0490,0,1,0.845454,0.154546
XGBoost,none,4,39,W0491,0,1,0.890968,0.109032
XGBoost,none,4,39,W0492,0,0,0.034671,0.965329
XGBoost,none,4,39,W0493,0,0,0.025360,0.974640
XGBoost,none,4,39,W0494,0,0,0.004464,0.995536
XGBoost,none,4,39,W0495,0,0,0.002578,0.997422
XGBoost,none,4,39,W0496,1,0,0.001509,0.998491
MLP_NeuralNet,none,4,39,W0382,0,0,0.321204,0.678796
MLP_NeuralNet,none,4,39,W0383,0,0,0.366382,0.633618
MLP_NeuralNet,none,4,39,W0384,0,0,0.429232,0.570768
MLP_NeuralNet,none,4,39,W0385,0,0,0.490727,0.509273
MLP_NeuralNet,none,4,39,W0386,0,1,0.595776,0.404224
MLP_NeuralNet,none,4,39,W0387,0,1,0.693229,0.306771
MLP_NeuralNet,none,4,39,W0388,0,1,0.719064,0.280936
MLP_NeuralNet,none,4,39,W0389,0,1,0.567775,0.432225
MLP_NeuralNet,none,4,39,W0390,0,0,0.423952,0.576048
MLP_NeuralNet,none,4,39,W0391,0,0,0.316141,0.683859
MLP_NeuralNet,none,4,39,W0392,0,0,0.211257,0.788743
MLP_NeuralNet,none,4,39,W0393,0,0,0.197140,0.802860
MLP_NeuralNet,none,4,39,W0394,0,0,0.198905,0.801095
MLP_NeuralNet,none,4,39,W0395,0,0,0.216803,0.783197
MLP_NeuralNet,none,4,39,W0396,0,0,0.334014,0.665986
MLP_NeuralNet,none,4,39,W0397,0,0,0.399468,0.600532
MLP_NeuralNet,none,4,39,W0398,0,0,0.405709,0.594291
MLP_NeuralNet,none,4,39,W0399,0,0,0.426591,0.573409
MLP_NeuralNet,none,4,39,W0400,0,0,0.477006,0.522994
MLP_NeuralNet,none,4,39,W0401,0,0,0.491647,0.508353
MLP_NeuralNet,none,4,39,W0402,0,1,0.536357,0.463643
MLP_NeuralNet,none,4,39,W0403,0,1,0.573393,0.426607
MLP_NeuralNet,none,4,39,W0404,0,1,0.582937,0.417063
MLP_NeuralNet,none,4,39,W0405,0,1,0.589862,0.410138
MLP_NeuralNet,none,4,39,W0406,0,1,0.604494,0.395506
MLP_NeuralNet,none,4,39,W0407,0,1,0.631171,0.368829
MLP_NeuralNet,none,4,39,W0408,0,1,0.671689,0.328311
MLP_NeuralNet,none,4,39,W0409,0,1,0.745806,0.254194
MLP_NeuralNet,none,4,39,W0410,0,1,0.789069,0.210931
MLP_NeuralNet,none,4,39,W0411,0,1,0.803269,0.196731
MLP_NeuralNet,none,4,39,W0412,0,1,0.831371,0.168629
MLP_NeuralNet,none,4,39,W0413,0,1,0.870286,0.129714
MLP_NeuralNet,none,4,39,W0414,0,1,0.888631,0.111369
MLP_NeuralNet,none,4,39,W0415,0,1,0.880051,0.119949
MLP_NeuralNet,none,4,39,W0416,0,1,0.896489,0.103511
MLP_NeuralNet,none,4,39,W0417,0,1,0.887722,0.112278
MLP_NeuralNet,none,4,39,W0418,0,1,0.875259,0.124741
MLP_NeuralNet,none,4,39,W0419,0,1,0.876336,0.123664
MLP_NeuralNet,none,4,39,W0420,0,1,0.886498,0.113502
MLP_NeuralNet,none,4,39,W0421,0,1,0.894274,0.105726
MLP_NeuralNet,none,4,39,W0422,0,1,0.922999,0.077001
MLP_NeuralNet,none,4,39,W0423,1,1,0.938712,0.061288
MLP_NeuralNet,none,4,39,W0424,1,1,0.949656,0.050344
MLP_NeuralNet,none,4,39,W0425,1,1,0.953389,0.046611
MLP_NeuralNet,none,4,39,W0426,1,1,0.966596,0.033404
MLP_NeuralNet,none,4,39,W0427,1,1,0.975177,0.024823
MLP_NeuralNet,none,4,39,W0428,1,1,0.985464,0.014536
MLP_NeuralNet,none,4,39,W0429,1,1,0.979336,0.020664
MLP_NeuralNet,none,4,39,W0430,0,1,0.964679,0.035321
MLP_NeuralNet,none,4,39,W0431,0,1,0.940366,0.059634
MLP_NeuralNet,none,4,39,W0432,0,1,0.857462,0.142538
MLP_NeuralNet,none,4,39,W0433,0,1,0.901342,0.098658
MLP_NeuralNet,none,4,39,W0434,0,0,0.184310,0.815690
MLP_NeuralNet,none,4,39,W0435,0,0,0.004759,0.995241
MLP_NeuralNet,none,4,39,W0436,0,0,0.037627,0.962373
MLP_NeuralNet,none,4,39,W0437,0,1,0.899031,0.100969
MLP_NeuralNet,none,4,39,W0438,0,1,0.901210,0.098790
MLP_NeuralNet,none,4,39,W0439,0,1,0.575391,0.424609
MLP_NeuralNet,none,4,39,W0440,0,0,0.003926,0.996074
MLP_NeuralNet,none,4,39,W0441,0,0,0.008754,0.991246
MLP_NeuralNet,none,4,39,W0442,0,0,0.401049,0.598951
MLP_NeuralNet,none,4,39,W0443,0,0,0.337250,0.662750
MLP_NeuralNet,none,4,39,W0444,0,0,0.211353,0.788647
MLP_NeuralNet,none,4,39,W0445,0,0,0.222087,0.777913
MLP_NeuralNet,none,4,39,W0446,0,0,0.370469,0.629531
MLP_NeuralNet,none,4,39,W0447,0,0,0.485837,0.514163
MLP_NeuralNet,none,4,39,W0448,0,1,0.553800,0.446200
MLP_NeuralNet,none,4,39,W0449,0,1,0.658218,0.341782
MLP_NeuralNet,none,4,39,W0450,0,1,0.747621,0.252379
MLP_NeuralNet,none,4,39,W0451,0,1,0.771424,0.228576
MLP_NeuralNet,none,4,39,W0452,0,1,0.834428,0.165572
MLP_NeuralNet,none,4,39,W0453,1,1,0.881248,0.118752
MLP_NeuralNet,none,4,39,W0454,1,1,0.942081,0.057919
MLP_NeuralNet,none,4,39,W0455,0,1,0.968334,0.031666
MLP_NeuralNet,none,4,39,W0456,0,1,0.973903,0.026097
MLP_NeuralNet,none,4,39,W0457,0,1,0.943009,0.056991
MLP_NeuralNet,none,4,39,W0458,0,1,0.642031,0.357969
MLP_NeuralNet,none,4,39,W0459,0,1,0.642506,0.357494
MLP_NeuralNet,none,4,39,W0460,0,1,0.854947,0.145053
MLP_NeuralNet,none,4,39,W0461,0,1,0.801517,0.198483
MLP_NeuralNet,none,4,39,W0462,0,1,0.722524,0.277476
MLP_NeuralNet,none,4,39,W0463,0,1,0.583841,0.416159
MLP_NeuralNet,none,4,39,W0464,0,1,0.545303,0.454697
MLP_NeuralNet,none,4,39,W0465,0,0,0.492782,0.507218
MLP_NeuralNet,none,4,39,W0466,0,1,0.575202,0.424798
MLP_NeuralNet,none,4,39,W0467,0,1,0.715321,0.284679
MLP_NeuralNet,none,4,39,W0468,1,1,0.787588,0.212412
MLP_NeuralNet,none,4,39,W0469,1,1,0.888576,0.111424
MLP_NeuralNet,none,4,39,W0470,1,1,0.941306,0.058694
MLP_NeuralNet,none,4,39,W0471,1,1,0.962636,0.037364
MLP_NeuralNet,none,4,39,W0472,1,1,0.975980,0.024020
MLP_NeuralNet,none,4,39,W0473,1,1,0.984123,0.015877
MLP_NeuralNet,none,4,39,W0474,1,1,0.985093,0.014907
MLP_NeuralNet,none,4,39,W0475,1,1,0.986597,0.013403
MLP_NeuralNet,none,4,39,W0476,1,1,0.990876,0.009124
MLP_NeuralNet,none,4,39,W0477,1,1,0.989549,0.010451
MLP_NeuralNet,none,4,39,W0478,1,1,0.989135,0.010865
MLP_NeuralNet,none,4,39,W0479,1,1,0.982180,0.017820
MLP_NeuralNet,none,4,39,W0480,1,1,0.972124,0.027876
MLP_NeuralNet,none,4,39,W0481,1,1,0.972585,0.027415
MLP_NeuralNet,none,4,39,W0482,1,1,0.980652,0.019348
MLP_NeuralNet,none,4,39,W0483,1,1,0.985122,0.014878
MLP_NeuralNet,none,4,39,W0484,0,1,0.988105,0.011895
MLP_NeuralNet,none,4,39,W0485,0,1,0.987860,0.012140
MLP_NeuralNet,none,4,39,W0486,0,1,0.976163,0.023837
MLP_NeuralNet,none,4,39,W0487,0,1,0.943522,0.056478
MLP_NeuralNet,none,4,39,W0488,0,1,0.938958,0.061042
MLP_NeuralNet,none,4,39,W0489,0,1,0.900201,0.099799
MLP_NeuralNet,none,4,39,W0490,0,1,0.858645,0.141355
MLP_NeuralNet,none,4,39,W0491,0,1,0.834191,0.165809
MLP_NeuralNet,none,4,39,W0492,0,1,0.532062,0.467938
MLP_NeuralNet,none,4,39,W0493,0,0,0.204811,0.795189
MLP_NeuralNet,none,4,39,W0494,0,0,0.043087,0.956913
MLP_NeuralNet,none,4,39,W0495,0,0,0.014404,0.985596
MLP_NeuralNet,none,4,39,W0496,1,0,0.010500,0.989500
LogisticRegression,pooled_global,4,39,W0382,0,0,0.000010,0.999990
LogisticRegression,pooled_global,4,39,W0383,0,0,0.000035,0.999965
LogisticRegression,pooled_global,4,39,W0384,0,0,0.000181,0.999819
LogisticRegression,pooled_global,4,39,W0385,0,0,0.001550,0.998450
LogisticRegression,pooled_global,4,39,W0386,0,0,0.023831,0.976169
LogisticRegression,pooled_global,4,39,W0387,0,0,0.172121,0.827879
LogisticRegression,pooled_global,4,39,W0388,0,0,0.325341,0.674659
LogisticRegression,pooled_global,4,39,W0389,0,0,0.043850,0.956150
LogisticRegression,pooled_global,4,39,W0390,0,0,0.003699,0.996301
LogisticRegression,pooled_global,4,39,W0391,0,0,0.000517,0.999483
LogisticRegression,pooled_global,4,39,W0392,0,0,0.000265,0.999735
LogisticRegression,pooled_global,4,39,W0393,0,0,0.000324,0.999676
LogisticRegression,pooled_global,4,39,W0394,0,0,0.000267,0.999733
LogisticRegression,pooled_global,4,39,W0395,0,0,0.000188,0.999812
LogisticRegression,pooled_global,4,39,W0396,0,0,0.000280,0.999720
LogisticRegression,pooled_global,4,39,W0397,0,0,0.000552,0.999448
LogisticRegression,pooled_global,4,39,W0398,0,0,0.001422,0.998578
LogisticRegression,pooled_global,4,39,W0399,0,0,0.006390,0.993610
LogisticRegression,pooled_global,4,39,W0400,0,0,0.021553,0.978447
LogisticRegression,pooled_global,4,39,W0401,0,0,0.011291,0.988709
LogisticRegression,pooled_global,4,39,W0402,0,0,0.007529,0.992471
LogisticRegression,pooled_global,4,39,W0403,0,0,0.011103,0.988897
LogisticRegression,pooled_global,4,39,W0404,0,0,0.017312,0.982688
LogisticRegression,pooled_global,4,39,W0405,0,0,0.028252,0.971748
LogisticRegression,pooled_global,4,39,W0406,0,0,0.075225,0.924775
LogisticRegression,pooled_global,4,39,W0407,0,0,0.066527,0.933473
LogisticRegression,pooled_global,4,39,W0408,0,0,0.039196,0.960804
LogisticRegression,pooled_global,4,39,W0409,0,0,0.055296,0.944704
LogisticRegression,pooled_global,4,39,W0410,0,0,0.074180,0.925820
LogisticRegression,pooled_global,4,39,W0411,0,0,0.091130,0.908870
LogisticRegression,pooled_global,4,39,W0412,0,0,0.192378,0.807622
LogisticRegression,pooled_global,4,39,W0413,0,0,0.420718,0.579282
LogisticRegression,pooled_global,4,39,W0414,0,0,0.341192,0.658808
LogisticRegression,pooled_global,4,39,W0415,0,0,0.213876,0.786124
LogisticRegression,pooled_global,4,39,W0416,0,0,0.168071,0.831929
LogisticRegression,pooled_global,4,39,W0417,0,0,0.243633,0.756367
LogisticRegression,pooled_global,4,39,W0418,0,0,0.429035,0.570965
LogisticRegression,pooled_global,4,39,W0419,0,1,0.596493,0.403507
LogisticRegression,pooled_global,4,39,W0420,0,1,0.768425,0.231575
LogisticRegression,pooled_global,4,39,W0421,0,1,0.601189,0.398811
LogisticRegression,pooled_global,4,39,W0422,0,1,0.520421,0.479579
LogisticRegression,pooled_global,4,39,W0423,1,1,0.524936,0.475064
LogisticRegression,pooled_global,4,39,W0424,1,1,0.625074,0.374926
LogisticRegression,pooled_global,4,39,W0425,1,1,0.742749,0.257251
LogisticRegression,pooled_global,4,39,W0426,1,1,0.882968,0.117032
LogisticRegression,pooled_global,4,39,W0427,1,1,0.932375,0.067625
LogisticRegression,pooled_global,4,39,W0428,1,1,0.951805,0.048195
LogisticRegression,pooled_global,4,39,W0429,1,1,0.849361,0.150639
LogisticRegression,pooled_global,4,39,W0430,0,1,0.788422,0.211578
LogisticRegression,pooled_global,4,39,W0431,0,1,0.749995,0.250005
LogisticRegression,pooled_global,4,39,W0432,0,0,0.167499,0.832501
LogisticRegression,pooled_global,4,39,W0433,0,1,0.587571,0.412429
LogisticRegression,pooled_global,4,39,W0434,0,0,0.000615,0.999385
LogisticRegression,pooled_global,4,39,W0435,0,0,0.000000,1.000000
LogisticRegression,pooled_global,4,39,W0436,0,0,0.000000,1.000000
LogisticRegression,pooled_global,4,39,W0437,0,0,0.474112,0.525888
LogisticRegression,pooled_global,4,39,W0438,0,1,0.593067,0.406933
LogisticRegression,pooled_global,4,39,W0439,0,0,0.045252,0.954748
LogisticRegression,pooled_global,4,39,W0440,0,0,0.000000,1.000000
LogisticRegression,pooled_global,4,39,W0441,0,0,0.000000,1.000000
LogisticRegression,pooled_global,4,39,W0442,0,0,0.017592,0.982408
LogisticRegression,pooled_global,4,39,W0443,0,0,0.001163,0.998837
LogisticRegression,pooled_global,4,39,W0444,0,0,0.000075,0.999925
LogisticRegression,pooled_global,4,39,W0445,0,0,0.000235,0.999765
LogisticRegression,pooled_global,4,39,W0446,0,0,0.001072,0.998928
LogisticRegression,pooled_global,4,39,W0447,0,0,0.004784,0.995216
LogisticRegression,pooled_global,4,39,W0448,0,0,0.027678,0.972322
LogisticRegression,pooled_global,4,39,W0449,0,0,0.100073,0.899927
LogisticRegression,pooled_global,4,39,W0450,0,0,0.148753,0.851247
LogisticRegression,pooled_global,4,39,W0451,0,0,0.195824,0.804176
LogisticRegression,pooled_global,4,39,W0452,0,0,0.310275,0.689725
LogisticRegression,pooled_global,4,39,W0453,1,0,0.261277,0.738723
LogisticRegression,pooled_global,4,39,W0454,1,1,0.679793,0.320207
LogisticRegression,pooled_global,4,39,W0455,0,1,0.922433,0.077567
LogisticRegression,pooled_global,4,39,W0456,0,1,0.963265,0.036735
LogisticRegression,pooled_global,4,39,W0457,0,0,0.231542,0.768458
LogisticRegression,pooled_global,4,39,W0458,0,0,0.000000,1.000000
LogisticRegression,pooled_global,4,39,W0459,0,0,0.000006,0.999994
LogisticRegression,pooled_global,4,39,W0460,0,0,0.074582,0.925418
LogisticRegression,pooled_global,4,39,W0461,0,0,0.040914,0.959086
LogisticRegression,pooled_global,4,39,W0462,0,0,0.010658,0.989342
LogisticRegression,pooled_global,4,39,W0463,0,0,0.003575,0.996425
LogisticRegression,pooled_global,4,39,W0464,0,0,0.002317,0.997683
LogisticRegression,pooled_global,4,39,W0465,0,0,0.002380,0.997620
LogisticRegression,pooled_global,4,39,W0466,0,0,0.009249,0.990751
LogisticRegression,pooled_global,4,39,W0467,0,0,0.056728,0.943272
LogisticRegression,pooled_global,4,39,W0468,1,0,0.323928,0.676072
LogisticRegression,pooled_global,4,39,W0469,1,1,0.576632,0.423368
LogisticRegression,pooled_global,4,39,W0470,1,1,0.655190,0.344810
LogisticRegression,pooled_global,4,39,W0471,1,1,0.724749,0.275251
LogisticRegression,pooled_global,4,39,W0472,1,1,0.609723,0.390277
LogisticRegression,pooled_global,4,39,W0473,1,1,0.640933,0.359067
LogisticRegression,pooled_global,4,39,W0474,1,1,0.678660,0.321340
LogisticRegression,pooled_global,4,39,W0475,1,1,0.894879,0.105121
LogisticRegression,pooled_global,4,39,W0476,1,1,0.905872,0.094128
LogisticRegression,pooled_global,4,39,W0477,1,1,0.885930,0.114070
LogisticRegression,pooled_global,4,39,W0478,1,1,0.908215,0.091785
LogisticRegression,pooled_global,4,39,W0479,1,1,0.864902,0.135098
LogisticRegression,pooled_global,4,39,W0480,1,1,0.924813,0.075187
LogisticRegression,pooled_global,4,39,W0481,1,1,0.970671,0.029329
LogisticRegression,pooled_global,4,39,W0482,1,1,0.964219,0.035781
LogisticRegression,pooled_global,4,39,W0483,1,1,0.929451,0.070549
LogisticRegression,pooled_global,4,39,W0484,0,1,0.734308,0.265692
LogisticRegression,pooled_global,4,39,W0485,0,0,0.462187,0.537813
LogisticRegression,pooled_global,4,39,W0486,0,0,0.403496,0.596504
LogisticRegression,pooled_global,4,39,W0487,0,0,0.490315,0.509685
LogisticRegression,pooled_global,4,39,W0488,0,1,0.676244,0.323756
LogisticRegression,pooled_global,4,39,W0489,0,0,0.174936,0.825064
LogisticRegression,pooled_global,4,39,W0490,0,0,0.070085,0.929915
LogisticRegression,pooled_global,4,39,W0491,0,0,0.087321,0.912679
LogisticRegression,pooled_global,4,39,W0492,0,0,0.001141,0.998859
LogisticRegression,pooled_global,4,39,W0493,0,0,0.000007,0.999993
LogisticRegression,pooled_global,4,39,W0494,0,0,0.000000,1.000000
LogisticRegression,pooled_global,4,39,W0495,0,0,0.000000,1.000000
LogisticRegression,pooled_global,4,39,W0496,1,0,0.000000,1.000000
SVM_RBF,pooled_global,4,39,W0382,0,0,0.002524,0.997476
SVM_RBF,pooled_global,4,39,W0383,0,0,0.003521,0.996479
SVM_RBF,pooled_global,4,39,W0384,0,0,0.004792,0.995208
SVM_RBF,pooled_global,4,39,W0385,0,0,0.009576,0.990424
SVM_RBF,pooled_global,4,39,W0386,0,0,0.026763,0.973237
SVM_RBF,pooled_global,4,39,W0387,0,0,0.060215,0.939785
SVM_RBF,pooled_global,4,39,W0388,0,0,0.111628,0.888372
SVM_RBF,pooled_global,4,39,W0389,0,0,0.048632,0.951368
SVM_RBF,pooled_global,4,39,W0390,0,0,0.018743,0.981257
SVM_RBF,pooled_global,4,39,W0391,0,0,0.009223,0.990777
SVM_RBF,pooled_global,4,39,W0392,0,0,0.007771,0.992229
SVM_RBF,pooled_global,4,39,W0393,0,0,0.008117,0.991883
SVM_RBF,pooled_global,4,39,W0394,0,0,0.007973,0.992027
SVM_RBF,pooled_global,4,39,W0395,0,0,0.007258,0.992742
SVM_RBF,pooled_global,4,39,W0396,0,0,0.006977,0.993023
SVM_RBF,pooled_global,4,39,W0397,0,0,0.007352,0.992648
SVM_RBF,pooled_global,4,39,W0398,0,0,0.008474,0.991526
SVM_RBF,pooled_global,4,39,W0399,0,0,0.013139,0.986861
SVM_RBF,pooled_global,4,39,W0400,0,0,0.021787,0.978213
SVM_RBF,pooled_global,4,39,W0401,0,0,0.020928,0.979072
SVM_RBF,pooled_global,4,39,W0402,0,0,0.019699,0.980301
SVM_RBF,pooled_global,4,39,W0403,0,0,0.023113,0.976887
SVM_RBF,pooled_global,4,39,W0404,0,0,0.027681,0.972319
SVM_RBF,pooled_global,4,39,W0405,0,0,0.036006,0.963994
SVM_RBF,pooled_global,4,39,W0406,0,0,0.063081,0.936919
SVM_RBF,pooled_global,4,39,W0407,0,0,0.080779,0.919221
SVM_RBF,pooled_global,4,39,W0408,0,0,0.079382,0.920618
SVM_RBF,pooled_global,4,39,W0409,0,0,0.102205,0.897795
SVM_RBF,pooled_global,4,39,W0410,0,0,0.107628,0.892372
SVM_RBF,pooled_global,4,39,W0411,0,0,0.090218,0.909782
SVM_RBF,pooled_global,4,39,W0412,0,0,0.133451,0.866549
SVM_RBF,pooled_global,4,39,W0413,0,0,0.260386,0.739614
SVM_RBF,pooled_global,4,39,W0414,0,0,0.289540,0.710460
SVM_RBF,pooled_global,4,39,W0415,0,0,0.226116,0.773884
SVM_RBF,pooled_global,4,39,W0416,0,0,0.240403,0.759597
SVM_RBF,pooled_global,4,39,W0417,0,0,0.259438,0.740562
SVM_RBF,pooled_global,4,39,W0418,0,0,0.307997,0.692003
SVM_RBF,pooled_global,4,39,W0419,0,0,0.425391,0.574609
SVM_RBF,pooled_global,4,39,W0420,0,1,0.567505,0.432495
SVM_RBF,pooled_global,4,39,W0421,0,0,0.513966,0.486034
SVM_RBF,pooled_global,4,39,W0422,0,1,0.585575,0.414425
SVM_RBF,pooled_global,4,39,W0423,1,1,0.562472,0.437528
SVM_RBF,pooled_global,4,39,W0424,1,0,0.559766,0.440234
SVM_RBF,pooled_global,4,39,W0425,1,0,0.556913,0.443087
SVM_RBF,pooled_global,4,39,W0426,1,1,0.671612,0.328388
SVM_RBF,pooled_global,4,39,W0427,1,1,0.756360,0.243640
SVM_RBF,pooled_global,4,39,W0428,1,1,0.851032,0.148968
SVM_RBF,pooled_global,4,39,W0429,1,1,0.742803,0.257197
SVM_RBF,pooled_global,4,39,W0430,0,1,0.587240,0.412760
SVM_RBF,pooled_global,4,39,W0431,0,0,0.406249,0.593751
SVM_RBF,pooled_global,4,39,W0432,0,0,0.057476,0.942524
SVM_RBF,pooled_global,4,39,W0433,0,0,0.144441,0.855559
SVM_RBF,pooled_global,4,39,W0434,0,0,0.002215,0.997785
SVM_RBF,pooled_global,4,39,W0435,0,0,0.042491,0.957509
SVM_RBF,pooled_global,4,39,W0436,0,0,0.004254,0.995746
SVM_RBF,pooled_global,4,39,W0437,0,1,0.642116,0.357884
SVM_RBF,pooled_global,4,39,W0438,0,1,0.587111,0.412889
SVM_RBF,pooled_global,4,39,W0439,0,0,0.091878,0.908122
SVM_RBF,pooled_global,4,39,W0440,0,0,0.042179,0.957821
SVM_RBF,pooled_global,4,39,W0441,0,0,0.024786,0.975214
SVM_RBF,pooled_global,4,39,W0442,0,0,0.046819,0.953181
SVM_RBF,pooled_global,4,39,W0443,0,0,0.009029,0.990971
SVM_RBF,pooled_global,4,39,W0444,0,0,0.003245,0.996755
SVM_RBF,pooled_global,4,39,W0445,0,0,0.005246,0.994754
SVM_RBF,pooled_global,4,39,W0446,0,0,0.008316,0.991684
SVM_RBF,pooled_global,4,39,W0447,0,0,0.019848,0.980152
SVM_RBF,pooled_global,4,39,W0448,0,0,0.057427,0.942573
SVM_RBF,pooled_global,4,39,W0449,0,0,0.131023,0.868977
SVM_RBF,pooled_global,4,39,W0450,0,0,0.191636,0.808364
SVM_RBF,pooled_global,4,39,W0451,0,0,0.254912,0.745088
SVM_RBF,pooled_global,4,39,W0452,0,0,0.385434,0.614566
SVM_RBF,pooled_global,4,39,W0453,1,0,0.367005,0.632995
SVM_RBF,pooled_global,4,39,W0454,1,1,0.671677,0.328323
SVM_RBF,pooled_global,4,39,W0455,0,1,0.868975,0.131025
SVM_RBF,pooled_global,4,39,W0456,0,1,0.942064,0.057936
SVM_RBF,pooled_global,4,39,W0457,0,0,0.304060,0.695940
SVM_RBF,pooled_global,4,39,W0458,0,0,0.004461,0.995539
SVM_RBF,pooled_global,4,39,W0459,0,0,0.001396,0.998604
SVM_RBF,pooled_global,4,39,W0460,0,0,0.045468,0.954532
SVM_RBF,pooled_global,4,39,W0461,0,0,0.038468,0.961532
SVM_RBF,pooled_global,4,39,W0462,0,0,0.016550,0.983450
SVM_RBF,pooled_global,4,39,W0463,0,0,0.004986,0.995014
SVM_RBF,pooled_global,4,39,W0464,0,0,0.003019,0.996981
SVM_RBF,pooled_global,4,39,W0465,0,0,0.002389,0.997611
SVM_RBF,pooled_global,4,39,W0466,0,0,0.005163,0.994837
SVM_RBF,pooled_global,4,39,W0467,0,0,0.019327,0.980673
SVM_RBF,pooled_global,4,39,W0468,1,0,0.078883,0.921117
SVM_RBF,pooled_global,4,39,W0469,1,0,0.219830,0.780170
SVM_RBF,pooled_global,4,39,W0470,1,0,0.377858,0.622142
SVM_RBF,pooled_global,4,39,W0471,1,0,0.479417,0.520583
SVM_RBF,pooled_global,4,39,W0472,1,0,0.500000,0.500000
SVM_RBF,pooled_global,4,39,W0473,1,0,0.523200,0.476800
SVM_RBF,pooled_global,4,39,W0474,1,0,0.518137,0.481863
SVM_RBF,pooled_global,4,39,W0475,1,1,0.654871,0.345129
SVM_RBF,pooled_global,4,39,W0476,1,1,0.746166,0.253834
SVM_RBF,pooled_global,4,39,W0477,1,1,0.693601,0.306399
SVM_RBF,pooled_global,4,39,W0478,1,1,0.680181,0.319819
SVM_RBF,pooled_global,4,39,W0479,1,0,0.557868,0.442132
SVM_RBF,pooled_global,4,39,W0480,1,1,0.593533,0.406467
SVM_RBF,pooled_global,4,39,W0481,1,1,0.720226,0.279774
SVM_RBF,pooled_global,4,39,W0482,1,1,0.771049,0.228951
SVM_RBF,pooled_global,4,39,W0483,1,1,0.729604,0.270396
SVM_RBF,pooled_global,4,39,W0484,0,0,0.467505,0.532495
SVM_RBF,pooled_global,4,39,W0485,0,0,0.223281,0.776719
SVM_RBF,pooled_global,4,39,W0486,0,0,0.154012,0.845988
SVM_RBF,pooled_global,4,39,W0487,0,0,0.115832,0.884168
SVM_RBF,pooled_global,4,39,W0488,0,0,0.171661,0.828339
SVM_RBF,pooled_global,4,39,W0489,0,0,0.094034,0.905966
SVM_RBF,pooled_global,4,39,W0490,0,0,0.078726,0.921274
SVM_RBF,pooled_global,4,39,W0491,0,0,0.059646,0.940354
SVM_RBF,pooled_global,4,39,W0492,0,0,0.015325,0.984675
SVM_RBF,pooled_global,4,39,W0493,0,0,0.004547,0.995453
SVM_RBF,pooled_global,4,39,W0494,0,0,0.000114,0.999886
SVM_RBF,pooled_global,4,39,W0495,0,0,0.000033,0.999967
SVM_RBF,pooled_global,4,39,W0496,1,0,0.000043,0.999957
RandomForest,pooled_global,4,39,W0382,0,0,0.001810,0.998190
RandomForest,pooled_global,4,39,W0383,0,0,0.000000,1.000000
RandomForest,pooled_global,4,39,W0384,0,0,0.000763,0.999237
RandomForest,pooled_global,4,39,W0385,0,0,0.000000,1.000000
RandomForest,pooled_global,4,39,W0386,0,0,0.000640,0.999360
RandomForest,pooled_global,4,39,W0387,0,0,0.010044,0.989956
RandomForest,pooled_global,4,39,W0388,0,0,0.107502,0.892498
RandomForest,pooled_global,4,39,W0389,0,0,0.045671,0.954329
RandomForest,pooled_global,4,39,W0390,0,0,0.010962,0.989038
RandomForest,pooled_global,4,39,W0391,0,0,0.020788,0.979212
RandomForest,pooled_global,4,39,W0392,0,0,0.018590,0.981410
RandomForest,pooled_global,4,39,W0393,0,0,0.012967,0.987033
RandomForest,pooled_global,4,39,W0394,0,0,0.018871,0.981129
RandomForest,pooled_global,4,39,W0395,0,0,0.021923,0.978077
RandomForest,pooled_global,4,39,W0396,0,0,0.059834,0.940166
RandomForest,pooled_global,4,39,W0397,0,0,0.114544,0.885456
RandomForest,pooled_global,4,39,W0398,0,0,0.134874,0.865126
RandomForest,pooled_global,4,39,W0399,0,0,0.233958,0.766042
RandomForest,pooled_global,4,39,W0400,0,0,0.180860,0.819140
RandomForest,pooled_global,4,39,W0401,0,0,0.152032,0.847968
RandomForest,pooled_global,4,39,W0402,0,0,0.186756,0.813244
RandomForest,pooled_global,4,39,W0403,0,0,0.277938,0.722062
RandomForest,pooled_global,4,39,W0404,0,0,0.269711,0.730289
RandomForest,pooled_global,4,39,W0405,0,0,0.109275,0.890725
RandomForest,pooled_global,4,39,W0406,0,0,0.166072,0.833928
RandomForest,pooled_global,4,39,W0407,0,0,0.130517,0.869483
RandomForest,pooled_global,4,39,W0408,0,0,0.111327,0.888673
RandomForest,pooled_global,4,39,W0409,0,0,0.157322,0.842678
RandomForest,pooled_global,4,39,W0410,0,0,0.242240,0.757760
RandomForest,pooled_global,4,39,W0411,0,0,0.253317,0.746683
RandomForest,pooled_global,4,39,W0412,0,0,0.197297,0.802703
RandomForest,pooled_global,4,39,W0413,0,0,0.140333,0.859667
RandomForest,pooled_global,4,39,W0414,0,0,0.148398,0.851602
RandomForest,pooled_global,4,39,W0415,0,0,0.214664,0.785336
RandomForest,pooled_global,4,39,W0416,0,0,0.196743,0.803257
RandomForest,pooled_global,4,39,W0417,0,0,0.296313,0.703687
RandomForest,pooled_global,4,39,W0418,0,0,0.331753,0.668247
RandomForest,pooled_global,4,39,W0419,0,0,0.299616,0.700384
RandomForest,pooled_global,4,39,W0420,0,0,0.340589,0.659411
RandomForest,pooled_global,4,39,W0421,0,0,0.255368,0.744632
RandomForest,pooled_global,4,39,W0422,0,0,0.406084,0.593916
RandomForest,pooled_global,4,39,W0423,1,1,0.713332,0.286668
RandomForest,pooled_global,4,39,W0424,1,1,0.780322,0.219678
RandomForest,pooled_global,4,39,W0425,1,1,0.716955,0.283045
RandomForest,pooled_global,4,39,W0426,1,1,0.891169,0.108831
RandomForest,pooled_global,4,39,W0427,1,1,0.889568,0.110432
RandomForest,pooled_global,4,39,W0428,1,1,0.963823,0.036177
RandomForest,pooled_global,4,39,W0429,1,1,0.967358,0.032642
RandomForest,pooled_global,4,39,W0430,0,1,0.909743,0.090257
RandomForest,pooled_global,4,39,W0431,0,1,0.838678,0.161322
RandomForest,pooled_global,4,39,W0432,0,0,0.163451,0.836549
RandomForest,pooled_global,4,39,W0433,0,0,0.255845,0.744155
RandomForest,pooled_global,4,39,W0434,0,0,0.011708,0.988292
RandomForest,pooled_global,4,39,W0435,0,0,0.055589,0.944411
RandomForest,pooled_global,4,39,W0436,0,0,0.190641,0.809359
RandomForest,pooled_global,4,39,W0437,0,0,0.253030,0.746970
RandomForest,pooled_global,4,39,W0438,0,0,0.451570,0.548430
RandomForest,pooled_global,4,39,W0439,0,0,0.070157,0.929843
RandomForest,pooled_global,4,39,W0440,0,0,0.022030,0.977970
RandomForest,pooled_global,4,39,W0441,0,0,0.012598,0.987402
RandomForest,pooled_global,4,39,W0442,0,0,0.025058,0.974942
RandomForest,pooled_global,4,39,W0443,0,0,0.036345,0.963655
RandomForest,pooled_global,4,39,W0444,0,0,0.041647,0.958353
RandomForest,pooled_global,4,39,W0445,0,0,0.100495,0.899505
RandomForest,pooled_global,4,39,W0446,0,0,0.200607,0.799393
RandomForest,pooled_global,4,39,W0447,0,0,0.196775,0.803225
RandomForest,pooled_global,4,39,W0448,0,0,0.117282,0.882718
RandomForest,pooled_global,4,39,W0449,0,0,0.131256,0.868744
RandomForest,pooled_global,4,39,W0450,0,0,0.175568,0.824432
RandomForest,pooled_global,4,39,W0451,0,0,0.193796,0.806204
RandomForest,pooled_global,4,39,W0452,0,0,0.307841,0.692159
RandomForest,pooled_global,4,39,W0453,1,0,0.442044,0.557956
RandomForest,pooled_global,4,39,W0454,1,1,0.709708,0.290292
RandomForest,pooled_global,4,39,W0455,0,1,0.949810,0.050190
RandomForest,pooled_global,4,39,W0456,0,1,0.979332,0.020668
RandomForest,pooled_global,4,39,W0457,0,0,0.197345,0.802655
RandomForest,pooled_global,4,39,W0458,0,0,0.031316,0.968684
RandomForest,pooled_global,4,39,W0459,0,0,0.023892,0.976108
RandomForest,pooled_global,4,39,W0460,0,0,0.012967,0.987033
RandomForest,pooled_global,4,39,W0461,0,0,0.000000,1.000000
RandomForest,pooled_global,4,39,W0462,0,0,0.014576,0.985424
RandomForest,pooled_global,4,39,W0463,0,0,0.008673,0.991327
RandomForest,pooled_global,4,39,W0464,0,0,0.001810,0.998190
RandomForest,pooled_global,4,39,W0465,0,0,0.000000,1.000000
RandomForest,pooled_global,4,39,W0466,0,0,0.021242,0.978758
RandomForest,pooled_global,4,39,W0467,0,0,0.054405,0.945595
RandomForest,pooled_global,4,39,W0468,1,0,0.241739,0.758261
RandomForest,pooled_global,4,39,W0469,1,0,0.339030,0.660970
RandomForest,pooled_global,4,39,W0470,1,1,0.834804,0.165196
RandomForest,pooled_global,4,39,W0471,1,1,0.838983,0.161017
RandomForest,pooled_global,4,39,W0472,1,1,0.926633,0.073367
RandomForest,pooled_global,4,39,W0473,1,1,0.890612,0.109388
RandomForest,pooled_global,4,39,W0474,1,1,0.831380,0.168620
RandomForest,pooled_global,4,39,W0475,1,1,0.887570,0.112430
RandomForest,pooled_global,4,39,W0476,1,1,0.943000,0.057000
RandomForest,pooled_global,4,39,W0477,1,1,0.957921,0.042079
RandomForest,pooled_global,4,39,W0478,1,1,0.968505,0.031495
RandomForest,pooled_global,4,39,W0479,1,1,0.967027,0.032973
RandomForest,pooled_global,4,39,W0480,1,1,0.953457,0.046543
RandomForest,pooled_global,4,39,W0481,1,1,0.928042,0.071958
RandomForest,pooled_global,4,39,W0482,1,1,0.949543,0.050457
RandomForest,pooled_global,4,39,W0483,1,1,0.898186,0.101814
RandomForest,pooled_global,4,39,W0484,0,1,0.895431,0.104569
RandomForest,pooled_global,4,39,W0485,0,1,0.659302,0.340698
RandomForest,pooled_global,4,39,W0486,0,1,0.572296,0.427704
RandomForest,pooled_global,4,39,W0487,0,0,0.320024,0.679976
RandomForest,pooled_global,4,39,W0488,0,0,0.312785,0.687215
RandomForest,pooled_global,4,39,W0489,0,0,0.159773,0.840227
RandomForest,pooled_global,4,39,W0490,0,0,0.189583,0.810417
RandomForest,pooled_global,4,39,W0491,0,0,0.160208,0.839792
RandomForest,pooled_global,4,39,W0492,0,0,0.004726,0.995274
RandomForest,pooled_global,4,39,W0493,0,0,0.004828,0.995172
RandomForest,pooled_global,4,39,W0494,0,0,0.000000,1.000000
RandomForest,pooled_global,4,39,W0495,0,0,0.001242,0.998758
RandomForest,pooled_global,4,39,W0496,1,0,0.003248,0.996752
XGBoost,pooled_global,4,39,W0382,0,0,0.000179,0.999821
XGBoost,pooled_global,4,39,W0383,0,0,0.000256,0.999744
XGBoost,pooled_global,4,39,W0384,0,0,0.000280,0.999720
XGBoost,pooled_global,4,39,W0385,0,0,0.000132,0.999868
XGBoost,pooled_global,4,39,W0386,0,0,0.000353,0.999647
XGBoost,pooled_global,4,39,W0387,0,0,0.001132,0.998868
XGBoost,pooled_global,4,39,W0388,0,0,0.047386,0.952614
XGBoost,pooled_global,4,39,W0389,0,0,0.006601,0.993399
XGBoost,pooled_global,4,39,W0390,0,0,0.003359,0.996641
XGBoost,pooled_global,4,39,W0391,0,0,0.005901,0.994099
XGBoost,pooled_global,4,39,W0392,0,0,0.010472,0.989528
XGBoost,pooled_global,4,39,W0393,0,0,0.014629,0.985371
XGBoost,pooled_global,4,39,W0394,0,0,0.008725,0.991275
XGBoost,pooled_global,4,39,W0395,0,0,0.017579,0.982421
XGBoost,pooled_global,4,39,W0396,0,0,0.031047,0.968953
XGBoost,pooled_global,4,39,W0397,0,0,0.211163,0.788837
XGBoost,pooled_global,4,39,W0398,0,0,0.357054,0.642946
XGBoost,pooled_global,4,39,W0399,0,1,0.757857,0.242143
XGBoost,pooled_global,4,39,W0400,0,0,0.277210,0.722790
XGBoost,pooled_global,4,39,W0401,0,0,0.137611,0.862389
XGBoost,pooled_global,4,39,W0402,0,0,0.222776,0.777224
XGBoost,pooled_global,4,39,W0403,0,1,0.681433,0.318567
XGBoost,pooled_global,4,39,W0404,0,1,0.819993,0.180007
XGBoost,pooled_global,4,39,W0405,0,0,0.408696,0.591304
XGBoost,pooled_global,4,39,W0406,0,0,0.340398,0.659602
XGBoost,pooled_global,4,39,W0407,0,0,0.375826,0.624174
XGBoost,pooled_global,4,39,W0408,0,0,0.187474,0.812526
XGBoost,pooled_global,4,39,W0409,0,0,0.240268,0.759732
XGBoost,pooled_global,4,39,W0410,0,1,0.501933,0.498067
XGBoost,pooled_global,4,39,W0411,0,1,0.574133,0.425867
XGBoost,pooled_global,4,39,W0412,0,0,0.246308,0.753692
XGBoost,pooled_global,4,39,W0413,0,0,0.140394,0.859606
XGBoost,pooled_global,4,39,W0414,0,0,0.145221,0.854779
XGBoost,pooled_global,4,39,W0415,0,0,0.048861,0.951139
XGBoost,pooled_global,4,39,W0416,0,0,0.109745,0.890255
XGBoost,pooled_global,4,39,W0417,0,1,0.868272,0.131728
XGBoost,pooled_global,4,39,W0418,0,1,0.821806,0.178194
XGBoost,pooled_global,4,39,W0419,0,0,0.290922,0.709078
XGBoost,pooled_global,4,39,W0420,0,0,0.308987,0.691013
XGBoost,pooled_global,4,39,W0421,0,0,0.291446,0.708554
XGBoost,pooled_global,4,39,W0422,0,0,0.280296,0.719704
XGBoost,pooled_global,4,39,W0423,1,1,0.930699,0.069301
XGBoost,pooled_global,4,39,W0424,1,1,0.997519,0.002481
XGBoost,pooled_global,4,39,W0425,1,1,0.967856,0.032144
XGBoost,pooled_global,4,39,W0426,1,1,0.998439,0.001561
XGBoost,pooled_global,4,39,W0427,1,1,0.985882,0.014118
XGBoost,pooled_global,4,39,W0428,1,1,0.996807,0.003193
XGBoost,pooled_global,4,39,W0429,1,1,0.989391,0.010609
XGBoost,pooled_global,4,39,W0430,0,1,0.997336,0.002664
XGBoost,pooled_global,4,39,W0431,0,1,0.982025,0.017975
XGBoost,pooled_global,4,39,W0432,0,0,0.009678,0.990322
XGBoost,pooled_global,4,39,W0433,0,0,0.060839,0.939161
XGBoost,pooled_global,4,39,W0434,0,0,0.004283,0.995717
XGBoost,pooled_global,4,39,W0435,0,0,0.012571,0.987429
XGBoost,pooled_global,4,39,W0436,0,0,0.091068,0.908931
XGBoost,pooled_global,4,39,W0437,0,0,0.253756,0.746244
XGBoost,pooled_global,4,39,W0438,0,0,0.476182,0.523818
XGBoost,pooled_global,4,39,W0439,0,0,0.023312,0.976688
XGBoost,pooled_global,4,39,W0440,0,0,0.008033,0.991967
XGBoost,pooled_global,4,39,W0441,0,0,0.005964,0.994036
XGBoost,pooled_global,4,39,W0442,0,0,0.007569,0.992431
XGBoost,pooled_global,4,39,W0443,0,0,0.012222,0.987778
XGBoost,pooled_global,4,39,W0444,0,0,0.020778,0.979222
XGBoost,pooled_global,4,39,W0445,0,0,0.238625,0.761375
XGBoost,pooled_global,4,39,W0446,0,0,0.295604,0.704396
XGBoost,pooled_global,4,39,W0447,0,1,0.643317,0.356683
XGBoost,pooled_global,4,39,W0448,0,1,0.569164,0.430836
XGBoost,pooled_global,4,39,W0449,0,1,0.645073,0.354927
XGBoost,pooled_global,4,39,W0450,0,1,0.644996,0.355004
XGBoost,pooled_global,4,39,W0451,0,1,0.661682,0.338318
XGBoost,pooled_global,4,39,W0452,0,1,0.609509,0.390491
XGBoost,pooled_global,4,39,W0453,1,1,0.917204,0.082796
XGBoost,pooled_global,4,39,W0454,1,1,0.979992,0.020008
XGBoost,pooled_global,4,39,W0455,0,1,0.998124,0.001876
XGBoost,pooled_global,4,39,W0456,0,1,0.998872,0.001128
XGBoost,pooled_global,4,39,W0457,0,0,0.032648,0.967352
XGBoost,pooled_global,4,39,W0458,0,0,0.000286,0.999714
XGBoost,pooled_global,4,39,W0459,0,0,0.000247,0.999753
XGBoost,pooled_global,4,39,W0460,0,0,0.001620,0.998380
XGBoost,pooled_global,4,39,W0461,0,0,0.000435,0.999565
XGBoost,pooled_global,4,39,W0462,0,0,0.000534,0.999466
XGBoost,pooled_global,4,39,W0463,0,0,0.000370,0.999630
XGBoost,pooled_global,4,39,W0464,0,0,0.000167,0.999833
XGBoost,pooled_global,4,39,W0465,0,0,0.000228,0.999772
XGBoost,pooled_global,4,39,W0466,0,0,0.000584,0.999416
XGBoost,pooled_global,4,39,W0467,0,0,0.000816,0.999184
XGBoost,pooled_global,4,39,W0468,1,0,0.080246,0.919754
XGBoost,pooled_global,4,39,W0469,1,1,0.563900,0.436100
XGBoost,pooled_global,4,39,W0470,1,1,0.981743,0.018257
XGBoost,pooled_global,4,39,W0471,1,1,0.994917,0.005083
XGBoost,pooled_global,4,39,W0472,1,1,0.978130,0.021870
XGBoost,pooled_global,4,39,W0473,1,1,0.966709,0.033291
XGBoost,pooled_global,4,39,W0474,1,1,0.722826,0.277174
XGBoost,pooled_global,4,39,W0475,1,1,0.934909,0.065091
XGBoost,pooled_global,4,39,W0476,1,1,0.993213,0.006787
XGBoost,pooled_global,4,39,W0477,1,1,0.994777,0.005223
XGBoost,pooled_global,4,39,W0478,1,1,0.999508,0.000492
XGBoost,pooled_global,4,39,W0479,1,1,0.995104,0.004896
XGBoost,pooled_global,4,39,W0480,1,1,0.998793,0.001207
XGBoost,pooled_global,4,39,W0481,1,1,0.997144,0.002856
XGBoost,pooled_global,4,39,W0482,1,1,0.998117,0.001883
XGBoost,pooled_global,4,39,W0483,1,1,0.991500,0.008500
XGBoost,pooled_global,4,39,W0484,0,1,0.971962,0.028038
XGBoost,pooled_global,4,39,W0485,0,1,0.579118,0.420882
XGBoost,pooled_global,4,39,W0486,0,0,0.245803,0.754197
XGBoost,pooled_global,4,39,W0487,0,0,0.012220,0.987780
XGBoost,pooled_global,4,39,W0488,0,0,0.180095,0.819905
XGBoost,pooled_global,4,39,W0489,0,0,0.121532,0.878468
XGBoost,pooled_global,4,39,W0490,0,0,0.069384,0.930616
XGBoost,pooled_global,4,39,W0491,0,0,0.022542,0.977458
XGBoost,pooled_global,4,39,W0492,0,0,0.000205,0.999795
XGBoost,pooled_global,4,39,W0493,0,0,0.000446,0.999554
XGBoost,pooled_global,4,39,W0494,0,0,0.000159,0.999841
XGBoost,pooled_global,4,39,W0495,0,0,0.000081,0.999919
XGBoost,pooled_global,4,39,W0496,1,0,0.000085,0.999915
MLP_NeuralNet,pooled_global,4,39,W0382,0,0,0.006876,0.993124
MLP_NeuralNet,pooled_global,4,39,W0383,0,0,0.010196,0.989804
MLP_NeuralNet,pooled_global,4,39,W0384,0,0,0.016608,0.983392
MLP_NeuralNet,pooled_global,4,39,W0385,0,0,0.023552,0.976448
MLP_NeuralNet,pooled_global,4,39,W0386,0,0,0.046567,0.953433
MLP_NeuralNet,pooled_global,4,39,W0387,0,0,0.093650,0.906350
MLP_NeuralNet,pooled_global,4,39,W0388,0,0,0.147479,0.852521
MLP_NeuralNet,pooled_global,4,39,W0389,0,0,0.076399,0.923601
MLP_NeuralNet,pooled_global,4,39,W0390,0,0,0.039012,0.960988
MLP_NeuralNet,pooled_global,4,39,W0391,0,0,0.028322,0.971678
MLP_NeuralNet,pooled_global,4,39,W0392,0,0,0.021341,0.978659
MLP_NeuralNet,pooled_global,4,39,W0393,0,0,0.018812,0.981188
MLP_NeuralNet,pooled_global,4,39,W0394,0,0,0.017841,0.982159
MLP_NeuralNet,pooled_global,4,39,W0395,0,0,0.018693,0.981307
MLP_NeuralNet,pooled_global,4,39,W0396,0,0,0.026489,0.973511
MLP_NeuralNet,pooled_global,4,39,W0397,0,0,0.027971,0.972029
MLP_NeuralNet,pooled_global,4,39,W0398,0,0,0.031797,0.968203
MLP_NeuralNet,pooled_global,4,39,W0399,0,0,0.041616,0.958384
MLP_NeuralNet,pooled_global,4,39,W0400,0,0,0.059426,0.940574
MLP_NeuralNet,pooled_global,4,39,W0401,0,0,0.057028,0.942972
MLP_NeuralNet,pooled_global,4,39,W0402,0,0,0.056794,0.943206
MLP_NeuralNet,pooled_global,4,39,W0403,0,0,0.059765,0.940235
MLP_NeuralNet,pooled_global,4,39,W0404,0,0,0.058771,0.941229
MLP_NeuralNet,pooled_global,4,39,W0405,0,0,0.061481,0.938519
MLP_NeuralNet,pooled_global,4,39,W0406,0,0,0.083776,0.916224
MLP_NeuralNet,pooled_global,4,39,W0407,0,0,0.096674,0.903326
MLP_NeuralNet,pooled_global,4,39,W0408,0,0,0.105159,0.894841
MLP_NeuralNet,pooled_global,4,39,W0409,0,0,0.152837,0.847163
MLP_NeuralNet,pooled_global,4,39,W0410,0,0,0.175160,0.824840
MLP_NeuralNet,pooled_global,4,39,W0411,0,0,0.152201,0.847799
MLP_NeuralNet,pooled_global,4,39,W0412,0,0,0.192244,0.807756
MLP_NeuralNet,pooled_global,4,39,W0413,0,0,0.315112,0.684888
MLP_NeuralNet,pooled_global,4,39,W0414,0,0,0.380363,0.619637
MLP_NeuralNet,pooled_global,4,39,W0415,0,0,0.335786,0.664214
MLP_NeuralNet,pooled_global,4,39,W0416,0,0,0.402935,0.597065
MLP_NeuralNet,pooled_global,4,39,W0417,0,0,0.403195,0.596805
MLP_NeuralNet,pooled_global,4,39,W0418,0,0,0.396530,0.603470
MLP_NeuralNet,pooled_global,4,39,W0419,0,0,0.470910,0.529090
MLP_NeuralNet,pooled_global,4,39,W0420,0,1,0.555325,0.444675
MLP_NeuralNet,pooled_global,4,39,W0421,0,1,0.543466,0.456534
MLP_NeuralNet,pooled_global,4,39,W0422,0,1,0.686569,0.313431
MLP_NeuralNet,pooled_global,4,39,W0423,1,1,0.700997,0.299003
MLP_NeuralNet,pooled_global,4,39,W0424,1,1,0.720489,0.279511
MLP_NeuralNet,pooled_global,4,39,W0425,1,1,0.673684,0.326316
MLP_NeuralNet,pooled_global,4,39,W0426,1,1,0.755404,0.244596
MLP_NeuralNet,pooled_global,4,39,W0427,1,1,0.822077,0.177923
MLP_NeuralNet,pooled_global,4,39,W0428,1,1,0.929706,0.070294
MLP_NeuralNet,pooled_global,4,39,W0429,1,1,0.861217,0.138783
MLP_NeuralNet,pooled_global,4,39,W0430,0,1,0.743589,0.256411
MLP_NeuralNet,pooled_global,4,39,W0431,0,1,0.565382,0.434618
MLP_NeuralNet,pooled_global,4,39,W0432,0,0,0.107572,0.892428
MLP_NeuralNet,pooled_global,4,39,W0433,0,0,0.239423,0.760577
MLP_NeuralNet,pooled_global,4,39,W0434,0,0,0.003649,0.996351
MLP_NeuralNet,pooled_global,4,39,W0435,0,0,0.000012,0.999988
MLP_NeuralNet,pooled_global,4,39,W0436,0,0,0.000820,0.999180
MLP_NeuralNet,pooled_global,4,39,W0437,0,1,0.803761,0.196239
MLP_NeuralNet,pooled_global,4,39,W0438,0,1,0.748864,0.251136
MLP_NeuralNet,pooled_global,4,39,W0439,0,0,0.298194,0.701806
MLP_NeuralNet,pooled_global,4,39,W0440,0,0,0.000025,0.999975
MLP_NeuralNet,pooled_global,4,39,W0441,0,0,0.000087,0.999913
MLP_NeuralNet,pooled_global,4,39,W0442,0,0,0.129312,0.870688
MLP_NeuralNet,pooled_global,4,39,W0443,0,0,0.033429,0.966571
MLP_NeuralNet,pooled_global,4,39,W0444,0,0,0.013378,0.986622
MLP_NeuralNet,pooled_global,4,39,W0445,0,0,0.012973,0.987027
MLP_NeuralNet,pooled_global,4,39,W0446,0,0,0.024589,0.975411
MLP_NeuralNet,pooled_global,4,39,W0447,0,0,0.039720,0.960280
MLP_NeuralNet,pooled_global,4,39,W0448,0,0,0.068492,0.931508
MLP_NeuralNet,pooled_global,4,39,W0449,0,0,0.143101,0.856899
MLP_NeuralNet,pooled_global,4,39,W0450,0,0,0.222186,0.777814
MLP_NeuralNet,pooled_global,4,39,W0451,0,0,0.273781,0.726219
MLP_NeuralNet,pooled_global,4,39,W0452,0,0,0.412029,0.587971
MLP_NeuralNet,pooled_global,4,39,W0453,1,0,0.470042,0.529958
MLP_NeuralNet,pooled_global,4,39,W0454,1,1,0.796759,0.203241
MLP_NeuralNet,pooled_global,4,39,W0455,0,1,0.923677,0.076323
MLP_NeuralNet,pooled_global,4,39,W0456,0,1,0.957812,0.042188
MLP_NeuralNet,pooled_global,4,39,W0457,0,0,0.446010,0.553990
MLP_NeuralNet,pooled_global,4,39,W0458,0,0,0.000609,0.999391
MLP_NeuralNet,pooled_global,4,39,W0459,0,0,0.002719,0.997281
MLP_NeuralNet,pooled_global,4,39,W0460,0,0,0.054252,0.945748
MLP_NeuralNet,pooled_global,4,39,W0461,0,0,0.053057,0.946943
MLP_NeuralNet,pooled_global,4,39,W0462,0,0,0.036246,0.963754
MLP_NeuralNet,pooled_global,4,39,W0463,0,0,0.015500,0.984500
MLP_NeuralNet,pooled_global,4,39,W0464,0,0,0.010255,0.989745
MLP_NeuralNet,pooled_global,4,39,W0465,0,0,0.008394,0.991606
MLP_NeuralNet,pooled_global,4,39,W0466,0,0,0.010440,0.989560
MLP_NeuralNet,pooled_global,4,39,W0467,0,0,0.024323,0.975677
MLP_NeuralNet,pooled_global,4,39,W0468,1,0,0.081413,0.918587
MLP_NeuralNet,pooled_global,4,39,W0469,1,0,0.247995,0.752005
MLP_NeuralNet,pooled_global,4,39,W0470,1,0,0.473530,0.526470
MLP_NeuralNet,pooled_global,4,39,W0471,1,1,0.649449,0.350551
MLP_NeuralNet,pooled_global,4,39,W0472,1,1,0.761373,0.238627
MLP_NeuralNet,pooled_global,4,39,W0473,1,1,0.825968,0.174032
MLP_NeuralNet,pooled_global,4,39,W0474,1,1,0.812010,0.187990
MLP_NeuralNet,pooled_global,4,39,W0475,1,1,0.850977,0.149023
MLP_NeuralNet,pooled_global,4,39,W0476,1,1,0.894401,0.105599
MLP_NeuralNet,pooled_global,4,39,W0477,1,1,0.867546,0.132454
MLP_NeuralNet,pooled_global,4,39,W0478,1,1,0.870974,0.129026
MLP_NeuralNet,pooled_global,4,39,W0479,1,1,0.787222,0.212778
MLP_NeuralNet,pooled_global,4,39,W0480,1,1,0.778696,0.221304
MLP_NeuralNet,pooled_global,4,39,W0481,1,1,0.792668,0.207332
MLP_NeuralNet,pooled_global,4,39,W0482,1,1,0.857030,0.142970
MLP_NeuralNet,pooled_global,4,39,W0483,1,1,0.895641,0.104359
MLP_NeuralNet,pooled_global,4,39,W0484,0,1,0.849283,0.150717
MLP_NeuralNet,pooled_global,4,39,W0485,0,1,0.748586,0.251414
MLP_NeuralNet,pooled_global,4,39,W0486,0,1,0.552825,0.447175
MLP_NeuralNet,pooled_global,4,39,W0487,0,0,0.328598,0.671402
MLP_NeuralNet,pooled_global,4,39,W0488,0,0,0.299032,0.700968
MLP_NeuralNet,pooled_global,4,39,W0489,0,0,0.106878,0.893122
MLP_NeuralNet,pooled_global,4,39,W0490,0,0,0.076299,0.923701
MLP_NeuralNet,pooled_global,4,39,W0491,0,0,0.070583,0.929417
MLP_NeuralNet,pooled_global,4,39,W0492,0,0,0.004029,0.995971
MLP_NeuralNet,pooled_global,4,39,W0493,0,0,0.004838,0.995162
MLP_NeuralNet,pooled_global,4,39,W0494,0,0,0.001178,0.998822
MLP_NeuralNet,pooled_global,4,39,W0495,0,0,0.000396,0.999604
MLP_NeuralNet,pooled_global,4,39,W0496,1,0,0.000356,0.999644
LogisticRegression,fold_aware,4,39,W0382,0,0,0.000629,0.999371
LogisticRegression,fold_aware,4,39,W0383,0,0,0.002244,0.997756
LogisticRegression,fold_aware,4,39,W0384,0,0,0.010686,0.989314
LogisticRegression,fold_aware,4,39,W0385,0,0,0.084141,0.915859
LogisticRegression,fold_aware,4,39,W0386,0,1,0.584748,0.415252
LogisticRegression,fold_aware,4,39,W0387,0,1,0.923965,0.076035
LogisticRegression,fold_aware,4,39,W0388,0,1,0.963160,0.036840
LogisticRegression,fold_aware,4,39,W0389,0,1,0.849155,0.150845
LogisticRegression,fold_aware,4,39,W0390,0,0,0.497071,0.502929
LogisticRegression,fold_aware,4,39,W0391,0,0,0.205500,0.794500
LogisticRegression,fold_aware,4,39,W0392,0,0,0.135024,0.864976
LogisticRegression,fold_aware,4,39,W0393,0,0,0.139014,0.860986
LogisticRegression,fold_aware,4,39,W0394,0,0,0.101174,0.898826
LogisticRegression,fold_aware,4,39,W0395,0,0,0.057757,0.942243
LogisticRegression,fold_aware,4,39,W0396,0,0,0.046791,0.953209
LogisticRegression,fold_aware,4,39,W0397,0,0,0.050491,0.949509
LogisticRegression,fold_aware,4,39,W0398,0,0,0.076481,0.923519
LogisticRegression,fold_aware,4,39,W0399,0,0,0.203629,0.796371
LogisticRegression,fold_aware,4,39,W0400,0,0,0.391155,0.608845
LogisticRegression,fold_aware,4,39,W0401,0,0,0.264427,0.735573
LogisticRegression,fold_aware,4,39,W0402,0,0,0.198089,0.801911
LogisticRegression,fold_aware,4,39,W0403,0,0,0.237186,0.762814
LogisticRegression,fold_aware,4,39,W0404,0,0,0.278236,0.721764
LogisticRegression,fold_aware,4,39,W0405,0,0,0.335550,0.664450
LogisticRegression,fold_aware,4,39,W0406,0,1,0.522605,0.477395
LogisticRegression,fold_aware,4,39,W0407,0,0,0.455490,0.544510
LogisticRegression,fold_aware,4,39,W0408,0,0,0.278330,0.721670
LogisticRegression,fold_aware,4,39,W0409,0,0,0.264745,0.735255
LogisticRegression,fold_aware,4,39,W0410,0,0,0.254628,0.745372
LogisticRegression,fold_aware,4,39,W0411,0,0,0.270000,0.730000
LogisticRegression,fold_aware,4,39,W0412,0,0,0.415124,0.584876
LogisticRegression,fold_aware,4,39,W0413,0,1,0.673841,0.326159
LogisticRegression,fold_aware,4,39,W0414,0,1,0.619749,0.380251
LogisticRegression,fold_aware,4,39,W0415,0,1,0.502465,0.497535
LogisticRegression,fold_aware,4,39,W0416,0,0,0.442017,0.557983
LogisticRegression,fold_aware,4,39,W0417,0,1,0.503216,0.496784
LogisticRegression,fold_aware,4,39,W0418,0,1,0.630145,0.369855
LogisticRegression,fold_aware,4,39,W0419,0,1,0.743972,0.256028
LogisticRegression,fold_aware,4,39,W0420,0,1,0.839566,0.160434
LogisticRegression,fold_aware,4,39,W0421,0,1,0.679347,0.320653
LogisticRegression,fold_aware,4,39,W0422,0,1,0.579585,0.420415
LogisticRegression,fold_aware,4,39,W0423,1,1,0.551489,0.448511
LogisticRegression,fold_aware,4,39,W0424,1,1,0.569812,0.430188
LogisticRegression,fold_aware,4,39,W0425,1,1,0.667198,0.332802
LogisticRegression,fold_aware,4,39,W0426,1,1,0.803052,0.196948
LogisticRegression,fold_aware,4,39,W0427,1,1,0.897946,0.102054
LogisticRegression,fold_aware,4,39,W0428,1,1,0.889948,0.110052
LogisticRegression,fold_aware,4,39,W0429,1,1,0.823393,0.176607
LogisticRegression,fold_aware,4,39,W0430,0,1,0.755898,0.244102
LogisticRegression,fold_aware,4,39,W0431,0,1,0.698608,0.301392
LogisticRegression,fold_aware,4,39,W0432,0,0,0.147671,0.852329
LogisticRegression,fold_aware,4,39,W0433,0,0,0.392109,0.607891
LogisticRegression,fold_aware,4,39,W0434,0,0,0.001487,0.998513
LogisticRegression,fold_aware,4,39,W0435,0,0,0.000001,0.999999
LogisticRegression,fold_aware,4,39,W0436,0,0,0.000154,0.999846
LogisticRegression,fold_aware,4,39,W0437,0,0,0.489695,0.510305
LogisticRegression,fold_aware,4,39,W0438,0,1,0.785509,0.214491
LogisticRegression,fold_aware,4,39,W0439,0,0,0.073568,0.926432
LogisticRegression,fold_aware,4,39,W0440,0,0,0.000006,0.999994
LogisticRegression,fold_aware,4,39,W0441,0,0,0.000017,0.999983
LogisticRegression,fold_aware,4,39,W0442,0,0,0.273745,0.726255
LogisticRegression,fold_aware,4,39,W0443,0,0,0.042330,0.957670
LogisticRegression,fold_aware,4,39,W0444,0,0,0.003960,0.996040
LogisticRegression,fold_aware,4,39,W0445,0,0,0.008757,0.991243
LogisticRegression,fold_aware,4,39,W0446,0,0,0.019488,0.980512
LogisticRegression,fold_aware,4,39,W0447,0,0,0.047918,0.952082
LogisticRegression,fold_aware,4,39,W0448,0,0,0.138998,0.861002
LogisticRegression,fold_aware,4,39,W0449,0,0,0.285882,0.714118
LogisticRegression,fold_aware,4,39,W0450,0,0,0.317632,0.682368
LogisticRegression,fold_aware,4,39,W0451,0,0,0.351156,0.648844
LogisticRegression,fold_aware,4,39,W0452,0,0,0.431032,0.568968
LogisticRegression,fold_aware,4,39,W0453,1,0,0.324861,0.675139
LogisticRegression,fold_aware,4,39,W0454,1,1,0.568523,0.431477
LogisticRegression,fold_aware,4,39,W0455,0,1,0.846577,0.153423
LogisticRegression,fold_aware,4,39,W0456,0,1,0.934230,0.065770
LogisticRegression,fold_aware,4,39,W0457,0,0,0.391080,0.608920
LogisticRegression,fold_aware,4,39,W0458,0,0,0.000002,0.999998
LogisticRegression,fold_aware,4,39,W0459,0,0,0.000148,0.999852
LogisticRegression,fold_aware,4,39,W0460,0,0,0.153181,0.846819
LogisticRegression,fold_aware,4,39,W0461,0,0,0.065775,0.934225
LogisticRegression,fold_aware,4,39,W0462,0,0,0.011710,0.988290
LogisticRegression,fold_aware,4,39,W0463,0,0,0.002987,0.997013
LogisticRegression,fold_aware,4,39,W0464,0,0,0.001524,0.998476
LogisticRegression,fold_aware,4,39,W0465,0,0,0.001734,0.998266
LogisticRegression,fold_aware,4,39,W0466,0,0,0.005658,0.994342
LogisticRegression,fold_aware,4,39,W0467,0,0,0.031894,0.968106
LogisticRegression,fold_aware,4,39,W0468,1,0,0.185449,0.814551
LogisticRegression,fold_aware,4,39,W0469,1,0,0.351597,0.648403
LogisticRegression,fold_aware,4,39,W0470,1,0,0.477547,0.522453
LogisticRegression,fold_aware,4,39,W0471,1,1,0.567147,0.432853
LogisticRegression,fold_aware,4,39,W0472,1,0,0.471684,0.528316
LogisticRegression,fold_aware,4,39,W0473,1,0,0.497809,0.502191
LogisticRegression,fold_aware,4,39,W0474,1,1,0.540167,0.459833
LogisticRegression,fold_aware,4,39,W0475,1,1,0.809783,0.190217
LogisticRegression,fold_aware,4,39,W0476,1,1,0.824631,0.175369
LogisticRegression,fold_aware,4,39,W0477,1,1,0.779212,0.220788
LogisticRegression,fold_aware,4,39,W0478,1,1,0.783474,0.216526
LogisticRegression,fold_aware,4,39,W0479,1,1,0.727262,0.272738
LogisticRegression,fold_aware,4,39,W0480,1,1,0.812072,0.187928
LogisticRegression,fold_aware,4,39,W0481,1,1,0.914986,0.085014
LogisticRegression,fold_aware,4,39,W0482,1,1,0.892548,0.107452
LogisticRegression,fold_aware,4,39,W0483,1,1,0.801471,0.198529
LogisticRegression,fold_aware,4,39,W0484,0,1,0.504544,0.495456
LogisticRegression,fold_aware,4,39,W0485,0,0,0.248146,0.751854
LogisticRegression,fold_aware,4,39,W0486,0,0,0.216251,0.783749
LogisticRegression,fold_aware,4,39,W0487,0,0,0.363391,0.636609
LogisticRegression,fold_aware,4,39,W0488,0,1,0.605587,0.394413
LogisticRegression,fold_aware,4,39,W0489,0,0,0.260819,0.739181
LogisticRegression,fold_aware,4,39,W0490,0,0,0.161313,0.838687
LogisticRegression,fold_aware,4,39,W0491,0,0,0.153836,0.846164
LogisticRegression,fold_aware,4,39,W0492,0,0,0.003113,0.996887
LogisticRegression,fold_aware,4,39,W0493,0,0,0.000322,0.999678
LogisticRegression,fold_aware,4,39,W0494,0,0,0.000001,0.999999
LogisticRegression,fold_aware,4,39,W0495,0,0,0.000000,1.000000
LogisticRegression,fold_aware,4,39,W0496,1,0,0.000000,1.000000
SVM_RBF,fold_aware,4,39,W0382,0,0,0.003791,0.996209
SVM_RBF,fold_aware,4,39,W0383,0,0,0.005331,0.994669
SVM_RBF,fold_aware,4,39,W0384,0,0,0.007420,0.992580
SVM_RBF,fold_aware,4,39,W0385,0,0,0.012480,0.987520
SVM_RBF,fold_aware,4,39,W0386,0,0,0.027553,0.972447
SVM_RBF,fold_aware,4,39,W0387,0,0,0.052377,0.947623
SVM_RBF,fold_aware,4,39,W0388,0,0,0.085715,0.914285
SVM_RBF,fold_aware,4,39,W0389,0,0,0.041681,0.958319
SVM_RBF,fold_aware,4,39,W0390,0,0,0.022177,0.977823
SVM_RBF,fold_aware,4,39,W0391,0,0,0.016922,0.983078
SVM_RBF,fold_aware,4,39,W0392,0,0,0.016835,0.983165
SVM_RBF,fold_aware,4,39,W0393,0,0,0.019148,0.980852
SVM_RBF,fold_aware,4,39,W0394,0,0,0.018851,0.981149
SVM_RBF,fold_aware,4,39,W0395,0,0,0.017285,0.982715
SVM_RBF,fold_aware,4,39,W0396,0,0,0.015611,0.984389
SVM_RBF,fold_aware,4,39,W0397,0,0,0.014904,0.985096
SVM_RBF,fold_aware,4,39,W0398,0,0,0.016000,0.984000
SVM_RBF,fold_aware,4,39,W0399,0,0,0.023176,0.976824
SVM_RBF,fold_aware,4,39,W0400,0,0,0.036245,0.963755
SVM_RBF,fold_aware,4,39,W0401,0,0,0.036719,0.963281
SVM_RBF,fold_aware,4,39,W0402,0,0,0.036399,0.963601
SVM_RBF,fold_aware,4,39,W0403,0,0,0.043207,0.956793
SVM_RBF,fold_aware,4,39,W0404,0,0,0.053888,0.946112
SVM_RBF,fold_aware,4,39,W0405,0,0,0.071502,0.928498
SVM_RBF,fold_aware,4,39,W0406,0,0,0.129250,0.870750
SVM_RBF,fold_aware,4,39,W0407,0,0,0.162101,0.837899
SVM_RBF,fold_aware,4,39,W0408,0,0,0.160115,0.839885
SVM_RBF,fold_aware,4,39,W0409,0,0,0.191008,0.808992
SVM_RBF,fold_aware,4,39,W0410,0,0,0.216776,0.783224
SVM_RBF,fold_aware,4,39,W0411,0,0,0.234321,0.765679
SVM_RBF,fold_aware,4,39,W0412,0,0,0.372478,0.627522
SVM_RBF,fold_aware,4,39,W0413,0,1,0.611119,0.388881
SVM_RBF,fold_aware,4,39,W0414,0,1,0.659822,0.340178
SVM_RBF,fold_aware,4,39,W0415,0,1,0.605951,0.394049
SVM_RBF,fold_aware,4,39,W0416,0,1,0.645370,0.354630
SVM_RBF,fold_aware,4,39,W0417,0,1,0.662357,0.337643
SVM_RBF,fold_aware,4,39,W0418,0,1,0.699967,0.300033
SVM_RBF,fold_aware,4,39,W0419,0,1,0.802392,0.197608
SVM_RBF,fold_aware,4,39,W0420,0,1,0.870589,0.129411
SVM_RBF,fold_aware,4,39,W0421,0,1,0.841553,0.158447
SVM_RBF,fold_aware,4,39,W0422,0,1,0.867305,0.132695
SVM_RBF,fold_aware,4,39,W0423,1,1,0.865820,0.134180
SVM_RBF,fold_aware,4,39,W0424,1,1,0.875627,0.124373
SVM_RBF,fold_aware,4,39,W0425,1,1,0.867553,0.132447
SVM_RBF,fold_aware,4,39,W0426,1,1,0.925352,0.074648
SVM_RBF,fold_aware,4,39,W0427,1,1,0.958631,0.041369
SVM_RBF,fold_aware,4,39,W0428,1,1,0.978110,0.021890
SVM_RBF,fold_aware,4,39,W0429,1,1,0.953876,0.046124
SVM_RBF,fold_aware,4,39,W0430,0,1,0.913034,0.086966
SVM_RBF,fold_aware,4,39,W0431,0,1,0.851824,0.148176
SVM_RBF,fold_aware,4,39,W0432,0,0,0.554071,0.445929
SVM_RBF,fold_aware,4,39,W0433,0,1,0.762113,0.237887
SVM_RBF,fold_aware,4,39,W0434,0,0,0.061764,0.938236
SVM_RBF,fold_aware,4,39,W0435,0,0,0.186567,0.813433
SVM_RBF,fold_aware,4,39,W0436,0,0,0.101699,0.898301
SVM_RBF,fold_aware,4,39,W0437,0,1,0.844162,0.155838
SVM_RBF,fold_aware,4,39,W0438,0,1,0.820499,0.179501
SVM_RBF,fold_aware,4,39,W0439,0,0,0.235228,0.764772
SVM_RBF,fold_aware,4,39,W0440,0,0,0.196058,0.803942
SVM_RBF,fold_aware,4,39,W0441,0,0,0.195089,0.804911
SVM_RBF,fold_aware,4,39,W0442,0,0,0.063480,0.936520
SVM_RBF,fold_aware,4,39,W0443,0,0,0.036513,0.963487
SVM_RBF,fold_aware,4,39,W0444,0,0,0.030794,0.969206
SVM_RBF,fold_aware,4,39,W0445,0,0,0.042995,0.957005
SVM_RBF,fold_aware,4,39,W0446,0,0,0.054139,0.945861
SVM_RBF,fold_aware,4,39,W0447,0,0,0.089375,0.910625
SVM_RBF,fold_aware,4,39,W0448,0,0,0.188861,0.811139
SVM_RBF,fold_aware,4,39,W0449,0,0,0.357744,0.642256
SVM_RBF,fold_aware,4,39,W0450,0,0,0.431607,0.568393
SVM_RBF,fold_aware,4,39,W0451,0,0,0.534228,0.465772
SVM_RBF,fold_aware,4,39,W0452,0,1,0.674800,0.325200
SVM_RBF,fold_aware,4,39,W0453,1,1,0.728121,0.271879
SVM_RBF,fold_aware,4,39,W0454,1,1,0.934707,0.065293
SVM_RBF,fold_aware,4,39,W0455,0,1,0.973996,0.026004
SVM_RBF,fold_aware,4,39,W0456,0,1,0.985589,0.014411
SVM_RBF,fold_aware,4,39,W0457,0,1,0.940018,0.059982
SVM_RBF,fold_aware,4,39,W0458,0,0,0.216975,0.783025
SVM_RBF,fold_aware,4,39,W0459,0,0,0.330574,0.669426
SVM_RBF,fold_aware,4,39,W0460,0,1,0.778605,0.221395
SVM_RBF,fold_aware,4,39,W0461,0,0,0.553732,0.446268
SVM_RBF,fold_aware,4,39,W0462,0,0,0.319957,0.680043
SVM_RBF,fold_aware,4,39,W0463,0,0,0.162263,0.837737
SVM_RBF,fold_aware,4,39,W0464,0,0,0.134641,0.865359
SVM_RBF,fold_aware,4,39,W0465,0,0,0.123824,0.876176
SVM_RBF,fold_aware,4,39,W0466,0,0,0.208285,0.791715
SVM_RBF,fold_aware,4,39,W0467,0,0,0.406723,0.593277
SVM_RBF,fold_aware,4,39,W0468,1,1,0.634221,0.365779
SVM_RBF,fold_aware,4,39,W0469,1,1,0.771872,0.228128
SVM_RBF,fold_aware,4,39,W0470,1,1,0.842675,0.157325
SVM_RBF,fold_aware,4,39,W0471,1,1,0.873881,0.126119
SVM_RBF,fold_aware,4,39,W0472,1,1,0.889038,0.110962
SVM_RBF,fold_aware,4,39,W0473,1,1,0.917932,0.082068
SVM_RBF,fold_aware,4,39,W0474,1,1,0.927426,0.072574
SVM_RBF,fold_aware,4,39,W0475,1,1,0.950666,0.049334
SVM_RBF,fold_aware,4,39,W0476,1,1,0.956165,0.043835
SVM_RBF,fold_aware,4,39,W0477,1,1,0.942668,0.057332
SVM_RBF,fold_aware,4,39,W0478,1,1,0.938460,0.061540
SVM_RBF,fold_aware,4,39,W0479,1,1,0.917200,0.082800
SVM_RBF,fold_aware,4,39,W0480,1,1,0.918804,0.081196
SVM_RBF,fold_aware,4,39,W0481,1,1,0.950035,0.049965
SVM_RBF,fold_aware,4,39,W0482,1,1,0.958165,0.041835
SVM_RBF,fold_aware,4,39,W0483,1,1,0.949563,0.050437
SVM_RBF,fold_aware,4,39,W0484,0,1,0.925377,0.074623
SVM_RBF,fold_aware,4,39,W0485,0,1,0.888328,0.111672
SVM_RBF,fold_aware,4,39,W0486,0,1,0.822277,0.177723
SVM_RBF,fold_aware,4,39,W0487,0,1,0.731873,0.268127
SVM_RBF,fold_aware,4,39,W0488,0,1,0.780384,0.219616
SVM_RBF,fold_aware,4,39,W0489,0,1,0.613207,0.386793
SVM_RBF,fold_aware,4,39,W0490,0,0,0.513110,0.486890
SVM_RBF,fold_aware,4,39,W0491,0,0,0.457236,0.542764
SVM_RBF,fold_aware,4,39,W0492,0,0,0.168416,0.831584
SVM_RBF,fold_aware,4,39,W0493,0,0,0.148485,0.851515
SVM_RBF,fold_aware,4,39,W0494,0,0,0.023711,0.976289
SVM_RBF,fold_aware,4,39,W0495,0,0,0.007053,0.992947
SVM_RBF,fold_aware,4,39,W0496,1,0,0.005738,0.994262
RandomForest,fold_aware,4,39,W0382,0,0,0.133823,0.866177
RandomForest,fold_aware,4,39,W0383,0,0,0.039186,0.960814
RandomForest,fold_aware,4,39,W0384,0,0,0.026301,0.973699
RandomForest,fold_aware,4,39,W0385,0,0,0.039200,0.960800
RandomForest,fold_aware,4,39,W0386,0,0,0.084426,0.915574
RandomForest,fold_aware,4,39,W0387,0,0,0.208745,0.791255
RandomForest,fold_aware,4,39,W0388,0,0,0.346506,0.653494
RandomForest,fold_aware,4,39,W0389,0,0,0.429785,0.570215
RandomForest,fold_aware,4,39,W0390,0,0,0.451203,0.548797
RandomForest,fold_aware,4,39,W0391,0,0,0.413348,0.586652
RandomForest,fold_aware,4,39,W0392,0,0,0.392690,0.607310
RandomForest,fold_aware,4,39,W0393,0,0,0.425622,0.574378
RandomForest,fold_aware,4,39,W0394,0,0,0.438068,0.561932
RandomForest,fold_aware,4,39,W0395,0,0,0.489896,0.510104
RandomForest,fold_aware,4,39,W0396,0,1,0.565827,0.434173
RandomForest,fold_aware,4,39,W0397,0,1,0.572295,0.427705
RandomForest,fold_aware,4,39,W0398,0,1,0.530245,0.469755
RandomForest,fold_aware,4,39,W0399,0,1,0.569315,0.430685
RandomForest,fold_aware,4,39,W0400,0,1,0.586994,0.413006
RandomForest,fold_aware,4,39,W0401,0,1,0.619983,0.380017
RandomForest,fold_aware,4,39,W0402,0,1,0.631767,0.368233
RandomForest,fold_aware,4,39,W0403,0,1,0.645283,0.354717
RandomForest,fold_aware,4,39,W0404,0,1,0.621959,0.378041
RandomForest,fold_aware,4,39,W0405,0,1,0.611474,0.388526
RandomForest,fold_aware,4,39,W0406,0,1,0.628279,0.371721
RandomForest,fold_aware,4,39,W0407,0,1,0.615702,0.384298
RandomForest,fold_aware,4,39,W0408,0,1,0.632065,0.367935
RandomForest,fold_aware,4,39,W0409,0,1,0.621379,0.378621
RandomForest,fold_aware,4,39,W0410,0,1,0.618588,0.381412
RandomForest,fold_aware,4,39,W0411,0,1,0.581136,0.418864
RandomForest,fold_aware,4,39,W0412,0,1,0.584643,0.415357
RandomForest,fold_aware,4,39,W0413,0,1,0.602939,0.397061
RandomForest,fold_aware,4,39,W0414,0,1,0.627122,0.372878
RandomForest,fold_aware,4,39,W0415,0,1,0.621845,0.378155
RandomForest,fold_aware,4,39,W0416,0,1,0.574852,0.425148
RandomForest,fold_aware,4,39,W0417,0,1,0.587270,0.412730
RandomForest,fold_aware,4,39,W0418,0,1,0.522914,0.477086
RandomForest,fold_aware,4,39,W0419,0,1,0.504753,0.495247
RandomForest,fold_aware,4,39,W0420,0,0,0.499619,0.500381
RandomForest,fold_aware,4,39,W0421,0,0,0.495078,0.504922
RandomForest,fold_aware,4,39,W0422,0,0,0.469980,0.530020
RandomForest,fold_aware,4,39,W0423,1,0,0.474482,0.525518
RandomForest,fold_aware,4,39,W0424,1,1,0.525984,0.474016
RandomForest,fold_aware,4,39,W0425,1,0,0.472414,0.527586
RandomForest,fold_aware,4,39,W0426,1,1,0.578263,0.421737
RandomForest,fold_aware,4,39,W0427,1,1,0.654707,0.345293
RandomForest,fold_aware,4,39,W0428,1,1,0.906559,0.093441
RandomForest,fold_aware,4,39,W0429,1,1,0.837920,0.162080
RandomForest,fold_aware,4,39,W0430,0,1,0.743104,0.256896
RandomForest,fold_aware,4,39,W0431,0,1,0.667928,0.332072
RandomForest,fold_aware,4,39,W0432,0,0,0.228972,0.771028
RandomForest,fold_aware,4,39,W0433,0,0,0.208129,0.791871
RandomForest,fold_aware,4,39,W0434,0,0,0.367779,0.632221
RandomForest,fold_aware,4,39,W0435,0,0,0.489052,0.510948
RandomForest,fold_aware,4,39,W0436,0,1,0.551449,0.448551
RandomForest,fold_aware,4,39,W0437,0,1,0.592206,0.407794
RandomForest,fold_aware,4,39,W0438,0,1,0.508862,0.491138
RandomForest,fold_aware,4,39,W0439,0,0,0.483818,0.516182
RandomForest,fold_aware,4,39,W0440,0,0,0.490099,0.509901
RandomForest,fold_aware,4,39,W0441,0,0,0.468716,0.531284
RandomForest,fold_aware,4,39,W0442,0,0,0.442949,0.557051
RandomForest,fold_aware,4,39,W0443,0,1,0.556242,0.443758
RandomForest,fold_aware,4,39,W0444,0,1,0.631217,0.368783
RandomForest,fold_aware,4,39,W0445,0,1,0.636036,0.363964
RandomForest,fold_aware,4,39,W0446,0,1,0.698607,0.301393
RandomForest,fold_aware,4,39,W0447,0,1,0.701902,0.298098
RandomForest,fold_aware,4,39,W0448,0,1,0.679555,0.320445
RandomForest,fold_aware,4,39,W0449,0,1,0.670602,0.329398
RandomForest,fold_aware,4,39,W0450,0,1,0.674787,0.325213
RandomForest,fold_aware,4,39,W0451,0,1,0.655155,0.344845
RandomForest,fold_aware,4,39,W0452,0,1,0.615694,0.384306
RandomForest,fold_aware,4,39,W0453,1,1,0.556296,0.443704
RandomForest,fold_aware,4,39,W0454,1,1,0.571407,0.428593
RandomForest,fold_aware,4,39,W0455,0,1,0.787931,0.212069
RandomForest,fold_aware,4,39,W0456,0,1,0.897529,0.102471
RandomForest,fold_aware,4,39,W0457,0,0,0.265561,0.734439
RandomForest,fold_aware,4,39,W0458,0,0,0.148131,0.851869
RandomForest,fold_aware,4,39,W0459,0,0,0.147283,0.852717
RandomForest,fold_aware,4,39,W0460,0,0,0.197183,0.802817
RandomForest,fold_aware,4,39,W0461,0,0,0.201803,0.798197
RandomForest,fold_aware,4,39,W0462,0,0,0.183683,0.816317
RandomForest,fold_aware,4,39,W0463,0,0,0.136636,0.863364
RandomForest,fold_aware,4,39,W0464,0,0,0.088569,0.911431
RandomForest,fold_aware,4,39,W0465,0,0,0.091139,0.908861
RandomForest,fold_aware,4,39,W0466,0,0,0.070177,0.929823
RandomForest,fold_aware,4,39,W0467,0,0,0.092228,0.907772
RandomForest,fold_aware,4,39,W0468,1,0,0.176809,0.823191
RandomForest,fold_aware,4,39,W0469,1,1,0.532982,0.467018
RandomForest,fold_aware,4,39,W0470,1,1,0.764139,0.235861
RandomForest,fold_aware,4,39,W0471,1,1,0.804395,0.195605
RandomForest,fold_aware,4,39,W0472,1,1,0.866907,0.133093
RandomForest,fold_aware,4,39,W0473,1,1,0.732021,0.267979
RandomForest,fold_aware,4,39,W0474,1,1,0.655737,0.344263
RandomForest,fold_aware,4,39,W0475,1,1,0.737149,0.262851
RandomForest,fold_aware,4,39,W0476,1,1,0.864127,0.135873
RandomForest,fold_aware,4,39,W0477,1,1,0.874807,0.125193
RandomForest,fold_aware,4,39,W0478,1,1,0.957820,0.042180
RandomForest,fold_aware,4,39,W0479,1,1,0.905945,0.094055
RandomForest,fold_aware,4,39,W0480,1,1,0.848124,0.151876
RandomForest,fold_aware,4,39,W0481,1,1,0.809200,0.190800
RandomForest,fold_aware,4,39,W0482,1,1,0.843636,0.156364
RandomForest,fold_aware,4,39,W0483,1,1,0.829128,0.170872
RandomForest,fold_aware,4,39,W0484,0,1,0.877910,0.122090
RandomForest,fold_aware,4,39,W0485,0,1,0.697603,0.302397
RandomForest,fold_aware,4,39,W0486,0,1,0.591709,0.408291
RandomForest,fold_aware,4,39,W0487,0,0,0.391924,0.608076
RandomForest,fold_aware,4,39,W0488,0,1,0.500917,0.499083
RandomForest,fold_aware,4,39,W0489,0,1,0.514533,0.485467
RandomForest,fold_aware,4,39,W0490,0,1,0.558811,0.441189
RandomForest,fold_aware,4,39,W0491,0,0,0.488549,0.511451
RandomForest,fold_aware,4,39,W0492,0,0,0.106103,0.893897
RandomForest,fold_aware,4,39,W0493,0,0,0.133463,0.866537
RandomForest,fold_aware,4,39,W0494,0,0,0.067412,0.932588
RandomForest,fold_aware,4,39,W0495,0,0,0.067651,0.932349
RandomForest,fold_aware,4,39,W0496,1,0,0.072227,0.927773
XGBoost,fold_aware,4,39,W0382,0,0,0.000855,0.999145
XGBoost,fold_aware,4,39,W0383,0,0,0.000687,0.999313
XGBoost,fold_aware,4,39,W0384,0,0,0.000986,0.999014
XGBoost,fold_aware,4,39,W0385,0,0,0.000764,0.999236
XGBoost,fold_aware,4,39,W0386,0,0,0.013465,0.986535
XGBoost,fold_aware,4,39,W0387,0,0,0.057486,0.942514
XGBoost,fold_aware,4,39,W0388,0,0,0.407775,0.592225
XGBoost,fold_aware,4,39,W0389,0,0,0.426822,0.573178
XGBoost,fold_aware,4,39,W0390,0,1,0.771745,0.228255
XGBoost,fold_aware,4,39,W0391,0,1,0.701450,0.298550
XGBoost,fold_aware,4,39,W0392,0,1,0.744959,0.255041
XGBoost,fold_aware,4,39,W0393,0,1,0.778183,0.221817
XGBoost,fold_aware,4,39,W0394,0,1,0.692553,0.307447
XGBoost,fold_aware,4,39,W0395,0,1,0.895207,0.104793
XGBoost,fold_aware,4,39,W0396,0,1,0.847987,0.152013
XGBoost,fold_aware,4,39,W0397,0,1,0.950093,0.049907
XGBoost,fold_aware,4,39,W0398,0,1,0.925189,0.074811
XGBoost,fold_aware,4,39,W0399,0,1,0.888779,0.111221
XGBoost,fold_aware,4,39,W0400,0,1,0.549018,0.450982
XGBoost,fold_aware,4,39,W0401,0,1,0.682114,0.317886
XGBoost,fold_aware,4,39,W0402,0,1,0.592315,0.407685
XGBoost,fold_aware,4,39,W0403,0,1,0.834651,0.165349
XGBoost,fold_aware,4,39,W0404,0,1,0.869299,0.130701
XGBoost,fold_aware,4,39,W0405,0,1,0.803585,0.196415
XGBoost,fold_aware,4,39,W0406,0,1,0.828937,0.171063
XGBoost,fold_aware,4,39,W0407,0,1,0.897376,0.102624
XGBoost,fold_aware,4,39,W0408,0,1,0.645950,0.354050
XGBoost,fold_aware,4,39,W0409,0,1,0.528634,0.471366
XGBoost,fold_aware,4,39,W0410,0,1,0.772066,0.227934
XGBoost,fold_aware,4,39,W0411,0,1,0.586214,0.413786
XGBoost,fold_aware,4,39,W0412,0,1,0.765107,0.234893
XGBoost,fold_aware,4,39,W0413,0,1,0.659966,0.340034
XGBoost,fold_aware,4,39,W0414,0,1,0.831435,0.168565
XGBoost,fold_aware,4,39,W0415,0,1,0.635852,0.364148
XGBoost,fold_aware,4,39,W0416,0,1,0.896892,0.103108
XGBoost,fold_aware,4,39,W0417,0,1,0.962094,0.037906
XGBoost,fold_aware,4,39,W0418,0,1,0.768185,0.231815
XGBoost,fold_aware,4,39,W0419,0,1,0.673225,0.326775
XGBoost,fold_aware,4,39,W0420,0,1,0.556933,0.443067
XGBoost,fold_aware,4,39,W0421,0,1,0.653253,0.346747
XGBoost,fold_aware,4,39,W0422,0,0,0.156768,0.843232
XGBoost,fold_aware,4,39,W0423,1,0,0.118626,0.881374
XGBoost,fold_aware,4,39,W0424,1,1,0.813474,0.186526
XGBoost,fold_aware,4,39,W0425,1,0,0.314122,0.685878
XGBoost,fold_aware,4,39,W0426,1,1,0.909617,0.090383
XGBoost,fold_aware,4,39,W0427,1,1,0.895625,0.104375
XGBoost,fold_aware,4,39,W0428,1,1,0.997728,0.002272
XGBoost,fold_aware,4,39,W0429,1,1,0.961240,0.038760
XGBoost,fold_aware,4,39,W0430,0,1,0.968539,0.031461
XGBoost,fold_aware,4,39,W0431,0,1,0.767643,0.232357
XGBoost,fold_aware,4,39,W0432,0,0,0.115787,0.884213
XGBoost,fold_aware,4,39,W0433,0,0,0.108241,0.891759
XGBoost,fold_aware,4,39,W0434,0,0,0.184614,0.815386
XGBoost,fold_aware,4,39,W0435,0,1,0.559467,0.440533
XGBoost,fold_aware,4,39,W0436,0,1,0.534751,0.465249
XGBoost,fold_aware,4,39,W0437,0,1,0.917476,0.082524
XGBoost,fold_aware,4,39,W0438,0,1,0.581611,0.418389
XGBoost,fold_aware,4,39,W0439,0,1,0.847423,0.152577
XGBoost,fold_aware,4,39,W0440,0,0,0.477652,0.522348
XGBoost,fold_aware,4,39,W0441,0,0,0.457787,0.542213
XGBoost,fold_aware,4,39,W0442,0,1,0.538459,0.461541
XGBoost,fold_aware,4,39,W0443,0,1,0.803283,0.196717
XGBoost,fold_aware,4,39,W0444,0,1,0.841119,0.158881
XGBoost,fold_aware,4,39,W0445,0,1,0.897186,0.102814
XGBoost,fold_aware,4,39,W0446,0,1,0.850254,0.149746
XGBoost,fold_aware,4,39,W0447,0,1,0.961144,0.038856
XGBoost,fold_aware,4,39,W0448,0,1,0.942922,0.057078
XGBoost,fold_aware,4,39,W0449,0,1,0.960485,0.039515
XGBoost,fold_aware,4,39,W0450,0,1,0.931958,0.068042
XGBoost,fold_aware,4,39,W0451,0,1,0.936509,0.063491
XGBoost,fold_aware,4,39,W0452,0,1,0.701354,0.298646
XGBoost,fold_aware,4,39,W0453,1,1,0.833839,0.166161
XGBoost,fold_aware,4,39,W0454,1,1,0.906274,0.093726
XGBoost,fold_aware,4,39,W0455,0,1,0.992942,0.007058
XGBoost,fold_aware,4,39,W0456,0,1,0.996840,0.003160
XGBoost,fold_aware,4,39,W0457,0,0,0.018675,0.981325
XGBoost,fold_aware,4,39,W0458,0,0,0.000586,0.999414
XGBoost,fold_aware,4,39,W0459,0,0,0.000726,0.999274
XGBoost,fold_aware,4,39,W0460,0,0,0.058677,0.941323
XGBoost,fold_aware,4,39,W0461,0,0,0.075933,0.924067
XGBoost,fold_aware,4,39,W0462,0,0,0.006914,0.993086
XGBoost,fold_aware,4,39,W0463,0,0,0.002959,0.997041
XGBoost,fold_aware,4,39,W0464,0,0,0.001120,0.998880
XGBoost,fold_aware,4,39,W0465,0,0,0.001159,0.998841
XGBoost,fold_aware,4,39,W0466,0,0,0.000957,0.999043
XGBoost,fold_aware,4,39,W0467,0,0,0.000996,0.999004
XGBoost,fold_aware,4,39,W0468,1,0,0.054193,0.945807
XGBoost,fold_aware,4,39,W0469,1,1,0.856049,0.143951
XGBoost,fold_aware,4,39,W0470,1,1,0.896301,0.103699
XGBoost,fold_aware,4,39,W0471,1,1,0.981727,0.018273
XGBoost,fold_aware,4,39,W0472,1,1,0.981304,0.018696
XGBoost,fold_aware,4,39,W0473,1,1,0.979747,0.020253
XGBoost,fold_aware,4,39,W0474,1,1,0.898245,0.101755
XGBoost,fold_aware,4,39,W0475,1,1,0.960882,0.039118
XGBoost,fold_aware,4,39,W0476,1,1,0.995352,0.004648
XGBoost,fold_aware,4,39,W0477,1,1,0.993995,0.006005
XGBoost,fold_aware,4,39,W0478,1,1,0.999175,0.000825
XGBoost,fold_aware,4,39,W0479,1,1,0.992241,0.007759
XGBoost,fold_aware,4,39,W0480,1,1,0.989065,0.010935
XGBoost,fold_aware,4,39,W0481,1,1,0.989155,0.010845
XGBoost,fold_aware,4,39,W0482,1,1,0.992321,0.007679
XGBoost,fold_aware,4,39,W0483,1,1,0.949842,0.050158
XGBoost,fold_aware,4,39,W0484,0,1,0.966403,0.033597
XGBoost,fold_aware,4,39,W0485,0,1,0.760931,0.239069
XGBoost,fold_aware,4,39,W0486,0,1,0.511566,0.488434
XGBoost,fold_aware,4,39,W0487,0,0,0.136057,0.863943
XGBoost,fold_aware,4,39,W0488,0,0,0.491190,0.508810
XGBoost,fold_aware,4,39,W0489,0,1,0.663224,0.336776
XGBoost,fold_aware,4,39,W0490,0,1,0.612990,0.387010
XGBoost,fold_aware,4,39,W0491,0,0,0.382719,0.617281
XGBoost,fold_aware,4,39,W0492,0,0,0.000719,0.999281
XGBoost,fold_aware,4,39,W0493,0,0,0.001129,0.998871
XGBoost,fold_aware,4,39,W0494,0,0,0.000178,0.999822
XGBoost,fold_aware,4,39,W0495,0,0,0.000160,0.999840
XGBoost,fold_aware,4,39,W0496,1,0,0.000158,0.999842
MLP_NeuralNet,fold_aware,4,39,W0382,0,0,0.002190,0.997810
MLP_NeuralNet,fold_aware,4,39,W0383,0,0,0.004167,0.995833
MLP_NeuralNet,fold_aware,4,39,W0384,0,0,0.009865,0.990135
MLP_NeuralNet,fold_aware,4,39,W0385,0,0,0.026983,0.973017
MLP_NeuralNet,fold_aware,4,39,W0386,0,0,0.090607,0.909393
MLP_NeuralNet,fold_aware,4,39,W0387,0,0,0.214116,0.785884
MLP_NeuralNet,fold_aware,4,39,W0388,0,0,0.286802,0.713198
MLP_NeuralNet,fold_aware,4,39,W0389,0,0,0.340885,0.659115
MLP_NeuralNet,fold_aware,4,39,W0390,0,0,0.382274,0.617726
MLP_NeuralNet,fold_aware,4,39,W0391,0,0,0.432001,0.567999
MLP_NeuralNet,fold_aware,4,39,W0392,0,0,0.438605,0.561395
MLP_NeuralNet,fold_aware,4,39,W0393,0,0,0.448645,0.551355
MLP_NeuralNet,fold_aware,4,39,W0394,0,0,0.418419,0.581581
MLP_NeuralNet,fold_aware,4,39,W0395,0,0,0.393750,0.606250
MLP_NeuralNet,fold_aware,4,39,W0396,0,0,0.418263,0.581737
MLP_NeuralNet,fold_aware,4,39,W0397,0,0,0.370926,0.629074
MLP_NeuralNet,fold_aware,4,39,W0398,0,0,0.409297,0.590703
MLP_NeuralNet,fold_aware,4,39,W0399,0,1,0.500707,0.499293
MLP_NeuralNet,fold_aware,4,39,W0400,0,1,0.585349,0.414651
MLP_NeuralNet,fold_aware,4,39,W0401,0,0,0.484447,0.515553
MLP_NeuralNet,fold_aware,4,39,W0402,0,0,0.411584,0.588416
MLP_NeuralNet,fold_aware,4,39,W0403,0,0,0.402922,0.597078
MLP_NeuralNet,fold_aware,4,39,W0404,0,0,0.368845,0.631155
MLP_NeuralNet,fold_aware,4,39,W0405,0,0,0.304117,0.695883
MLP_NeuralNet,fold_aware,4,39,W0406,0,0,0.303608,0.696392
MLP_NeuralNet,fold_aware,4,39,W0407,0,0,0.202034,0.797966
MLP_NeuralNet,fold_aware,4,39,W0408,0,0,0.105238,0.894762
MLP_NeuralNet,fold_aware,4,39,W0409,0,0,0.079750,0.920250
MLP_NeuralNet,fold_aware,4,39,W0410,0,0,0.063261,0.936739
MLP_NeuralNet,fold_aware,4,39,W0411,0,0,0.075607,0.924393
MLP_NeuralNet,fold_aware,4,39,W0412,0,0,0.157999,0.842001
MLP_NeuralNet,fold_aware,4,39,W0413,0,0,0.356717,0.643283
MLP_NeuralNet,fold_aware,4,39,W0414,0,0,0.417068,0.582932
MLP_NeuralNet,fold_aware,4,39,W0415,0,0,0.335515,0.664485
MLP_NeuralNet,fold_aware,4,39,W0416,0,0,0.379964,0.620036
MLP_NeuralNet,fold_aware,4,39,W0417,0,0,0.338863,0.661137
MLP_NeuralNet,fold_aware,4,39,W0418,0,0,0.296077,0.703923
MLP_NeuralNet,fold_aware,4,39,W0419,0,0,0.389324,0.610676
MLP_NeuralNet,fold_aware,4,39,W0420,0,0,0.481909,0.518091
MLP_NeuralNet,fold_aware,4,39,W0421,0,0,0.204934,0.795066
MLP_NeuralNet,fold_aware,4,39,W0422,0,0,0.163126,0.836874
MLP_NeuralNet,fold_aware,4,39,W0423,1,0,0.129766,0.870234
MLP_NeuralNet,fold_aware,4,39,W0424,1,0,0.164141,0.835859
MLP_NeuralNet,fold_aware,4,39,W0425,1,0,0.160622,0.839378
MLP_NeuralNet,fold_aware,4,39,W0426,1,1,0.505574,0.494426
MLP_NeuralNet,fold_aware,4,39,W0427,1,1,0.850484,0.149516
MLP_NeuralNet,fold_aware,4,39,W0428,1,1,0.973690,0.026310
MLP_NeuralNet,fold_aware,4,39,W0429,1,1,0.888834,0.111166
MLP_NeuralNet,fold_aware,4,39,W0430,0,1,0.743205,0.256795
MLP_NeuralNet,fold_aware,4,39,W0431,0,1,0.508574,0.491426
MLP_NeuralNet,fold_aware,4,39,W0432,0,0,0.053419,0.946581
MLP_NeuralNet,fold_aware,4,39,W0433,0,0,0.152066,0.847934
MLP_NeuralNet,fold_aware,4,39,W0434,0,0,0.001090,0.998910
MLP_NeuralNet,fold_aware,4,39,W0435,0,0,0.001060,0.998940
MLP_NeuralNet,fold_aware,4,39,W0436,0,0,0.005759,0.994241
MLP_NeuralNet,fold_aware,4,39,W0437,0,0,0.201722,0.798278
MLP_NeuralNet,fold_aware,4,39,W0438,0,0,0.251392,0.748608
MLP_NeuralNet,fold_aware,4,39,W0439,0,0,0.016669,0.983331
MLP_NeuralNet,fold_aware,4,39,W0440,0,0,0.012761,0.987239
MLP_NeuralNet,fold_aware,4,39,W0441,0,0,0.032486,0.967514
MLP_NeuralNet,fold_aware,4,39,W0442,0,0,0.156489,0.843511
MLP_NeuralNet,fold_aware,4,39,W0443,0,0,0.226226,0.773774
MLP_NeuralNet,fold_aware,4,39,W0444,0,0,0.110646,0.889354
MLP_NeuralNet,fold_aware,4,39,W0445,0,0,0.118432,0.881568
MLP_NeuralNet,fold_aware,4,39,W0446,0,0,0.094080,0.905920
MLP_NeuralNet,fold_aware,4,39,W0447,0,0,0.087085,0.912915
MLP_NeuralNet,fold_aware,4,39,W0448,0,0,0.095749,0.904251
MLP_NeuralNet,fold_aware,4,39,W0449,0,0,0.094365,0.905635
MLP_NeuralNet,fold_aware,4,39,W0450,0,0,0.095205,0.904795
MLP_NeuralNet,fold_aware,4,39,W0451,0,0,0.086147,0.913853
MLP_NeuralNet,fold_aware,4,39,W0452,0,0,0.130598,0.869402
MLP_NeuralNet,fold_aware,4,39,W0453,1,0,0.206542,0.793458
MLP_NeuralNet,fold_aware,4,39,W0454,1,1,0.845269,0.154731
MLP_NeuralNet,fold_aware,4,39,W0455,0,1,0.966455,0.033545
MLP_NeuralNet,fold_aware,4,39,W0456,0,1,0.987763,0.012237
MLP_NeuralNet,fold_aware,4,39,W0457,0,1,0.981726,0.018274
MLP_NeuralNet,fold_aware,4,39,W0458,0,0,0.000040,0.999960
MLP_NeuralNet,fold_aware,4,39,W0459,0,0,0.004953,0.995047
MLP_NeuralNet,fold_aware,4,39,W0460,0,0,0.411882,0.588118
MLP_NeuralNet,fold_aware,4,39,W0461,0,0,0.019464,0.980536
MLP_NeuralNet,fold_aware,4,39,W0462,0,0,0.002525,0.997475
MLP_NeuralNet,fold_aware,4,39,W0463,0,0,0.000498,0.999502
MLP_NeuralNet,fold_aware,4,39,W0464,0,0,0.000375,0.999625
MLP_NeuralNet,fold_aware,4,39,W0465,0,0,0.000319,0.999681
MLP_NeuralNet,fold_aware,4,39,W0466,0,0,0.000931,0.999069
MLP_NeuralNet,fold_aware,4,39,W0467,0,0,0.004088,0.995912
MLP_NeuralNet,fold_aware,4,39,W0468,1,0,0.016752,0.983248
MLP_NeuralNet,fold_aware,4,39,W0469,1,0,0.062540,0.937460
MLP_NeuralNet,fold_aware,4,39,W0470,1,0,0.114257,0.885743
MLP_NeuralNet,fold_aware,4,39,W0471,1,0,0.150701,0.849299
MLP_NeuralNet,fold_aware,4,39,W0472,1,0,0.173375,0.826625
MLP_NeuralNet,fold_aware,4,39,W0473,1,0,0.381640,0.618360
MLP_NeuralNet,fold_aware,4,39,W0474,1,1,0.542244,0.457756
MLP_NeuralNet,fold_aware,4,39,W0475,1,1,0.841420,0.158580
MLP_NeuralNet,fold_aware,4,39,W0476,1,1,0.915507,0.084493
MLP_NeuralNet,fold_aware,4,39,W0477,1,1,0.894584,0.105416
MLP_NeuralNet,fold_aware,4,39,W0478,1,1,0.924317,0.075683
MLP_NeuralNet,fold_aware,4,39,W0479,1,1,0.853997,0.146003
MLP_NeuralNet,fold_aware,4,39,W0480,1,1,0.808314,0.191686
MLP_NeuralNet,fold_aware,4,39,W0481,1,1,0.915771,0.084229
MLP_NeuralNet,fold_aware,4,39,W0482,1,1,0.908220,0.091780
MLP_NeuralNet,fold_aware,4,39,W0483,1,1,0.781701,0.218299
MLP_NeuralNet,fold_aware,4,39,W0484,0,1,0.596667,0.403333
MLP_NeuralNet,fold_aware,4,39,W0485,0,0,0.443348,0.556652
MLP_NeuralNet,fold_aware,4,39,W0486,0,0,0.047902,0.952098
MLP_NeuralNet,fold_aware,4,39,W0487,0,0,0.009916,0.990084
MLP_NeuralNet,fold_aware,4,39,W0488,0,0,0.040355,0.959645
MLP_NeuralNet,fold_aware,4,39,W0489,0,0,0.008935,0.991065
MLP_NeuralNet,fold_aware,4,39,W0490,0,0,0.003068,0.996932
MLP_NeuralNet,fold_aware,4,39,W0491,0,0,0.004383,0.995617
MLP_NeuralNet,fold_aware,4,39,W0492,0,0,0.000068,0.999932
MLP_NeuralNet,fold_aware,4,39,W0493,0,0,0.000395,0.999605
MLP_NeuralNet,fold_aware,4,39,W0494,0,0,0.000386,0.999614
MLP_NeuralNet,fold_aware,4,39,W0495,0,0,0.000051,0.999949
MLP_NeuralNet,fold_aware,4,39,W0496,1,0,0.000060,0.999940
LogisticRegression,none,5,40,W0497,0,0,0.007283,0.992717
LogisticRegression,none,5,40,W0498,0,0,0.007535,0.992465
LogisticRegression,none,5,40,W0499,0,0,0.001990,0.998010
LogisticRegression,none,5,40,W0500,0,0,0.000995,0.999005
LogisticRegression,none,5,40,W0501,0,0,0.001363,0.998637
LogisticRegression,none,5,40,W0502,0,0,0.073553,0.926447
LogisticRegression,none,5,40,W0503,0,1,0.563098,0.436902
LogisticRegression,none,5,40,W0504,0,0,0.010453,0.989547
LogisticRegression,none,5,40,W0505,0,0,0.000080,0.999920
LogisticRegression,none,5,40,W0506,0,0,0.000004,0.999996
LogisticRegression,none,5,40,W0507,0,0,0.000001,0.999999
LogisticRegression,none,5,40,W0508,0,0,0.000001,0.999999
LogisticRegression,none,5,40,W0509,0,0,0.000001,0.999999
LogisticRegression,none,5,40,W0510,0,0,0.000002,0.999998
LogisticRegression,none,5,40,W0511,0,0,0.000009,0.999991
LogisticRegression,none,5,40,W0512,0,0,0.000055,0.999945
LogisticRegression,none,5,40,W0513,0,0,0.000068,0.999932
LogisticRegression,none,5,40,W0514,0,0,0.000082,0.999918
LogisticRegression,none,5,40,W0515,0,0,0.000143,0.999857
LogisticRegression,none,5,40,W0516,0,0,0.000333,0.999667
LogisticRegression,none,5,40,W0517,0,0,0.001087,0.998913
LogisticRegression,none,5,40,W0518,0,0,0.004224,0.995776
LogisticRegression,none,5,40,W0519,0,0,0.016528,0.983472
LogisticRegression,none,5,40,W0520,0,0,0.059387,0.940613
LogisticRegression,none,5,40,W0521,0,0,0.155757,0.844243
LogisticRegression,none,5,40,W0522,1,0,0.347796,0.652204
LogisticRegression,none,5,40,W0523,1,1,0.622012,0.377988
LogisticRegression,none,5,40,W0524,1,1,0.795657,0.204343
LogisticRegression,none,5,40,W0525,1,1,0.812285,0.187715
LogisticRegression,none,5,40,W0526,1,1,0.822895,0.177105
LogisticRegression,none,5,40,W0527,1,1,0.824239,0.175761
LogisticRegression,none,5,40,W0528,1,1,0.773656,0.226344
LogisticRegression,none,5,40,W0529,1,1,0.786940,0.213060
LogisticRegression,none,5,40,W0530,1,1,0.870735,0.129265
LogisticRegression,none,5,40,W0531,1,1,0.847346,0.152654
LogisticRegression,none,5,40,W0532,1,1,0.877704,0.122296
LogisticRegression,none,5,40,W0533,1,1,0.941312,0.058688
LogisticRegression,none,5,40,W0534,1,1,0.921112,0.078888
LogisticRegression,none,5,40,W0535,1,1,0.917687,0.082313
LogisticRegression,none,5,40,W0536,1,1,0.951104,0.048896
LogisticRegression,none,5,40,W0537,1,1,0.960993,0.039007
LogisticRegression,none,5,40,W0538,1,1,0.991590,0.008410
LogisticRegression,none,5,40,W0539,1,1,0.956299,0.043701
LogisticRegression,none,5,40,W0540,1,1,0.950619,0.049381
LogisticRegression,none,5,40,W0541,1,1,0.945359,0.054641
LogisticRegression,none,5,40,W0542,1,1,0.954930,0.045070
LogisticRegression,none,5,40,W0543,1,1,0.665216,0.334784
LogisticRegression,none,5,40,W0544,1,1,0.950656,0.049344
LogisticRegression,none,5,40,W0545,1,1,0.946400,0.053600
LogisticRegression,none,5,40,W0546,1,1,0.953729,0.046271
LogisticRegression,none,5,40,W0547,1,1,0.974538,0.025462
SVM_RBF,none,5,40,W0497,0,0,0.064629,0.935371
SVM_RBF,none,5,40,W0498,0,0,0.069476,0.930524
SVM_RBF,none,5,40,W0499,0,0,0.059595,0.940405
SVM_RBF,none,5,40,W0500,0,0,0.056025,0.943975
SVM_RBF,none,5,40,W0501,0,0,0.063424,0.936576
SVM_RBF,none,5,40,W0502,0,0,0.227549,0.772451
SVM_RBF,none,5,40,W0503,0,1,0.721002,0.278998
SVM_RBF,none,5,40,W0504,0,0,0.133466,0.866534
SVM_RBF,none,5,40,W0505,0,0,0.034925,0.965075
SVM_RBF,none,5,40,W0506,0,0,0.047049,0.952951
SVM_RBF,none,5,40,W0507,0,0,0.037154,0.962846
SVM_RBF,none,5,40,W0508,0,0,0.057242,0.942758
SVM_RBF,none,5,40,W0509,0,0,0.035000,0.965000
SVM_RBF,none,5,40,W0510,0,0,0.030575,0.969425
SVM_RBF,none,5,40,W0511,0,0,0.025419,0.974581
SVM_RBF,none,5,40,W0512,0,0,0.027456,0.972544
SVM_RBF,none,5,40,W0513,0,0,0.034314,0.965686
SVM_RBF,none,5,40,W0514,0,0,0.021878,0.978122
SVM_RBF,none,5,40,W0515,0,0,0.023486,0.976514
SVM_RBF,none,5,40,W0516,0,0,0.039858,0.960142
SVM_RBF,none,5,40,W0517,0,0,0.026917,0.973083
SVM_RBF,none,5,40,W0518,0,0,0.048614,0.951386
SVM_RBF,none,5,40,W0519,0,0,0.122604,0.877396
SVM_RBF,none,5,40,W0520,0,0,0.143128,0.856872
SVM_RBF,none,5,40,W0521,0,0,0.292539,0.707461
SVM_RBF,none,5,40,W0522,1,0,0.466925,0.533075
SVM_RBF,none,5,40,W0523,1,0,0.660752,0.339248
SVM_RBF,none,5,40,W0524,1,1,0.820047,0.179953
SVM_RBF,none,5,40,W0525,1,1,0.762132,0.237868
SVM_RBF,none,5,40,W0526,1,1,0.854278,0.145722
SVM_RBF,none,5,40,W0527,1,1,0.878703,0.121297
SVM_RBF,none,5,40,W0528,1,1,0.799720,0.200280
SVM_RBF,none,5,40,W0529,1,1,0.839635,0.160365
SVM_RBF,none,5,40,W0530,1,1,0.917798,0.082202
SVM_RBF,none,5,40,W0531,1,1,0.900622,0.099378
SVM_RBF,none,5,40,W0532,1,1,0.905899,0.094101
SVM_RBF,none,5,40,W0533,1,1,0.950981,0.049019
SVM_RBF,none,5,40,W0534,1,1,0.937751,0.062249
SVM_RBF,none,5,40,W0535,1,1,0.920157,0.079843
SVM_RBF,none,5,40,W0536,1,1,0.955455,0.044545
SVM_RBF,none,5,40,W0537,1,1,0.970026,0.029974
SVM_RBF,none,5,40,W0538,1,1,0.811942,0.188058
SVM_RBF,none,5,40,W0539,1,1,0.962573,0.037427
SVM_RBF,none,5,40,W0540,1,1,0.963046,0.036954
SVM_RBF,none,5,40,W0541,1,1,0.865755,0.134245
SVM_RBF,none,5,40,W0542,1,1,0.955342,0.044658
SVM_RBF,none,5,40,W0543,1,1,0.928216,0.071784
SVM_RBF,none,5,40,W0544,1,1,0.960421,0.039579
SVM_RBF,none,5,40,W0545,1,1,0.904043,0.095957
SVM_RBF,none,5,40,W0546,1,1,0.956911,0.043089
SVM_RBF,none,5,40,W0547,1,1,0.970718,0.029282
RandomForest,none,5,40,W0497,0,0,0.141856,0.858144
RandomForest,none,5,40,W0498,0,0,0.124428,0.875572
RandomForest,none,5,40,W0499,0,0,0.098390,0.901610
RandomForest,none,5,40,W0500,0,0,0.081736,0.918264
RandomForest,none,5,40,W0501,0,0,0.012739,0.987261
RandomForest,none,5,40,W0502,0,0,0.021690,0.978310
RandomForest,none,5,40,W0503,0,0,0.286090,0.713910
RandomForest,none,5,40,W0504,0,0,0.128911,0.871089
RandomForest,none,5,40,W0505,0,0,0.023512,0.976488
RandomForest,none,5,40,W0506,0,0,0.052544,0.947456
RandomForest,none,5,40,W0507,0,0,0.061010,0.938990
RandomForest,none,5,40,W0508,0,0,0.087574,0.912426
RandomForest,none,5,40,W0509,0,0,0.076268,0.923732
RandomForest,none,5,40,W0510,0,0,0.074479,0.925521
RandomForest,none,5,40,W0511,0,0,0.082102,0.917898
RandomForest,none,5,40,W0512,0,0,0.067094,0.932906
RandomForest,none,5,40,W0513,0,0,0.069311,0.930689
RandomForest,none,5,40,W0514,0,0,0.042103,0.957897
RandomForest,none,5,40,W0515,0,0,0.044909,0.955091
RandomForest,none,5,40,W0516,0,0,0.054604,0.945396
RandomForest,none,5,40,W0517,0,0,0.038833,0.961167
RandomForest,none,5,40,W0518,0,0,0.025014,0.974986
RandomForest,none,5,40,W0519,0,0,0.033212,0.966788
RandomForest,none,5,40,W0520,0,0,0.025876,0.974124
RandomForest,none,5,40,W0521,0,0,0.095180,0.904820
RandomForest,none,5,40,W0522,1,0,0.345205,0.654795
RandomForest,none,5,40,W0523,1,0,0.430736,0.569264
RandomForest,none,5,40,W0524,1,1,0.554820,0.445180
RandomForest,none,5,40,W0525,1,1,0.718429,0.281571
RandomForest,none,5,40,W0526,1,1,0.777537,0.222463
RandomForest,none,5,40,W0527,1,1,0.590705,0.409295
RandomForest,none,5,40,W0528,1,1,0.703079,0.296921
RandomForest,none,5,40,W0529,1,1,0.755458,0.244542
RandomForest,none,5,40,W0530,1,1,0.803236,0.196764
RandomForest,none,5,40,W0531,1,1,0.821536,0.178464
RandomForest,none,5,40,W0532,1,1,0.885186,0.114814
RandomForest,none,5,40,W0533,1,1,0.901556,0.098444
RandomForest,none,5,40,W0534,1,1,0.907890,0.092110
RandomForest,none,5,40,W0535,1,1,0.947857,0.052143
RandomForest,none,5,40,W0536,1,1,0.944523,0.055477
RandomForest,none,5,40,W0537,1,1,0.986624,0.013376
RandomForest,none,5,40,W0538,1,1,0.976737,0.023263
RandomForest,none,5,40,W0539,1,1,0.964484,0.035516
RandomForest,none,5,40,W0540,1,1,0.976461,0.023539
RandomForest,none,5,40,W0541,1,1,0.975192,0.024808
RandomForest,none,5,40,W0542,1,1,0.958522,0.041478
RandomForest,none,5,40,W0543,1,1,0.980761,0.019239
RandomForest,none,5,40,W0544,1,1,0.975420,0.024580
RandomForest,none,5,40,W0545,1,1,0.965575,0.034425
RandomForest,none,5,40,W0546,1,1,0.952961,0.047039
RandomForest,none,5,40,W0547,1,1,0.975062,0.024938
XGBoost,none,5,40,W0497,0,0,0.037046,0.962954
XGBoost,none,5,40,W0498,0,0,0.049284,0.950716
XGBoost,none,5,40,W0499,0,0,0.059496,0.940504
XGBoost,none,5,40,W0500,0,0,0.022913,0.977087
XGBoost,none,5,40,W0501,0,0,0.007678,0.992322
XGBoost,none,5,40,W0502,0,0,0.001876,0.998124
XGBoost,none,5,40,W0503,0,0,0.073644,0.926356
XGBoost,none,5,40,W0504,0,0,0.021334,0.978666
XGBoost,none,5,40,W0505,0,0,0.003295,0.996705
XGBoost,none,5,40,W0506,0,0,0.014362,0.985638
XGBoost,none,5,40,W0507,0,0,0.019729,0.980271
XGBoost,none,5,40,W0508,0,0,0.017580,0.982420
XGBoost,none,5,40,W0509,0,0,0.012880,0.987120
XGBoost,none,5,40,W0510,0,0,0.008938,0.991062
XGBoost,none,5,40,W0511,0,0,0.011860,0.988140
XGBoost,none,5,40,W0512,0,0,0.006296,0.993704
XGBoost,none,5,40,W0513,0,0,0.007001,0.992999
XGBoost,none,5,40,W0514,0,0,0.002834,0.997166
XGBoost,none,5,40,W0515,0,0,0.003942,0.996059
XGBoost,none,5,40,W0516,0,0,0.003298,0.996702
XGBoost,none,5,40,W0517,0,0,0.002483,0.997517
XGBoost,none,5,40,W0518,0,0,0.001247,0.998753
XGBoost,none,5,40,W0519,0,0,0.000797,0.999203
XGBoost,none,5,40,W0520,0,0,0.001780,0.998220
XGBoost,none,5,40,W0521,0,0,0.001690,0.998310
XGBoost,none,5,40,W0522,1,0,0.045532,0.954468
XGBoost,none,5,40,W0523,1,0,0.122694,0.877306
XGBoost,none,5,40,W0524,1,0,0.122109,0.877891
XGBoost,none,5,40,W0525,1,0,0.260992,0.739008
XGBoost,none,5,40,W0526,1,1,0.608208,0.391792
XGBoost,none,5,40,W0527,1,0,0.111052,0.888948
XGBoost,none,5,40,W0528,1,1,0.708993,0.291007
XGBoost,none,5,40,W0529,1,1,0.636853,0.363147
XGBoost,none,5,40,W0530,1,1,0.647134,0.352866
XGBoost,none,5,40,W0531,1,1,0.855356,0.144644
XGBoost,none,5,40,W0532,1,1,0.856308,0.143692
XGBoost,none,5,40,W0533,1,1,0.968208,0.031792
XGBoost,none,5,40,W0534,1,1,0.969293,0.030707
XGBoost,none,5,40,W0535,1,1,0.978437,0.021563
XGBoost,none,5,40,W0536,1,1,0.972132,0.027868
XGBoost,none,5,40,W0537,1,1,0.993423,0.006577
XGBoost,none,5,40,W0538,1,1,0.993495,0.006505
XGBoost,none,5,40,W0539,1,1,0.986600,0.013400
XGBoost,none,5,40,W0540,1,1,0.994560,0.005440
XGBoost,none,5,40,W0541,1,1,0.995367,0.004633
XGBoost,none,5,40,W0542,1,1,0.983009,0.016991
XGBoost,none,5,40,W0543,1,1,0.994463,0.005537
XGBoost,none,5,40,W0544,1,1,0.993409,0.006591
XGBoost,none,5,40,W0545,1,1,0.992307,0.007693
XGBoost,none,5,40,W0546,1,1,0.992929,0.007071
XGBoost,none,5,40,W0547,1,1,0.997714,0.002286
MLP_NeuralNet,none,5,40,W0497,0,0,0.023853,0.976147
MLP_NeuralNet,none,5,40,W0498,0,0,0.016259,0.983741
MLP_NeuralNet,none,5,40,W0499,0,0,0.007148,0.992852
MLP_NeuralNet,none,5,40,W0500,0,0,0.003265,0.996735
MLP_NeuralNet,none,5,40,W0501,0,0,0.003138,0.996862
MLP_NeuralNet,none,5,40,W0502,0,0,0.013271,0.986729
MLP_NeuralNet,none,5,40,W0503,0,0,0.146129,0.853871
MLP_NeuralNet,none,5,40,W0504,0,0,0.007653,0.992347
MLP_NeuralNet,none,5,40,W0505,0,0,0.001485,0.998515
MLP_NeuralNet,none,5,40,W0506,0,0,0.000525,0.999475
MLP_NeuralNet,none,5,40,W0507,0,0,0.000327,0.999673
MLP_NeuralNet,none,5,40,W0508,0,0,0.000187,0.999813
MLP_NeuralNet,none,5,40,W0509,0,0,0.000970,0.999030
MLP_NeuralNet,none,5,40,W0510,0,0,0.001640,0.998360
MLP_NeuralNet,none,5,40,W0511,0,0,0.004767,0.995233
MLP_NeuralNet,none,5,40,W0512,0,0,0.013905,0.986095
MLP_NeuralNet,none,5,40,W0513,0,0,0.005995,0.994005
MLP_NeuralNet,none,5,40,W0514,0,0,0.021128,0.978872
MLP_NeuralNet,none,5,40,W0515,0,0,0.023042,0.976958
MLP_NeuralNet,none,5,40,W0516,0,0,0.010236,0.989764
MLP_NeuralNet,none,5,40,W0517,0,0,0.032229,0.967771
MLP_NeuralNet,none,5,40,W0518,0,0,0.039345,0.960655
MLP_NeuralNet,none,5,40,W0519,0,0,0.042784,0.957216
MLP_NeuralNet,none,5,40,W0520,0,0,0.128192,0.871808
MLP_NeuralNet,none,5,40,W0521,0,0,0.214325,0.785675
MLP_NeuralNet,none,5,40,W0522,1,0,0.272863,0.727137
MLP_NeuralNet,none,5,40,W0523,1,1,0.718760,0.281240
MLP_NeuralNet,none,5,40,W0524,1,1,0.866659,0.133341
MLP_NeuralNet,none,5,40,W0525,1,1,0.793564,0.206436
MLP_NeuralNet,none,5,40,W0526,1,1,0.898738,0.101262
MLP_NeuralNet,none,5,40,W0527,1,1,0.926979,0.073021
MLP_NeuralNet,none,5,40,W0528,1,1,0.774319,0.225681
MLP_NeuralNet,none,5,40,W0529,1,1,0.835659,0.164341
MLP_NeuralNet,none,5,40,W0530,1,1,0.963752,0.036248
MLP_NeuralNet,none,5,40,W0531,1,1,0.928832,0.071168
MLP_NeuralNet,none,5,40,W0532,1,1,0.951531,0.048469
MLP_NeuralNet,none,5,40,W0533,1,1,0.987979,0.012021
MLP_NeuralNet,none,5,40,W0534,1,1,0.973333,0.026667
MLP_NeuralNet,none,5,40,W0535,1,1,0.975066,0.024934
MLP_NeuralNet,none,5,40,W0536,1,1,0.990242,0.009758
MLP_NeuralNet,none,5,40,W0537,1,1,0.992852,0.007148
MLP_NeuralNet,none,5,40,W0538,1,1,0.968881,0.031119
MLP_NeuralNet,none,5,40,W0539,1,1,0.990186,0.009814
MLP_NeuralNet,none,5,40,W0540,1,1,0.990918,0.009082
MLP_NeuralNet,none,5,40,W0541,1,1,0.973273,0.026727
MLP_NeuralNet,none,5,40,W0542,1,1,0.983400,0.016600
MLP_NeuralNet,none,5,40,W0543,1,1,0.989251,0.010749
MLP_NeuralNet,none,5,40,W0544,1,1,0.986371,0.013629
MLP_NeuralNet,none,5,40,W0545,1,1,0.980465,0.019535
MLP_NeuralNet,none,5,40,W0546,1,1,0.985035,0.014965
MLP_NeuralNet,none,5,40,W0547,1,1,0.994713,0.005287
LogisticRegression,pooled_global,5,40,W0497,0,0,0.000005,0.999995
LogisticRegression,pooled_global,5,40,W0498,0,0,0.000005,0.999995
LogisticRegression,pooled_global,5,40,W0499,0,0,0.000001,0.999999
LogisticRegression,pooled_global,5,40,W0500,0,0,0.000000,1.000000
LogisticRegression,pooled_global,5,40,W0501,0,0,0.000001,0.999999
LogisticRegression,pooled_global,5,40,W0502,0,0,0.000780,0.999220
LogisticRegression,pooled_global,5,40,W0503,0,0,0.092552,0.907448
LogisticRegression,pooled_global,5,40,W0504,0,0,0.000128,0.999872
LogisticRegression,pooled_global,5,40,W0505,0,0,0.000000,1.000000
LogisticRegression,pooled_global,5,40,W0506,0,0,0.000000,1.000000
LogisticRegression,pooled_global,5,40,W0507,0,0,0.000000,1.000000
LogisticRegression,pooled_global,5,40,W0508,0,0,0.000000,1.000000
LogisticRegression,pooled_global,5,40,W0509,0,0,0.000000,1.000000
LogisticRegression,pooled_global,5,40,W0510,0,0,0.000000,1.000000
LogisticRegression,pooled_global,5,40,W0511,0,0,0.000000,1.000000
LogisticRegression,pooled_global,5,40,W0512,0,0,0.000000,1.000000
LogisticRegression,pooled_global,5,40,W0513,0,0,0.000000,1.000000
LogisticRegression,pooled_global,5,40,W0514,0,0,0.000000,1.000000
LogisticRegression,pooled_global,5,40,W0515,0,0,0.000001,0.999999
LogisticRegression,pooled_global,5,40,W0516,0,0,0.000003,0.999997
LogisticRegression,pooled_global,5,40,W0517,0,0,0.000016,0.999984
LogisticRegression,pooled_global,5,40,W0518,0,0,0.000177,0.999823
LogisticRegression,pooled_global,5,40,W0519,0,0,0.001170,0.998830
LogisticRegression,pooled_global,5,40,W0520,0,0,0.010315,0.989685
LogisticRegression,pooled_global,5,40,W0521,0,0,0.065217,0.934783
LogisticRegression,pooled_global,5,40,W0522,1,0,0.231311,0.768689
LogisticRegression,pooled_global,5,40,W0523,1,1,0.652708,0.347292
LogisticRegression,pooled_global,5,40,W0524,1,1,0.839530,0.160470
LogisticRegression,pooled_global,5,40,W0525,1,1,0.858284,0.141716
LogisticRegression,pooled_global,5,40,W0526,1,1,0.890002,0.109998
LogisticRegression,pooled_global,5,40,W0527,1,1,0.889662,0.110338
LogisticRegression,pooled_global,5,40,W0528,1,1,0.847401,0.152599
LogisticRegression,pooled_global,5,40,W0529,1,1,0.880273,0.119727
LogisticRegression,pooled_global,5,40,W0530,1,1,0.932913,0.067087
LogisticRegression,pooled_global,5,40,W0531,1,1,0.931328,0.068672
LogisticRegression,pooled_global,5,40,W0532,1,1,0.952849,0.047151
LogisticRegression,pooled_global,5,40,W0533,1,1,0.980696,0.019304
LogisticRegression,pooled_global,5,40,W0534,1,1,0.977230,0.022770
LogisticRegression,pooled_global,5,40,W0535,1,1,0.980673,0.019327
LogisticRegression,pooled_global,5,40,W0536,1,1,0.988500,0.011500
LogisticRegression,pooled_global,5,40,W0537,1,1,0.992837,0.007163
LogisticRegression,pooled_global,5,40,W0538,1,1,0.991847,0.008153
LogisticRegression,pooled_global,5,40,W0539,1,1,0.991981,0.008019
LogisticRegression,pooled_global,5,40,W0540,1,1,0.988319,0.011681
LogisticRegression,pooled_global,5,40,W0541,1,1,0.980751,0.019249
LogisticRegression,pooled_global,5,40,W0542,1,1,0.988538,0.011462
LogisticRegression,pooled_global,5,40,W0543,1,1,0.993129,0.006871
LogisticRegression,pooled_global,5,40,W0544,1,1,0.987984,0.012016
LogisticRegression,pooled_global,5,40,W0545,1,1,0.983603,0.016397
LogisticRegression,pooled_global,5,40,W0546,1,1,0.990153,0.009847
LogisticRegression,pooled_global,5,40,W0547,1,1,0.993610,0.006390
SVM_RBF,pooled_global,5,40,W0497,0,0,0.000349,0.999651
SVM_RBF,pooled_global,5,40,W0498,0,0,0.000390,0.999610
SVM_RBF,pooled_global,5,40,W0499,0,0,0.000273,0.999727
SVM_RBF,pooled_global,5,40,W0500,0,0,0.000195,0.999805
SVM_RBF,pooled_global,5,40,W0501,0,0,0.000355,0.999645
SVM_RBF,pooled_global,5,40,W0502,0,0,0.007323,0.992677
SVM_RBF,pooled_global,5,40,W0503,0,0,0.123027,0.876973
SVM_RBF,pooled_global,5,40,W0504,0,0,0.002055,0.997945
SVM_RBF,pooled_global,5,40,W0505,0,0,0.000344,0.999656
SVM_RBF,pooled_global,5,40,W0506,0,0,0.000771,0.999229
SVM_RBF,pooled_global,5,40,W0507,0,0,0.000327,0.999673
SVM_RBF,pooled_global,5,40,W0508,0,0,0.000732,0.999268
SVM_RBF,pooled_global,5,40,W0509,0,0,0.000207,0.999793
SVM_RBF,pooled_global,5,40,W0510,0,0,0.000133,0.999867
SVM_RBF,pooled_global,5,40,W0511,0,0,0.000097,0.999903
SVM_RBF,pooled_global,5,40,W0512,0,0,0.000167,0.999833
SVM_RBF,pooled_global,5,40,W0513,0,0,0.000304,0.999696
SVM_RBF,pooled_global,5,40,W0514,0,0,0.000118,0.999882
SVM_RBF,pooled_global,5,40,W0515,0,0,0.000157,0.999843
SVM_RBF,pooled_global,5,40,W0516,0,0,0.000633,0.999367
SVM_RBF,pooled_global,5,40,W0517,0,0,0.000328,0.999672
SVM_RBF,pooled_global,5,40,W0518,0,0,0.001649,0.998351
SVM_RBF,pooled_global,5,40,W0519,0,0,0.015352,0.984648
SVM_RBF,pooled_global,5,40,W0520,0,0,0.025413,0.974587
SVM_RBF,pooled_global,5,40,W0521,0,0,0.151941,0.848059
SVM_RBF,pooled_global,5,40,W0522,1,0,0.446273,0.553727
SVM_RBF,pooled_global,5,40,W0523,1,1,0.769106,0.230894
SVM_RBF,pooled_global,5,40,W0524,1,1,0.917567,0.082433
SVM_RBF,pooled_global,5,40,W0525,1,1,0.889064,0.110936
SVM_RBF,pooled_global,5,40,W0526,1,1,0.946037,0.053963
SVM_RBF,pooled_global,5,40,W0527,1,1,0.959917,0.040083
SVM_RBF,pooled_global,5,40,W0528,1,1,0.910445,0.089555
SVM_RBF,pooled_global,5,40,W0529,1,1,0.933645,0.066355
SVM_RBF,pooled_global,5,40,W0530,1,1,0.978089,0.021911
SVM_RBF,pooled_global,5,40,W0531,1,1,0.971381,0.028619
SVM_RBF,pooled_global,5,40,W0532,1,1,0.975501,0.024499
SVM_RBF,pooled_global,5,40,W0533,1,1,0.991438,0.008562
SVM_RBF,pooled_global,5,40,W0534,1,1,0.987045,0.012955
SVM_RBF,pooled_global,5,40,W0535,1,1,0.984204,0.015796
SVM_RBF,pooled_global,5,40,W0536,1,1,0.993379,0.006621
SVM_RBF,pooled_global,5,40,W0537,1,1,0.996181,0.003819
SVM_RBF,pooled_global,5,40,W0538,1,1,0.967493,0.032507
SVM_RBF,pooled_global,5,40,W0539,1,1,0.995177,0.004823
SVM_RBF,pooled_global,5,40,W0540,1,1,0.994500,0.005500
SVM_RBF,pooled_global,5,40,W0541,1,1,0.959192,0.040808
SVM_RBF,pooled_global,5,40,W0542,1,1,0.991072,0.008928
SVM_RBF,pooled_global,5,40,W0543,1,1,0.991946,0.008054
SVM_RBF,pooled_global,5,40,W0544,1,1,0.992840,0.007160
SVM_RBF,pooled_global,5,40,W0545,1,1,0.976484,0.023516
SVM_RBF,pooled_global,5,40,W0546,1,1,0.993149,0.006851
SVM_RBF,pooled_global,5,40,W0547,1,1,0.996144,0.003856
RandomForest,pooled_global,5,40,W0497,0,0,0.000000,1.000000
RandomForest,pooled_global,5,40,W0498,0,0,0.000000,1.000000
RandomForest,pooled_global,5,40,W0499,0,0,0.000000,1.000000
RandomForest,pooled_global,5,40,W0500,0,0,0.000000,1.000000
RandomForest,pooled_global,5,40,W0501,0,0,0.000000,1.000000
RandomForest,pooled_global,5,40,W0502,0,0,0.001340,0.998660
RandomForest,pooled_global,5,40,W0503,0,0,0.057175,0.942825
RandomForest,pooled_global,5,40,W0504,0,0,0.009835,0.990165
RandomForest,pooled_global,5,40,W0505,0,0,0.000000,1.000000
RandomForest,pooled_global,5,40,W0506,0,0,0.010051,0.989949
RandomForest,pooled_global,5,40,W0507,0,0,0.000000,1.000000
RandomForest,pooled_global,5,40,W0508,0,0,0.000000,1.000000
RandomForest,pooled_global,5,40,W0509,0,0,0.000000,1.000000
RandomForest,pooled_global,5,40,W0510,0,0,0.000000,1.000000
RandomForest,pooled_global,5,40,W0511,0,0,0.000000,1.000000
RandomForest,pooled_global,5,40,W0512,0,0,0.000000,1.000000
RandomForest,pooled_global,5,40,W0513,0,0,0.001911,0.998089
RandomForest,pooled_global,5,40,W0514,0,0,0.000000,1.000000
RandomForest,pooled_global,5,40,W0515,0,0,0.000000,1.000000
RandomForest,pooled_global,5,40,W0516,0,0,0.000000,1.000000
RandomForest,pooled_global,5,40,W0517,0,0,0.000000,1.000000
RandomForest,pooled_global,5,40,W0518,0,0,0.002178,0.997822
RandomForest,pooled_global,5,40,W0519,0,0,0.001340,0.998660
RandomForest,pooled_global,5,40,W0520,0,0,0.001340,0.998660
RandomForest,pooled_global,5,40,W0521,0,0,0.001340,0.998660
RandomForest,pooled_global,5,40,W0522,1,0,0.246383,0.753617
RandomForest,pooled_global,5,40,W0523,1,1,0.565385,0.434615
RandomForest,pooled_global,5,40,W0524,1,1,0.752875,0.247125
RandomForest,pooled_global,5,40,W0525,1,1,0.841676,0.158324
RandomForest,pooled_global,5,40,W0526,1,1,0.891776,0.108224
RandomForest,pooled_global,5,40,W0527,1,1,0.767605,0.232395
RandomForest,pooled_global,5,40,W0528,1,1,0.802305,0.197695
RandomForest,pooled_global,5,40,W0529,1,1,0.918952,0.081048
RandomForest,pooled_global,5,40,W0530,1,1,0.965499,0.034501
RandomForest,pooled_global,5,40,W0531,1,1,0.946241,0.053759
RandomForest,pooled_global,5,40,W0532,1,1,0.987352,0.012648
RandomForest,pooled_global,5,40,W0533,1,1,0.989346,0.010654
RandomForest,pooled_global,5,40,W0534,1,1,0.996667,0.003333
RandomForest,pooled_global,5,40,W0535,1,1,0.998006,0.001994
RandomForest,pooled_global,5,40,W0536,1,1,0.984765,0.015235
RandomForest,pooled_global,5,40,W0537,1,1,1.000000,0.000000
RandomForest,pooled_global,5,40,W0538,1,1,0.990664,0.009336
RandomForest,pooled_global,5,40,W0539,1,1,0.998006,0.001994
RandomForest,pooled_global,5,40,W0540,1,1,0.995283,0.004717
RandomForest,pooled_global,5,40,W0541,1,1,0.995283,0.004717
RandomForest,pooled_global,5,40,W0542,1,1,0.990794,0.009206
RandomForest,pooled_global,5,40,W0543,1,1,0.998006,0.001994
RandomForest,pooled_global,5,40,W0544,1,1,0.998006,0.001994
RandomForest,pooled_global,5,40,W0545,1,1,0.996667,0.003333
RandomForest,pooled_global,5,40,W0546,1,1,0.983702,0.016298
RandomForest,pooled_global,5,40,W0547,1,1,0.995152,0.004848
XGBoost,pooled_global,5,40,W0497,0,0,0.001205,0.998795
XGBoost,pooled_global,5,40,W0498,0,0,0.000833,0.999167
XGBoost,pooled_global,5,40,W0499,0,0,0.000789,0.999211
XGBoost,pooled_global,5,40,W0500,0,0,0.000330,0.999670
XGBoost,pooled_global,5,40,W0501,0,0,0.000173,0.999827
XGBoost,pooled_global,5,40,W0502,0,0,0.000180,0.999820
XGBoost,pooled_global,5,40,W0503,0,0,0.001177,0.998823
XGBoost,pooled_global,5,40,W0504,0,0,0.000716,0.999284
XGBoost,pooled_global,5,40,W0505,0,0,0.000137,0.999863
XGBoost,pooled_global,5,40,W0506,0,0,0.000578,0.999422
XGBoost,pooled_global,5,40,W0507,0,0,0.000280,0.999720
XGBoost,pooled_global,5,40,W0508,0,0,0.000372,0.999628
XGBoost,pooled_global,5,40,W0509,0,0,0.000253,0.999747
XGBoost,pooled_global,5,40,W0510,0,0,0.000189,0.999811
XGBoost,pooled_global,5,40,W0511,0,0,0.000190,0.999810
XGBoost,pooled_global,5,40,W0512,0,0,0.000262,0.999738
XGBoost,pooled_global,5,40,W0513,0,0,0.000267,0.999732
XGBoost,pooled_global,5,40,W0514,0,0,0.000154,0.999846
XGBoost,pooled_global,5,40,W0515,0,0,0.000241,0.999759
XGBoost,pooled_global,5,40,W0516,0,0,0.000257,0.999743
XGBoost,pooled_global,5,40,W0517,0,0,0.000216,0.999784
XGBoost,pooled_global,5,40,W0518,0,0,0.000222,0.999778
XGBoost,pooled_global,5,40,W0519,0,0,0.000260,0.999740
XGBoost,pooled_global,5,40,W0520,0,0,0.000215,0.999785
XGBoost,pooled_global,5,40,W0521,0,0,0.001626,0.998374
XGBoost,pooled_global,5,40,W0522,1,0,0.056535,0.943465
XGBoost,pooled_global,5,40,W0523,1,1,0.754972,0.245028
XGBoost,pooled_global,5,40,W0524,1,1,0.925947,0.074053
XGBoost,pooled_global,5,40,W0525,1,1,0.973130,0.026870
XGBoost,pooled_global,5,40,W0526,1,1,0.993219,0.006781
XGBoost,pooled_global,5,40,W0527,1,1,0.940597,0.059403
XGBoost,pooled_global,5,40,W0528,1,1,0.981897,0.018103
XGBoost,pooled_global,5,40,W0529,1,1,0.992809,0.007191
XGBoost,pooled_global,5,40,W0530,1,1,0.993275,0.006725
XGBoost,pooled_global,5,40,W0531,1,1,0.998218,0.001782
XGBoost,pooled_global,5,40,W0532,1,1,0.996695,0.003305
XGBoost,pooled_global,5,40,W0533,1,1,0.998746,0.001254
XGBoost,pooled_global,5,40,W0534,1,1,0.998804,0.001196
XGBoost,pooled_global,5,40,W0535,1,1,0.999653,0.000347
XGBoost,pooled_global,5,40,W0536,1,1,0.999056,0.000944
XGBoost,pooled_global,5,40,W0537,1,1,0.999618,0.000382
XGBoost,pooled_global,5,40,W0538,1,1,0.999543,0.000457
XGBoost,pooled_global,5,40,W0539,1,1,0.998237,0.001763
XGBoost,pooled_global,5,40,W0540,1,1,0.999439,0.000561
XGBoost,pooled_global,5,40,W0541,1,1,0.999374,0.000626
XGBoost,pooled_global,5,40,W0542,1,1,0.998493,0.001507
XGBoost,pooled_global,5,40,W0543,1,1,0.999249,0.000751
XGBoost,pooled_global,5,40,W0544,1,1,0.998415,0.001585
XGBoost,pooled_global,5,40,W0545,1,1,0.999266,0.000734
XGBoost,pooled_global,5,40,W0546,1,1,0.999302,0.000698
XGBoost,pooled_global,5,40,W0547,1,1,0.999656,0.000344
MLP_NeuralNet,pooled_global,5,40,W0497,0,0,0.000003,0.999997
MLP_NeuralNet,pooled_global,5,40,W0498,0,0,0.000002,0.999998
MLP_NeuralNet,pooled_global,5,40,W0499,0,0,0.000000,1.000000
MLP_NeuralNet,pooled_global,5,40,W0500,0,0,0.000000,1.000000
MLP_NeuralNet,pooled_global,5,40,W0501,0,0,0.000000,1.000000
MLP_NeuralNet,pooled_global,5,40,W0502,0,0,0.000087,0.999913
MLP_NeuralNet,pooled_global,5,40,W0503,0,0,0.002540,0.997460
MLP_NeuralNet,pooled_global,5,40,W0504,0,0,0.000006,0.999994
MLP_NeuralNet,pooled_global,5,40,W0505,0,0,0.000000,1.000000
MLP_NeuralNet,pooled_global,5,40,W0506,0,0,0.000000,1.000000
MLP_NeuralNet,pooled_global,5,40,W0507,0,0,0.000000,1.000000
MLP_NeuralNet,pooled_global,5,40,W0508,0,0,0.000000,1.000000
MLP_NeuralNet,pooled_global,5,40,W0509,0,0,0.000000,1.000000
MLP_NeuralNet,pooled_global,5,40,W0510,0,0,0.000000,1.000000
MLP_NeuralNet,pooled_global,5,40,W0511,0,0,0.000000,1.000000
MLP_NeuralNet,pooled_global,5,40,W0512,0,0,0.000000,1.000000
MLP_NeuralNet,pooled_global,5,40,W0513,0,0,0.000000,1.000000
MLP_NeuralNet,pooled_global,5,40,W0514,0,0,0.000000,1.000000
MLP_NeuralNet,pooled_global,5,40,W0515,0,0,0.000000,1.000000
MLP_NeuralNet,pooled_global,5,40,W0516,0,0,0.000000,1.000000
MLP_NeuralNet,pooled_global,5,40,W0517,0,0,0.000004,0.999996
MLP_NeuralNet,pooled_global,5,40,W0518,0,0,0.000031,0.999969
MLP_NeuralNet,pooled_global,5,40,W0519,0,0,0.000021,0.999979
MLP_NeuralNet,pooled_global,5,40,W0520,0,0,0.003791,0.996209
MLP_NeuralNet,pooled_global,5,40,W0521,0,0,0.178758,0.821242
MLP_NeuralNet,pooled_global,5,40,W0522,1,0,0.215363,0.784637
MLP_NeuralNet,pooled_global,5,40,W0523,1,1,0.978377,0.021623
MLP_NeuralNet,pooled_global,5,40,W0524,1,1,0.994056,0.005944
MLP_NeuralNet,pooled_global,5,40,W0525,1,1,0.945607,0.054393
MLP_NeuralNet,pooled_global,5,40,W0526,1,1,0.993463,0.006537
MLP_NeuralNet,pooled_global,5,40,W0527,1,1,0.998577,0.001423
MLP_NeuralNet,pooled_global,5,40,W0528,1,1,0.976690,0.023310
MLP_NeuralNet,pooled_global,5,40,W0529,1,1,0.983836,0.016164
MLP_NeuralNet,pooled_global,5,40,W0530,1,1,0.999396,0.000604
MLP_NeuralNet,pooled_global,5,40,W0531,1,1,0.996294,0.003706
MLP_NeuralNet,pooled_global,5,40,W0532,1,1,0.995837,0.004163
MLP_NeuralNet,pooled_global,5,40,W0533,1,1,0.999764,0.000236
MLP_NeuralNet,pooled_global,5,40,W0534,1,1,0.999118,0.000882
MLP_NeuralNet,pooled_global,5,40,W0535,1,1,0.999079,0.000921
MLP_NeuralNet,pooled_global,5,40,W0536,1,1,0.999795,0.000205
MLP_NeuralNet,pooled_global,5,40,W0537,1,1,0.999845,0.000155
MLP_NeuralNet,pooled_global,5,40,W0538,1,1,0.997768,0.002232
MLP_NeuralNet,pooled_global,5,40,W0539,1,1,0.999714,0.000286
MLP_NeuralNet,pooled_global,5,40,W0540,1,1,0.999678,0.000322
MLP_NeuralNet,pooled_global,5,40,W0541,1,1,0.995857,0.004143
MLP_NeuralNet,pooled_global,5,40,W0542,1,1,0.999341,0.000659
MLP_NeuralNet,pooled_global,5,40,W0543,1,1,0.999829,0.000171
MLP_NeuralNet,pooled_global,5,40,W0544,1,1,0.999552,0.000448
MLP_NeuralNet,pooled_global,5,40,W0545,1,1,0.997950,0.002050
MLP_NeuralNet,pooled_global,5,40,W0546,1,1,0.999164,0.000836
MLP_NeuralNet,pooled_global,5,40,W0547,1,1,0.999867,0.000133
LogisticRegression,fold_aware,5,40,W0497,0,0,0.000496,0.999504
LogisticRegression,fold_aware,5,40,W0498,0,0,0.000460,0.999540
LogisticRegression,fold_aware,5,40,W0499,0,0,0.000119,0.999881
LogisticRegression,fold_aware,5,40,W0500,0,0,0.000022,0.999978
LogisticRegression,fold_aware,5,40,W0501,0,0,0.000064,0.999936
LogisticRegression,fold_aware,5,40,W0502,0,0,0.011443,0.988557
LogisticRegression,fold_aware,5,40,W0503,0,0,0.056308,0.943692
LogisticRegression,fold_aware,5,40,W0504,0,0,0.000025,0.999975
LogisticRegression,fold_aware,5,40,W0505,0,0,0.000000,1.000000
LogisticRegression,fold_aware,5,40,W0506,0,0,0.000000,1.000000
LogisticRegression,fold_aware,5,40,W0507,0,0,0.000000,1.000000
LogisticRegression,fold_aware,5,40,W0508,0,0,0.000000,1.000000
LogisticRegression,fold_aware,5,40,W0509,0,0,0.000000,1.000000
LogisticRegression,fold_aware,5,40,W0510,0,0,0.000000,1.000000
LogisticRegression,fold_aware,5,40,W0511,0,0,0.000000,1.000000
LogisticRegression,fold_aware,5,40,W0512,0,0,0.000000,1.000000
LogisticRegression,fold_aware,5,40,W0513,0,0,0.000000,1.000000
LogisticRegression,fold_aware,5,40,W0514,0,0,0.000000,1.000000
LogisticRegression,fold_aware,5,40,W0515,0,0,0.000000,1.000000
LogisticRegression,fold_aware,5,40,W0516,0,0,0.000001,0.999999
LogisticRegression,fold_aware,5,40,W0517,0,0,0.000013,0.999987
LogisticRegression,fold_aware,5,40,W0518,0,0,0.000121,0.999879
LogisticRegression,fold_aware,5,40,W0519,0,0,0.000842,0.999158
LogisticRegression,fold_aware,5,40,W0520,0,0,0.009454,0.990546
LogisticRegression,fold_aware,5,40,W0521,0,0,0.056457,0.943543
LogisticRegression,fold_aware,5,40,W0522,1,0,0.194519,0.805481
LogisticRegression,fold_aware,5,40,W0523,1,1,0.629268,0.370732
LogisticRegression,fold_aware,5,40,W0524,1,1,0.823857,0.176143
LogisticRegression,fold_aware,5,40,W0525,1,1,0.816441,0.183559
LogisticRegression,fold_aware,5,40,W0526,1,1,0.864925,0.135075
LogisticRegression,fold_aware,5,40,W0527,1,1,0.854844,0.145156
LogisticRegression,fold_aware,5,40,W0528,1,1,0.797871,0.202129
LogisticRegression,fold_aware,5,40,W0529,1,1,0.855909,0.144091
LogisticRegression,fold_aware,5,40,W0530,1,1,0.896225,0.103775
LogisticRegression,fold_aware,5,40,W0531,1,1,0.909100,0.090900
LogisticRegression,fold_aware,5,40,W0532,1,1,0.943378,0.056622
LogisticRegression,fold_aware,5,40,W0533,1,1,0.969106,0.030894
LogisticRegression,fold_aware,5,40,W0534,1,1,0.969515,0.030485
LogisticRegression,fold_aware,5,40,W0535,1,1,0.974940,0.025060
LogisticRegression,fold_aware,5,40,W0536,1,1,0.982641,0.017359
LogisticRegression,fold_aware,5,40,W0537,1,1,0.987230,0.012770
LogisticRegression,fold_aware,5,40,W0538,1,1,0.984350,0.015650
LogisticRegression,fold_aware,5,40,W0539,1,1,0.988737,0.011263
LogisticRegression,fold_aware,5,40,W0540,1,1,0.984952,0.015048
LogisticRegression,fold_aware,5,40,W0541,1,1,0.974755,0.025245
LogisticRegression,fold_aware,5,40,W0542,1,1,0.985978,0.014022
LogisticRegression,fold_aware,5,40,W0543,1,1,0.972361,0.027639
LogisticRegression,fold_aware,5,40,W0544,1,1,0.984999,0.015001
LogisticRegression,fold_aware,5,40,W0545,1,1,0.978228,0.021772
LogisticRegression,fold_aware,5,40,W0546,1,1,0.986412,0.013588
LogisticRegression,fold_aware,5,40,W0547,1,1,0.989674,0.010326
SVM_RBF,fold_aware,5,40,W0497,0,0,0.001507,0.998493
SVM_RBF,fold_aware,5,40,W0498,0,0,0.001588,0.998412
SVM_RBF,fold_aware,5,40,W0499,0,0,0.000980,0.999020
SVM_RBF,fold_aware,5,40,W0500,0,0,0.000588,0.999412
SVM_RBF,fold_aware,5,40,W0501,0,0,0.001019,0.998981
SVM_RBF,fold_aware,5,40,W0502,0,0,0.021311,0.978689
SVM_RBF,fold_aware,5,40,W0503,0,0,0.354649,0.645351
SVM_RBF,fold_aware,5,40,W0504,0,0,0.003885,0.996115
SVM_RBF,fold_aware,5,40,W0505,0,0,0.000257,0.999743
SVM_RBF,fold_aware,5,40,W0506,0,0,0.000494,0.999506
SVM_RBF,fold_aware,5,40,W0507,0,0,0.000163,0.999837
SVM_RBF,fold_aware,5,40,W0508,0,0,0.000480,0.999520
SVM_RBF,fold_aware,5,40,W0509,0,0,0.000087,0.999913
SVM_RBF,fold_aware,5,40,W0510,0,0,0.000047,0.999953
SVM_RBF,fold_aware,5,40,W0511,0,0,0.000027,0.999973
SVM_RBF,fold_aware,5,40,W0512,0,0,0.000046,0.999954
SVM_RBF,fold_aware,5,40,W0513,0,0,0.000088,0.999912
SVM_RBF,fold_aware,5,40,W0514,0,0,0.000039,0.999961
SVM_RBF,fold_aware,5,40,W0515,0,0,0.000061,0.999939
SVM_RBF,fold_aware,5,40,W0516,0,0,0.000276,0.999724
SVM_RBF,fold_aware,5,40,W0517,0,0,0.000204,0.999796
SVM_RBF,fold_aware,5,40,W0518,0,0,0.001010,0.998990
SVM_RBF,fold_aware,5,40,W0519,0,0,0.006954,0.993046
SVM_RBF,fold_aware,5,40,W0520,0,0,0.015633,0.984367
SVM_RBF,fold_aware,5,40,W0521,0,0,0.079043,0.920957
SVM_RBF,fold_aware,5,40,W0522,1,0,0.198911,0.801089
SVM_RBF,fold_aware,5,40,W0523,1,1,0.579300,0.420700
SVM_RBF,fold_aware,5,40,W0524,1,1,0.805984,0.194016
SVM_RBF,fold_aware,5,40,W0525,1,1,0.690281,0.309719
SVM_RBF,fold_aware,5,40,W0526,1,1,0.877586,0.122414
SVM_RBF,fold_aware,5,40,W0527,1,1,0.899265,0.100735
SVM_RBF,fold_aware,5,40,W0528,1,1,0.754973,0.245027
SVM_RBF,fold_aware,5,40,W0529,1,1,0.847528,0.152472
SVM_RBF,fold_aware,5,40,W0530,1,1,0.944386,0.055614
SVM_RBF,fold_aware,5,40,W0531,1,1,0.921977,0.078023
SVM_RBF,fold_aware,5,40,W0532,1,1,0.935494,0.064506
SVM_RBF,fold_aware,5,40,W0533,1,1,0.978276,0.021724
SVM_RBF,fold_aware,5,40,W0534,1,1,0.966546,0.033454
SVM_RBF,fold_aware,5,40,W0535,1,1,0.958488,0.041512
SVM_RBF,fold_aware,5,40,W0536,1,1,0.984073,0.015927
SVM_RBF,fold_aware,5,40,W0537,1,1,0.989827,0.010173
SVM_RBF,fold_aware,5,40,W0538,1,1,0.902864,0.097136
SVM_RBF,fold_aware,5,40,W0539,1,1,0.989886,0.010114
SVM_RBF,fold_aware,5,40,W0540,1,1,0.987701,0.012299
SVM_RBF,fold_aware,5,40,W0541,1,1,0.894817,0.105183
SVM_RBF,fold_aware,5,40,W0542,1,1,0.983884,0.016116
SVM_RBF,fold_aware,5,40,W0543,1,1,0.978852,0.021148
SVM_RBF,fold_aware,5,40,W0544,1,1,0.984324,0.015676
SVM_RBF,fold_aware,5,40,W0545,1,1,0.936790,0.063210
SVM_RBF,fold_aware,5,40,W0546,1,1,0.987961,0.012039
SVM_RBF,fold_aware,5,40,W0547,1,1,0.991282,0.008718
RandomForest,fold_aware,5,40,W0497,0,0,0.013485,0.986515
RandomForest,fold_aware,5,40,W0498,0,0,0.001911,0.998089
RandomForest,fold_aware,5,40,W0499,0,0,0.001911,0.998089
RandomForest,fold_aware,5,40,W0500,0,0,0.002228,0.997772
RandomForest,fold_aware,5,40,W0501,0,0,0.007390,0.992610
RandomForest,fold_aware,5,40,W0502,0,0,0.000000,1.000000
RandomForest,fold_aware,5,40,W0503,0,0,0.058831,0.941169
RandomForest,fold_aware,5,40,W0504,0,0,0.016768,0.983232
RandomForest,fold_aware,5,40,W0505,0,0,0.007924,0.992076
RandomForest,fold_aware,5,40,W0506,0,0,0.031709,0.968291
RandomForest,fold_aware,5,40,W0507,0,0,0.009714,0.990286
RandomForest,fold_aware,5,40,W0508,0,0,0.029389,0.970611
RandomForest,fold_aware,5,40,W0509,0,0,0.007511,0.992489
RandomForest,fold_aware,5,40,W0510,0,0,0.006171,0.993829
RandomForest,fold_aware,5,40,W0511,0,0,0.002228,0.997772
RandomForest,fold_aware,5,40,W0512,0,0,0.008083,0.991917
RandomForest,fold_aware,5,40,W0513,0,0,0.026551,0.973449
RandomForest,fold_aware,5,40,W0514,0,0,0.002228,0.997772
RandomForest,fold_aware,5,40,W0515,0,0,0.005587,0.994413
RandomForest,fold_aware,5,40,W0516,0,0,0.013962,0.986038
RandomForest,fold_aware,5,40,W0517,0,0,0.000000,1.000000
RandomForest,fold_aware,5,40,W0518,0,0,0.002749,0.997251
RandomForest,fold_aware,5,40,W0519,0,0,0.013435,0.986565
RandomForest,fold_aware,5,40,W0520,0,0,0.010686,0.989314
RandomForest,fold_aware,5,40,W0521,0,0,0.019949,0.980051
RandomForest,fold_aware,5,40,W0522,1,0,0.141583,0.858417
RandomForest,fold_aware,5,40,W0523,1,0,0.316039,0.683961
RandomForest,fold_aware,5,40,W0524,1,0,0.478276,0.521724
RandomForest,fold_aware,5,40,W0525,1,1,0.644599,0.355401
RandomForest,fold_aware,5,40,W0526,1,1,0.738512,0.261488
RandomForest,fold_aware,5,40,W0527,1,0,0.491750,0.508250
RandomForest,fold_aware,5,40,W0528,1,1,0.632537,0.367463
RandomForest,fold_aware,5,40,W0529,1,1,0.676007,0.323993
RandomForest,fold_aware,5,40,W0530,1,1,0.867663,0.132337
RandomForest,fold_aware,5,40,W0531,1,1,0.882039,0.117961
RandomForest,fold_aware,5,40,W0532,1,1,0.926457,0.073543
RandomForest,fold_aware,5,40,W0533,1,1,0.944461,0.055539
RandomForest,fold_aware,5,40,W0534,1,1,0.993710,0.006290
RandomForest,fold_aware,5,40,W0535,1,1,0.976561,0.023439
RandomForest,fold_aware,5,40,W0536,1,1,0.986031,0.013969
RandomForest,fold_aware,5,40,W0537,1,1,0.997505,0.002495
RandomForest,fold_aware,5,40,W0538,1,1,0.988845,0.011155
RandomForest,fold_aware,5,40,W0539,1,1,0.985695,0.014305
RandomForest,fold_aware,5,40,W0540,1,1,0.997505,0.002495
RandomForest,fold_aware,5,40,W0541,1,1,0.987759,0.012241
RandomForest,fold_aware,5,40,W0542,1,1,0.994089,0.005911
RandomForest,fold_aware,5,40,W0543,1,1,0.997505,0.002495
RandomForest,fold_aware,5,40,W0544,1,1,0.998006,0.001994
RandomForest,fold_aware,5,40,W0545,1,1,0.992178,0.007822
RandomForest,fold_aware,5,40,W0546,1,1,0.981207,0.018793
RandomForest,fold_aware,5,40,W0547,1,1,0.996400,0.003600
XGBoost,fold_aware,5,40,W0497,0,0,0.001315,0.998685
XGBoost,fold_aware,5,40,W0498,0,0,0.000764,0.999236
XGBoost,fold_aware,5,40,W0499,0,0,0.000550,0.999450
XGBoost,fold_aware,5,40,W0500,0,0,0.000436,0.999564
XGBoost,fold_aware,5,40,W0501,0,0,0.000263,0.999737
XGBoost,fold_aware,5,40,W0502,0,0,0.000220,0.999780
XGBoost,fold_aware,5,40,W0503,0,0,0.003794,0.996206
XGBoost,fold_aware,5,40,W0504,0,0,0.001488,0.998512
XGBoost,fold_aware,5,40,W0505,0,0,0.000174,0.999826
XGBoost,fold_aware,5,40,W0506,0,0,0.001043,0.998957
XGBoost,fold_aware,5,40,W0507,0,0,0.000326,0.999674
XGBoost,fold_aware,5,40,W0508,0,0,0.000429,0.999571
XGBoost,fold_aware,5,40,W0509,0,0,0.000361,0.999639
XGBoost,fold_aware,5,40,W0510,0,0,0.000406,0.999594
XGBoost,fold_aware,5,40,W0511,0,0,0.000339,0.999661
XGBoost,fold_aware,5,40,W0512,0,0,0.000237,0.999763
XGBoost,fold_aware,5,40,W0513,0,0,0.000355,0.999645
XGBoost,fold_aware,5,40,W0514,0,0,0.000382,0.999618
XGBoost,fold_aware,5,40,W0515,0,0,0.000335,0.999665
XGBoost,fold_aware,5,40,W0516,0,0,0.000401,0.999599
XGBoost,fold_aware,5,40,W0517,0,0,0.000580,0.999420
XGBoost,fold_aware,5,40,W0518,0,0,0.000304,0.999696
XGBoost,fold_aware,5,40,W0519,0,0,0.000231,0.999769
XGBoost,fold_aware,5,40,W0520,0,0,0.000261,0.999739
XGBoost,fold_aware,5,40,W0521,0,0,0.000630,0.999370
XGBoost,fold_aware,5,40,W0522,1,0,0.003977,0.996023
XGBoost,fold_aware,5,40,W0523,1,0,0.040700,0.959300
XGBoost,fold_aware,5,40,W0524,1,1,0.749785,0.250215
XGBoost,fold_aware,5,40,W0525,1,1,0.617382,0.382618
XGBoost,fold_aware,5,40,W0526,1,1,0.971747,0.028253
XGBoost,fold_aware,5,40,W0527,1,1,0.524675,0.475325
XGBoost,fold_aware,5,40,W0528,1,1,0.900183,0.099817
XGBoost,fold_aware,5,40,W0529,1,1,0.791660,0.208340
XGBoost,fold_aware,5,40,W0530,1,1,0.902348,0.097652
XGBoost,fold_aware,5,40,W0531,1,1,0.991601,0.008399
XGBoost,fold_aware,5,40,W0532,1,1,0.993469,0.006531
XGBoost,fold_aware,5,40,W0533,1,1,0.998807,0.001193
XGBoost,fold_aware,5,40,W0534,1,1,0.999189,0.000811
XGBoost,fold_aware,5,40,W0535,1,1,0.999527,0.000473
XGBoost,fold_aware,5,40,W0536,1,1,0.998699,0.001301
XGBoost,fold_aware,5,40,W0537,1,1,0.999647,0.000353
XGBoost,fold_aware,5,40,W0538,1,1,0.994552,0.005448
XGBoost,fold_aware,5,40,W0539,1,1,0.998998,0.001002
XGBoost,fold_aware,5,40,W0540,1,1,0.999522,0.000478
XGBoost,fold_aware,5,40,W0541,1,1,0.999526,0.000474
XGBoost,fold_aware,5,40,W0542,1,1,0.999385,0.000615
XGBoost,fold_aware,5,40,W0543,1,1,0.999651,0.000349
XGBoost,fold_aware,5,40,W0544,1,1,0.999162,0.000838
XGBoost,fold_aware,5,40,W0545,1,1,0.999245,0.000755
XGBoost,fold_aware,5,40,W0546,1,1,0.999110,0.000890
XGBoost,fold_aware,5,40,W0547,1,1,0.999708,0.000292
MLP_NeuralNet,fold_aware,5,40,W0497,0,0,0.000001,0.999999
MLP_NeuralNet,fold_aware,5,40,W0498,0,0,0.000000,1.000000
MLP_NeuralNet,fold_aware,5,40,W0499,0,0,0.000000,1.000000
MLP_NeuralNet,fold_aware,5,40,W0500,0,0,0.000000,1.000000
MLP_NeuralNet,fold_aware,5,40,W0501,0,0,0.000000,1.000000
MLP_NeuralNet,fold_aware,5,40,W0502,0,0,0.000000,1.000000
MLP_NeuralNet,fold_aware,5,40,W0503,0,0,0.000002,0.999998
MLP_NeuralNet,fold_aware,5,40,W0504,0,0,0.000000,1.000000
MLP_NeuralNet,fold_aware,5,40,W0505,0,0,0.000000,1.000000
MLP_NeuralNet,fold_aware,5,40,W0506,0,0,0.000000,1.000000
MLP_NeuralNet,fold_aware,5,40,W0507,0,0,0.000000,1.000000
MLP_NeuralNet,fold_aware,5,40,W0508,0,0,0.000000,1.000000
MLP_NeuralNet,fold_aware,5,40,W0509,0,0,0.000000,1.000000
MLP_NeuralNet,fold_aware,5,40,W0510,0,0,0.000000,1.000000
MLP_NeuralNet,fold_aware,5,40,W0511,0,0,0.000000,1.000000
MLP_NeuralNet,fold_aware,5,40,W0512,0,0,0.000000,1.000000
MLP_NeuralNet,fold_aware,5,40,W0513,0,0,0.000000,1.000000
MLP_NeuralNet,fold_aware,5,40,W0514,0,0,0.000000,1.000000
MLP_NeuralNet,fold_aware,5,40,W0515,0,0,0.000000,1.000000
MLP_NeuralNet,fold_aware,5,40,W0516,0,0,0.000000,1.000000
MLP_NeuralNet,fold_aware,5,40,W0517,0,0,0.000001,0.999999
MLP_NeuralNet,fold_aware,5,40,W0518,0,0,0.000002,0.999998
MLP_NeuralNet,fold_aware,5,40,W0519,0,0,0.000000,1.000000
MLP_NeuralNet,fold_aware,5,40,W0520,0,0,0.000457,0.999543
MLP_NeuralNet,fold_aware,5,40,W0521,0,0,0.021407,0.978593
MLP_NeuralNet,fold_aware,5,40,W0522,1,0,0.001843,0.998157
MLP_NeuralNet,fold_aware,5,40,W0523,1,1,0.944998,0.055002
MLP_NeuralNet,fold_aware,5,40,W0524,1,1,0.976649,0.023351
MLP_NeuralNet,fold_aware,5,40,W0525,1,0,0.165067,0.834933
MLP_NeuralNet,fold_aware,5,40,W0526,1,1,0.976542,0.023458
MLP_NeuralNet,fold_aware,5,40,W0527,1,1,0.997070,0.002930
MLP_NeuralNet,fold_aware,5,40,W0528,1,0,0.128439,0.871561
MLP_NeuralNet,fold_aware,5,40,W0529,1,1,0.550363,0.449637
MLP_NeuralNet,fold_aware,5,40,W0530,1,1,0.999152,0.000848
MLP_NeuralNet,fold_aware,5,40,W0531,1,1,0.922642,0.077358
MLP_NeuralNet,fold_aware,5,40,W0532,1,1,0.831113,0.168887
MLP_NeuralNet,fold_aware,5,40,W0533,1,1,0.999771,0.000229
MLP_NeuralNet,fold_aware,5,40,W0534,1,1,0.987724,0.012276
MLP_NeuralNet,fold_aware,5,40,W0535,1,1,0.975360,0.024640
MLP_NeuralNet,fold_aware,5,40,W0536,1,1,0.999856,0.000144
MLP_NeuralNet,fold_aware,5,40,W0537,1,1,0.999439,0.000561
MLP_NeuralNet,fold_aware,5,40,W0538,1,1,0.743703,0.256297
MLP_NeuralNet,fold_aware,5,40,W0539,1,1,0.999500,0.000500
MLP_NeuralNet,fold_aware,5,40,W0540,1,1,0.999665,0.000335
MLP_NeuralNet,fold_aware,5,40,W0541,1,1,0.946689,0.053311
MLP_NeuralNet,fold_aware,5,40,W0542,1,1,0.996300,0.003700
MLP_NeuralNet,fold_aware,5,40,W0543,1,1,0.999490,0.000510
MLP_NeuralNet,fold_aware,5,40,W0544,1,1,0.997632,0.002368
MLP_NeuralNet,fold_aware,5,40,W0545,1,1,0.958817,0.041183
MLP_NeuralNet,fold_aware,5,40,W0546,1,1,0.998242,0.001758
MLP_NeuralNet,fold_aware,5,40,W0547,1,1,0.999903,0.000097
LogisticRegression,none,6,42,W0548,1,1,0.864239,0.135761
LogisticRegression,none,6,42,W0549,1,1,0.901451,0.098549
LogisticRegression,none,6,42,W0550,1,1,0.919365,0.080635
LogisticRegression,none,6,42,W0551,1,1,0.928439,0.071561
LogisticRegression,none,6,42,W0552,1,1,0.930157,0.069843
LogisticRegression,none,6,42,W0553,1,1,0.940658,0.059342
LogisticRegression,none,6,42,W0554,1,1,0.961149,0.038851
LogisticRegression,none,6,42,W0555,1,1,0.941503,0.058497
LogisticRegression,none,6,42,W0556,1,1,0.970968,0.029032
LogisticRegression,none,6,42,W0557,1,1,0.948793,0.051207
LogisticRegression,none,6,42,W0558,1,1,0.965032,0.034968
LogisticRegression,none,6,42,W0559,1,1,0.964928,0.035072
LogisticRegression,none,6,42,W0560,1,1,0.905678,0.094322
LogisticRegression,none,6,42,W0561,1,1,0.658526,0.341474
LogisticRegression,none,6,42,W0562,1,0,0.363131,0.636869
LogisticRegression,none,6,42,W0563,1,1,0.635827,0.364173
LogisticRegression,none,6,42,W0564,1,0,0.374136,0.625864
LogisticRegression,none,6,42,W0565,1,1,0.509055,0.490945
LogisticRegression,none,6,42,W0566,1,1,0.730522,0.269478
LogisticRegression,none,6,42,W0567,1,1,0.851314,0.148686
LogisticRegression,none,6,42,W0568,1,1,0.910924,0.089076
LogisticRegression,none,6,42,W0569,1,1,0.900003,0.099997
LogisticRegression,none,6,42,W0570,1,1,0.944938,0.055062
LogisticRegression,none,6,42,W0571,1,1,0.886915,0.113085
LogisticRegression,none,6,42,W0572,1,1,0.942441,0.057559
LogisticRegression,none,6,42,W0573,1,1,0.957247,0.042753
LogisticRegression,none,6,42,W0574,1,1,0.958609,0.041391
LogisticRegression,none,6,42,W0575,1,1,0.914919,0.085081
LogisticRegression,none,6,42,W0576,1,1,0.920609,0.079391
SVM_RBF,none,6,42,W0548,1,1,0.948760,0.051240
SVM_RBF,none,6,42,W0549,1,1,0.920474,0.079526
SVM_RBF,none,6,42,W0550,1,1,0.951041,0.048959
SVM_RBF,none,6,42,W0551,1,1,0.956522,0.043478
SVM_RBF,none,6,42,W0552,1,1,0.952863,0.047137
SVM_RBF,none,6,42,W0553,1,1,0.958818,0.041182
SVM_RBF,none,6,42,W0554,1,1,0.968353,0.031647
SVM_RBF,none,6,42,W0555,1,1,0.969230,0.030770
SVM_RBF,none,6,42,W0556,1,1,0.983207,0.016793
SVM_RBF,none,6,42,W0557,1,1,0.975332,0.024668
SVM_RBF,none,6,42,W0558,1,1,0.967694,0.032306
SVM_RBF,none,6,42,W0559,1,1,0.975178,0.024822
SVM_RBF,none,6,42,W0560,1,1,0.967376,0.032624
SVM_RBF,none,6,42,W0561,1,1,0.901749,0.098251
SVM_RBF,none,6,42,W0562,1,1,0.842034,0.157966
SVM_RBF,none,6,42,W0563,1,1,0.924453,0.075547
SVM_RBF,none,6,42,W0564,1,1,0.797721,0.202279
SVM_RBF,none,6,42,W0565,1,1,0.796500,0.203500
SVM_RBF,none,6,42,W0566,1,1,0.904385,0.095615
SVM_RBF,none,6,42,W0567,1,1,0.942379,0.057621
SVM_RBF,none,6,42,W0568,1,1,0.958895,0.041105
SVM_RBF,none,6,42,W0569,1,1,0.953664,0.046336
SVM_RBF,none,6,42,W0570,1,1,0.972562,0.027438
SVM_RBF,none,6,42,W0571,1,1,0.944966,0.055034
SVM_RBF,none,6,42,W0572,1,1,0.959723,0.040277
SVM_RBF,none,6,42,W0573,1,1,0.974349,0.025651
SVM_RBF,none,6,42,W0574,1,1,0.976024,0.023976
SVM_RBF,none,6,42,W0575,1,1,0.970665,0.029335
SVM_RBF,none,6,42,W0576,1,1,0.962936,0.037064
RandomForest,none,6,42,W0548,1,1,0.981222,0.018778
RandomForest,none,6,42,W0549,1,1,0.988654,0.011346
RandomForest,none,6,42,W0550,1,1,0.989601,0.010399
RandomForest,none,6,42,W0551,1,1,0.989601,0.010399
RandomForest,none,6,42,W0552,1,1,0.988654,0.011346
RandomForest,none,6,42,W0553,1,1,0.991405,0.008595
RandomForest,none,6,42,W0554,1,1,0.989937,0.010063
RandomForest,none,6,42,W0555,1,1,0.997079,0.002921
RandomForest,none,6,42,W0556,1,1,1.000000,0.000000
RandomForest,none,6,42,W0557,1,1,0.994329,0.005671
RandomForest,none,6,42,W0558,1,1,1.000000,0.000000
RandomForest,none,6,42,W0559,1,1,0.997079,0.002921
RandomForest,none,6,42,W0560,1,1,0.947882,0.052118
RandomForest,none,6,42,W0561,1,1,0.691443,0.308557
RandomForest,none,6,42,W0562,1,1,0.557981,0.442019
RandomForest,none,6,42,W0563,1,1,0.629570,0.370430
RandomForest,none,6,42,W0564,1,1,0.686824,0.313176
RandomForest,none,6,42,W0565,1,1,0.768990,0.231010
RandomForest,none,6,42,W0566,1,1,0.839735,0.160265
RandomForest,none,6,42,W0567,1,1,0.898727,0.101273
RandomForest,none,6,42,W0568,1,1,0.950272,0.049728
RandomForest,none,6,42,W0569,1,1,0.965086,0.034914
RandomForest,none,6,42,W0570,1,1,0.971035,0.028965
RandomForest,none,6,42,W0571,1,1,0.966526,0.033474
RandomForest,none,6,42,W0572,1,1,0.982210,0.017790
RandomForest,none,6,42,W0573,1,1,0.981218,0.018782
RandomForest,none,6,42,W0574,1,1,0.952395,0.047605
RandomForest,none,6,42,W0575,1,1,0.981893,0.018107
RandomForest,none,6,42,W0576,1,1,0.984771,0.015229
XGBoost,none,6,42,W0548,1,1,0.997999,0.002001
XGBoost,none,6,42,W0549,1,1,0.997510,0.002490
XGBoost,none,6,42,W0550,1,1,0.997342,0.002658
XGBoost,none,6,42,W0551,1,1,0.997437,0.002563
XGBoost,none,6,42,W0552,1,1,0.998119,0.001881
XGBoost,none,6,42,W0553,1,1,0.997927,0.002073
XGBoost,none,6,42,W0554,1,1,0.998007,0.001993
XGBoost,none,6,42,W0555,1,1,0.998857,0.001143
XGBoost,none,6,42,W0556,1,1,0.999053,0.000947
XGBoost,none,6,42,W0557,1,1,0.998591,0.001409
XGBoost,none,6,42,W0558,1,1,0.997846,0.002154
XGBoost,none,6,42,W0559,1,1,0.997260,0.002740
XGBoost,none,6,42,W0560,1,1,0.995134,0.004866
XGBoost,none,6,42,W0561,1,1,0.579950,0.420050
XGBoost,none,6,42,W0562,1,0,0.242460,0.757540
XGBoost,none,6,42,W0563,1,1,0.739260,0.260740
XGBoost,none,6,42,W0564,1,1,0.685536,0.314464
XGBoost,none,6,42,W0565,1,1,0.804540,0.195460
XGBoost,none,6,42,W0566,1,1,0.906178,0.093822
XGBoost,none,6,42,W0567,1,1,0.918625,0.081375
XGBoost,none,6,42,W0568,1,1,0.992032,0.007968
XGBoost,none,6,42,W0569,1,1,0.997758,0.002242
XGBoost,none,6,42,W0570,1,1,0.998849,0.001151
XGBoost,none,6,42,W0571,1,1,0.998955,0.001045
XGBoost,none,6,42,W0572,1,1,0.998461,0.001539
XGBoost,none,6,42,W0573,1,1,0.999134,0.000866
XGBoost,none,6,42,W0574,1,1,0.997354,0.002646
XGBoost,none,6,42,W0575,1,1,0.997732,0.002268
XGBoost,none,6,42,W0576,1,1,0.998517,0.001483
MLP_NeuralNet,none,6,42,W0548,1,1,0.963393,0.036607
MLP_NeuralNet,none,6,42,W0549,1,1,0.869817,0.130183
MLP_NeuralNet,none,6,42,W0550,1,1,0.940413,0.059587
MLP_NeuralNet,none,6,42,W0551,1,1,0.950885,0.049115
MLP_NeuralNet,none,6,42,W0552,1,1,0.936454,0.063546
MLP_NeuralNet,none,6,42,W0553,1,1,0.944208,0.055792
MLP_NeuralNet,none,6,42,W0554,1,1,0.966256,0.033744
MLP_NeuralNet,none,6,42,W0555,1,1,0.971445,0.028555
MLP_NeuralNet,none,6,42,W0556,1,1,0.999150,0.000850
MLP_NeuralNet,none,6,42,W0557,1,1,0.988893,0.011107
MLP_NeuralNet,none,6,42,W0558,1,1,0.969951,0.030049
MLP_NeuralNet,none,6,42,W0559,1,1,0.978044,0.021956
MLP_NeuralNet,none,6,42,W0560,1,1,0.950353,0.049647
MLP_NeuralNet,none,6,42,W0561,1,1,0.643867,0.356133
MLP_NeuralNet,none,6,42,W0562,1,0,0.389578,0.610422
MLP_NeuralNet,none,6,42,W0563,1,1,0.960569,0.039431
MLP_NeuralNet,none,6,42,W0564,1,0,0.380450,0.619550
MLP_NeuralNet,none,6,42,W0565,1,0,0.462469,0.537531
MLP_NeuralNet,none,6,42,W0566,1,1,0.768951,0.231049
MLP_NeuralNet,none,6,42,W0567,1,1,0.891252,0.108748
MLP_NeuralNet,none,6,42,W0568,1,1,0.927284,0.072716
MLP_NeuralNet,none,6,42,W0569,1,1,0.918086,0.081914
MLP_NeuralNet,none,6,42,W0570,1,1,0.997002,0.002998
MLP_NeuralNet,none,6,42,W0571,1,1,0.909086,0.090914
MLP_NeuralNet,none,6,42,W0572,1,1,0.935660,0.064340
MLP_NeuralNet,none,6,42,W0573,1,1,0.966236,0.033764
MLP_NeuralNet,none,6,42,W0574,1,1,0.963161,0.036839
MLP_NeuralNet,none,6,42,W0575,1,1,0.981102,0.018898
MLP_NeuralNet,none,6,42,W0576,1,1,0.992833,0.007167
LogisticRegression,pooled_global,6,42,W0548,1,1,0.967816,0.032184
LogisticRegression,pooled_global,6,42,W0549,1,1,0.974280,0.025720
LogisticRegression,pooled_global,6,42,W0550,1,1,0.980827,0.019173
LogisticRegression,pooled_global,6,42,W0551,1,1,0.982558,0.017442
LogisticRegression,pooled_global,6,42,W0552,1,1,0.983234,0.016766
LogisticRegression,pooled_global,6,42,W0553,1,1,0.985664,0.014336
LogisticRegression,pooled_global,6,42,W0554,1,1,0.990006,0.009994
LogisticRegression,pooled_global,6,42,W0555,1,1,0.986563,0.013437
LogisticRegression,pooled_global,6,42,W0556,1,1,0.986625,0.013375
LogisticRegression,pooled_global,6,42,W0557,1,1,0.989839,0.010161
LogisticRegression,pooled_global,6,42,W0558,1,1,0.992256,0.007744
LogisticRegression,pooled_global,6,42,W0559,1,1,0.991111,0.008889
LogisticRegression,pooled_global,6,42,W0560,1,1,0.975136,0.024864
LogisticRegression,pooled_global,6,42,W0561,1,1,0.660797,0.339203
LogisticRegression,pooled_global,6,42,W0562,1,0,0.445752,0.554248
LogisticRegression,pooled_global,6,42,W0563,1,1,0.535526,0.464474
LogisticRegression,pooled_global,6,42,W0564,1,1,0.565058,0.434942
LogisticRegression,pooled_global,6,42,W0565,1,1,0.732802,0.267198
LogisticRegression,pooled_global,6,42,W0566,1,1,0.887188,0.112812
LogisticRegression,pooled_global,6,42,W0567,1,1,0.950454,0.049546
LogisticRegression,pooled_global,6,42,W0568,1,1,0.973979,0.026021
LogisticRegression,pooled_global,6,42,W0569,1,1,0.969953,0.030047
LogisticRegression,pooled_global,6,42,W0570,1,1,0.974887,0.025113
LogisticRegression,pooled_global,6,42,W0571,1,1,0.970540,0.029460
LogisticRegression,pooled_global,6,42,W0572,1,1,0.984938,0.015062
LogisticRegression,pooled_global,6,42,W0573,1,1,0.986932,0.013068
LogisticRegression,pooled_global,6,42,W0574,1,1,0.984502,0.015498
LogisticRegression,pooled_global,6,42,W0575,1,1,0.968441,0.031559
LogisticRegression,pooled_global,6,42,W0576,1,1,0.960504,0.039496
SVM_RBF,pooled_global,6,42,W0548,1,1,0.988182,0.011818
SVM_RBF,pooled_global,6,42,W0549,1,1,0.981473,0.018527
SVM_RBF,pooled_global,6,42,W0550,1,1,0.989979,0.010021
SVM_RBF,pooled_global,6,42,W0551,1,1,0.990724,0.009276
SVM_RBF,pooled_global,6,42,W0552,1,1,0.988705,0.011295
SVM_RBF,pooled_global,6,42,W0553,1,1,0.990414,0.009586
SVM_RBF,pooled_global,6,42,W0554,1,1,0.992966,0.007034
SVM_RBF,pooled_global,6,42,W0555,1,1,0.991521,0.008479
SVM_RBF,pooled_global,6,42,W0556,1,1,0.992809,0.007191
SVM_RBF,pooled_global,6,42,W0557,1,1,0.994351,0.005649
SVM_RBF,pooled_global,6,42,W0558,1,1,0.993074,0.006926
SVM_RBF,pooled_global,6,42,W0559,1,1,0.994475,0.005525
SVM_RBF,pooled_global,6,42,W0560,1,1,0.990225,0.009775
SVM_RBF,pooled_global,6,42,W0561,1,1,0.907422,0.092578
SVM_RBF,pooled_global,6,42,W0562,1,1,0.817377,0.182623
SVM_RBF,pooled_global,6,42,W0563,1,1,0.901183,0.098817
SVM_RBF,pooled_global,6,42,W0564,1,1,0.831745,0.168255
SVM_RBF,pooled_global,6,42,W0565,1,1,0.864185,0.135815
SVM_RBF,pooled_global,6,42,W0566,1,1,0.955879,0.044121
SVM_RBF,pooled_global,6,42,W0567,1,1,0.978955,0.021045
SVM_RBF,pooled_global,6,42,W0568,1,1,0.987131,0.012869
SVM_RBF,pooled_global,6,42,W0569,1,1,0.984077,0.015923
SVM_RBF,pooled_global,6,42,W0570,1,1,0.988630,0.011370
SVM_RBF,pooled_global,6,42,W0571,1,1,0.980859,0.019141
SVM_RBF,pooled_global,6,42,W0572,1,1,0.989112,0.010888
SVM_RBF,pooled_global,6,42,W0573,1,1,0.992907,0.007093
SVM_RBF,pooled_global,6,42,W0574,1,1,0.992641,0.007359
SVM_RBF,pooled_global,6,42,W0575,1,1,0.988091,0.011909
SVM_RBF,pooled_global,6,42,W0576,1,1,0.981750,0.018250
RandomForest,pooled_global,6,42,W0548,1,1,0.993725,0.006275
RandomForest,pooled_global,6,42,W0549,1,1,0.998380,0.001620
RandomForest,pooled_global,6,42,W0550,1,1,0.991514,0.008486
RandomForest,pooled_global,6,42,W0551,1,1,0.992258,0.007742
RandomForest,pooled_global,6,42,W0552,1,1,0.997732,0.002268
RandomForest,pooled_global,6,42,W0553,1,1,0.994711,0.005289
RandomForest,pooled_global,6,42,W0554,1,1,0.996090,0.003910
RandomForest,pooled_global,6,42,W0555,1,1,0.998045,0.001955
RandomForest,pooled_global,6,42,W0556,1,1,0.996090,0.003910
RandomForest,pooled_global,6,42,W0557,1,1,0.994134,0.005866
RandomForest,pooled_global,6,42,W0558,1,1,0.995580,0.004420
RandomForest,pooled_global,6,42,W0559,1,1,0.998045,0.001955
RandomForest,pooled_global,6,42,W0560,1,1,0.969435,0.030565
RandomForest,pooled_global,6,42,W0561,1,1,0.695272,0.304728
RandomForest,pooled_global,6,42,W0562,1,1,0.575633,0.424367
RandomForest,pooled_global,6,42,W0563,1,1,0.644761,0.355239
RandomForest,pooled_global,6,42,W0564,1,1,0.831530,0.168470
RandomForest,pooled_global,6,42,W0565,1,1,0.880166,0.119834
RandomForest,pooled_global,6,42,W0566,1,1,0.930906,0.069094
RandomForest,pooled_global,6,42,W0567,1,1,0.959379,0.040621
RandomForest,pooled_global,6,42,W0568,1,1,0.961868,0.038132
RandomForest,pooled_global,6,42,W0569,1,1,1.000000,0.000000
RandomForest,pooled_global,6,42,W0570,1,1,0.996349,0.003651
RandomForest,pooled_global,6,42,W0571,1,1,0.998617,0.001383
RandomForest,pooled_global,6,42,W0572,1,1,0.998045,0.001955
RandomForest,pooled_global,6,42,W0573,1,1,0.998045,0.001955
RandomForest,pooled_global,6,42,W0574,1,1,0.950560,0.049440
RandomForest,pooled_global,6,42,W0575,1,1,0.989221,0.010779
RandomForest,pooled_global,6,42,W0576,1,1,0.989221,0.010779
XGBoost,pooled_global,6,42,W0548,1,1,0.999784,0.000216
XGBoost,pooled_global,6,42,W0549,1,1,0.999843,0.000157
XGBoost,pooled_global,6,42,W0550,1,1,0.999798,0.000202
XGBoost,pooled_global,6,42,W0551,1,1,0.999804,0.000196
XGBoost,pooled_global,6,42,W0552,1,1,0.999763,0.000237
XGBoost,pooled_global,6,42,W0553,1,1,0.999766,0.000234
XGBoost,pooled_global,6,42,W0554,1,1,0.999640,0.000360
XGBoost,pooled_global,6,42,W0555,1,1,0.999886,0.000114
XGBoost,pooled_global,6,42,W0556,1,1,0.999783,0.000217
XGBoost,pooled_global,6,42,W0557,1,1,0.999685,0.000315
XGBoost,pooled_global,6,42,W0558,1,1,0.999517,0.000483
XGBoost,pooled_global,6,42,W0559,1,1,0.999655,0.000345
XGBoost,pooled_global,6,42,W0560,1,1,0.999508,0.000492
XGBoost,pooled_global,6,42,W0561,1,1,0.874536,0.125464
XGBoost,pooled_global,6,42,W0562,1,0,0.133540,0.866460
XGBoost,pooled_global,6,42,W0563,1,1,0.744178,0.255822
XGBoost,pooled_global,6,42,W0564,1,1,0.981017,0.018983
XGBoost,pooled_global,6,42,W0565,1,1,0.967812,0.032188
XGBoost,pooled_global,6,42,W0566,1,1,0.984277,0.015723
XGBoost,pooled_global,6,42,W0567,1,1,0.989177,0.010823
XGBoost,pooled_global,6,42,W0568,1,1,0.998615,0.001385
XGBoost,pooled_global,6,42,W0569,1,1,0.999815,0.000185
XGBoost,pooled_global,6,42,W0570,1,1,0.999646,0.000354
XGBoost,pooled_global,6,42,W0571,1,1,0.999754,0.000246
XGBoost,pooled_global,6,42,W0572,1,1,0.999822,0.000178
XGBoost,pooled_global,6,42,W0573,1,1,0.999829,0.000171
XGBoost,pooled_global,6,42,W0574,1,1,0.999367,0.000633
XGBoost,pooled_global,6,42,W0575,1,1,0.999451,0.000549
XGBoost,pooled_global,6,42,W0576,1,1,0.999434,0.000566
MLP_NeuralNet,pooled_global,6,42,W0548,1,1,0.994891,0.005109
MLP_NeuralNet,pooled_global,6,42,W0549,1,1,0.985422,0.014578
MLP_NeuralNet,pooled_global,6,42,W0550,1,1,0.994198,0.005802
MLP_NeuralNet,pooled_global,6,42,W0551,1,1,0.995095,0.004905
MLP_NeuralNet,pooled_global,6,42,W0552,1,1,0.993985,0.006015
MLP_NeuralNet,pooled_global,6,42,W0553,1,1,0.994941,0.005059
MLP_NeuralNet,pooled_global,6,42,W0554,1,1,0.996877,0.003123
MLP_NeuralNet,pooled_global,6,42,W0555,1,1,0.996924,0.003076
MLP_NeuralNet,pooled_global,6,42,W0556,1,1,0.999393,0.000607
MLP_NeuralNet,pooled_global,6,42,W0557,1,1,0.998210,0.001790
MLP_NeuralNet,pooled_global,6,42,W0558,1,1,0.997056,0.002944
MLP_NeuralNet,pooled_global,6,42,W0559,1,1,0.998343,0.001657
MLP_NeuralNet,pooled_global,6,42,W0560,1,1,0.996512,0.003488
MLP_NeuralNet,pooled_global,6,42,W0561,1,1,0.934251,0.065749
MLP_NeuralNet,pooled_global,6,42,W0562,1,1,0.587134,0.412866
MLP_NeuralNet,pooled_global,6,42,W0563,1,1,0.757476,0.242524
MLP_NeuralNet,pooled_global,6,42,W0564,1,1,0.690291,0.309709
MLP_NeuralNet,pooled_global,6,42,W0565,1,1,0.877853,0.122147
MLP_NeuralNet,pooled_global,6,42,W0566,1,1,0.978803,0.021197
MLP_NeuralNet,pooled_global,6,42,W0567,1,1,0.991353,0.008647
MLP_NeuralNet,pooled_global,6,42,W0568,1,1,0.995110,0.004890
MLP_NeuralNet,pooled_global,6,42,W0569,1,1,0.994274,0.005726
MLP_NeuralNet,pooled_global,6,42,W0570,1,1,0.998884,0.001116
MLP_NeuralNet,pooled_global,6,42,W0571,1,1,0.990826,0.009174
MLP_NeuralNet,pooled_global,6,42,W0572,1,1,0.995705,0.004295
MLP_NeuralNet,pooled_global,6,42,W0573,1,1,0.997100,0.002900
MLP_NeuralNet,pooled_global,6,42,W0574,1,1,0.996294,0.003706
MLP_NeuralNet,pooled_global,6,42,W0575,1,1,0.993379,0.006621
MLP_NeuralNet,pooled_global,6,42,W0576,1,1,0.994371,0.005629
LogisticRegression,fold_aware,6,42,W0548,1,1,0.955564,0.044436
LogisticRegression,fold_aware,6,42,W0549,1,1,0.960325,0.039675
LogisticRegression,fold_aware,6,42,W0550,1,1,0.971133,0.028867
LogisticRegression,fold_aware,6,42,W0551,1,1,0.973859,0.026141
LogisticRegression,fold_aware,6,42,W0552,1,1,0.973749,0.026251
LogisticRegression,fold_aware,6,42,W0553,1,1,0.977394,0.022606
LogisticRegression,fold_aware,6,42,W0554,1,1,0.984381,0.015619
LogisticRegression,fold_aware,6,42,W0555,1,1,0.980697,0.019303
LogisticRegression,fold_aware,6,42,W0556,1,1,0.985674,0.014326
LogisticRegression,fold_aware,6,42,W0557,1,1,0.985592,0.014408
LogisticRegression,fold_aware,6,42,W0558,1,1,0.988091,0.011909
LogisticRegression,fold_aware,6,42,W0559,1,1,0.987486,0.012514
LogisticRegression,fold_aware,6,42,W0560,1,1,0.957155,0.042845
LogisticRegression,fold_aware,6,42,W0561,1,0,0.486603,0.513397
LogisticRegression,fold_aware,6,42,W0562,1,0,0.258206,0.741794
LogisticRegression,fold_aware,6,42,W0563,1,0,0.401754,0.598246
LogisticRegression,fold_aware,6,42,W0564,1,0,0.370648,0.629352
LogisticRegression,fold_aware,6,42,W0565,1,1,0.548713,0.451287
LogisticRegression,fold_aware,6,42,W0566,1,1,0.804167,0.195833
LogisticRegression,fold_aware,6,42,W0567,1,1,0.922075,0.077925
LogisticRegression,fold_aware,6,42,W0568,1,1,0.960858,0.039142
LogisticRegression,fold_aware,6,42,W0569,1,1,0.958656,0.041344
LogisticRegression,fold_aware,6,42,W0570,1,1,0.972045,0.027955
LogisticRegression,fold_aware,6,42,W0571,1,1,0.960323,0.039677
LogisticRegression,fold_aware,6,42,W0572,1,1,0.978616,0.021384
LogisticRegression,fold_aware,6,42,W0573,1,1,0.983175,0.016825
LogisticRegression,fold_aware,6,42,W0574,1,1,0.980602,0.019398
LogisticRegression,fold_aware,6,42,W0575,1,1,0.963272,0.036728
LogisticRegression,fold_aware,6,42,W0576,1,1,0.957163,0.042837
SVM_RBF,fold_aware,6,42,W0548,1,1,0.972614,0.027386
SVM_RBF,fold_aware,6,42,W0549,1,1,0.966184,0.033816
SVM_RBF,fold_aware,6,42,W0550,1,1,0.984421,0.015579
SVM_RBF,fold_aware,6,42,W0551,1,1,0.985060,0.014940
SVM_RBF,fold_aware,6,42,W0552,1,1,0.980012,0.019988
SVM_RBF,fold_aware,6,42,W0553,1,1,0.982580,0.017420
SVM_RBF,fold_aware,6,42,W0554,1,1,0.987643,0.012357
SVM_RBF,fold_aware,6,42,W0555,1,1,0.982104,0.017896
SVM_RBF,fold_aware,6,42,W0556,1,1,0.989238,0.010762
SVM_RBF,fold_aware,6,42,W0557,1,1,0.988290,0.011710
SVM_RBF,fold_aware,6,42,W0558,1,1,0.988434,0.011566
SVM_RBF,fold_aware,6,42,W0559,1,1,0.992062,0.007938
SVM_RBF,fold_aware,6,42,W0560,1,1,0.984949,0.015051
SVM_RBF,fold_aware,6,42,W0561,1,1,0.861548,0.138452
SVM_RBF,fold_aware,6,42,W0562,1,1,0.660151,0.339849
SVM_RBF,fold_aware,6,42,W0563,1,1,0.822795,0.177205
SVM_RBF,fold_aware,6,42,W0564,1,1,0.634366,0.365634
SVM_RBF,fold_aware,6,42,W0565,1,1,0.740277,0.259723
SVM_RBF,fold_aware,6,42,W0566,1,1,0.924134,0.075866
SVM_RBF,fold_aware,6,42,W0567,1,1,0.963496,0.036504
SVM_RBF,fold_aware,6,42,W0568,1,1,0.977977,0.022023
SVM_RBF,fold_aware,6,42,W0569,1,1,0.970703,0.029297
SVM_RBF,fold_aware,6,42,W0570,1,1,0.983765,0.016235
SVM_RBF,fold_aware,6,42,W0571,1,1,0.962028,0.037972
SVM_RBF,fold_aware,6,42,W0572,1,1,0.983689,0.016311
SVM_RBF,fold_aware,6,42,W0573,1,1,0.990202,0.009798
SVM_RBF,fold_aware,6,42,W0574,1,1,0.990856,0.009144
SVM_RBF,fold_aware,6,42,W0575,1,1,0.978864,0.021136
SVM_RBF,fold_aware,6,42,W0576,1,1,0.973511,0.026489
RandomForest,fold_aware,6,42,W0548,1,1,0.998045,0.001955
RandomForest,fold_aware,6,42,W0549,1,1,1.000000,0.000000
RandomForest,fold_aware,6,42,W0550,1,1,0.984802,0.015198
RandomForest,fold_aware,6,42,W0551,1,1,0.985235,0.014765
RandomForest,fold_aware,6,42,W0552,1,1,0.991670,0.008330
RandomForest,fold_aware,6,42,W0553,1,1,0.996326,0.003674
RandomForest,fold_aware,6,42,W0554,1,1,0.996326,0.003674
RandomForest,fold_aware,6,42,W0555,1,1,1.000000,0.000000
RandomForest,fold_aware,6,42,W0556,1,1,0.993687,0.006313
RandomForest,fold_aware,6,42,W0557,1,1,0.991136,0.008864
RandomForest,fold_aware,6,42,W0558,1,1,0.991136,0.008864
RandomForest,fold_aware,6,42,W0559,1,1,0.991136,0.008864
RandomForest,fold_aware,6,42,W0560,1,1,0.936898,0.063102
RandomForest,fold_aware,6,42,W0561,1,0,0.355241,0.644759
RandomForest,fold_aware,6,42,W0562,1,0,0.299915,0.700085
RandomForest,fold_aware,6,42,W0563,1,0,0.360810,0.639190
RandomForest,fold_aware,6,42,W0564,1,0,0.452153,0.547847
RandomForest,fold_aware,6,42,W0565,1,1,0.582223,0.417777
RandomForest,fold_aware,6,42,W0566,1,1,0.873467,0.126533
RandomForest,fold_aware,6,42,W0567,1,1,0.950553,0.049447
RandomForest,fold_aware,6,42,W0568,1,1,0.958750,0.041250
RandomForest,fold_aware,6,42,W0569,1,1,0.994706,0.005294
RandomForest,fold_aware,6,42,W0570,1,1,0.991732,0.008268
RandomForest,fold_aware,6,42,W0571,1,1,0.996662,0.003338
RandomForest,fold_aware,6,42,W0572,1,1,0.998045,0.001955
RandomForest,fold_aware,6,42,W0573,1,1,0.996090,0.003910
RandomForest,fold_aware,6,42,W0574,1,1,0.939507,0.060493
RandomForest,fold_aware,6,42,W0575,1,1,0.989363,0.010637
RandomForest,fold_aware,6,42,W0576,1,1,0.993333,0.006667
XGBoost,fold_aware,6,42,W0548,1,1,0.999630,0.000370
XGBoost,fold_aware,6,42,W0549,1,1,0.999519,0.000481
XGBoost,fold_aware,6,42,W0550,1,1,0.999593,0.000407
XGBoost,fold_aware,6,42,W0551,1,1,0.999465,0.000535
XGBoost,fold_aware,6,42,W0552,1,1,0.999341,0.000659
XGBoost,fold_aware,6,42,W0553,1,1,0.999504,0.000496
XGBoost,fold_aware,6,42,W0554,1,1,0.999296,0.000704
XGBoost,fold_aware,6,42,W0555,1,1,0.999784,0.000216
XGBoost,fold_aware,6,42,W0556,1,1,0.999690,0.000310
XGBoost,fold_aware,6,42,W0557,1,1,0.999615,0.000385
XGBoost,fold_aware,6,42,W0558,1,1,0.999351,0.000649
XGBoost,fold_aware,6,42,W0559,1,1,0.999601,0.000399
XGBoost,fold_aware,6,42,W0560,1,1,0.998047,0.001953
XGBoost,fold_aware,6,42,W0561,1,0,0.063901,0.936099
XGBoost,fold_aware,6,42,W0562,1,0,0.009347,0.990653
XGBoost,fold_aware,6,42,W0563,1,0,0.101893,0.898107
XGBoost,fold_aware,6,42,W0564,1,0,0.108777,0.891223
XGBoost,fold_aware,6,42,W0565,1,0,0.436068,0.563932
XGBoost,fold_aware,6,42,W0566,1,1,0.929869,0.070131
XGBoost,fold_aware,6,42,W0567,1,1,0.943032,0.056968
XGBoost,fold_aware,6,42,W0568,1,1,0.993487,0.006513
XGBoost,fold_aware,6,42,W0569,1,1,0.999673,0.000327
XGBoost,fold_aware,6,42,W0570,1,1,0.999474,0.000526
XGBoost,fold_aware,6,42,W0571,1,1,0.999691,0.000309
XGBoost,fold_aware,6,42,W0572,1,1,0.999718,0.000282
XGBoost,fold_aware,6,42,W0573,1,1,0.999803,0.000197
XGBoost,fold_aware,6,42,W0574,1,1,0.998941,0.001059
XGBoost,fold_aware,6,42,W0575,1,1,0.999181,0.000819
XGBoost,fold_aware,6,42,W0576,1,1,0.999105,0.000895
MLP_NeuralNet,fold_aware,6,42,W0548,1,1,0.967855,0.032145
MLP_NeuralNet,fold_aware,6,42,W0549,1,1,0.949490,0.050510
MLP_NeuralNet,fold_aware,6,42,W0550,1,1,0.990351,0.009649
MLP_NeuralNet,fold_aware,6,42,W0551,1,1,0.989421,0.010579
MLP_NeuralNet,fold_aware,6,42,W0552,1,1,0.980123,0.019877
MLP_NeuralNet,fold_aware,6,42,W0553,1,1,0.975304,0.024696
MLP_NeuralNet,fold_aware,6,42,W0554,1,1,0.980284,0.019716
MLP_NeuralNet,fold_aware,6,42,W0555,1,1,0.965121,0.034879
MLP_NeuralNet,fold_aware,6,42,W0556,1,1,0.998894,0.001106
MLP_NeuralNet,fold_aware,6,42,W0557,1,1,0.975965,0.024035
MLP_NeuralNet,fold_aware,6,42,W0558,1,1,0.970313,0.029687
MLP_NeuralNet,fold_aware,6,42,W0559,1,1,0.994078,0.005922
MLP_NeuralNet,fold_aware,6,42,W0560,1,1,0.984144,0.015856
MLP_NeuralNet,fold_aware,6,42,W0561,1,1,0.656400,0.343600
MLP_NeuralNet,fold_aware,6,42,W0562,1,0,0.134033,0.865967
MLP_NeuralNet,fold_aware,6,42,W0563,1,0,0.483188,0.516812
MLP_NeuralNet,fold_aware,6,42,W0564,1,0,0.165741,0.834259
MLP_NeuralNet,fold_aware,6,42,W0565,1,1,0.522724,0.477276
MLP_NeuralNet,fold_aware,6,42,W0566,1,1,0.918681,0.081319
MLP_NeuralNet,fold_aware,6,42,W0567,1,1,0.966851,0.033149
MLP_NeuralNet,fold_aware,6,42,W0568,1,1,0.978088,0.021912
MLP_NeuralNet,fold_aware,6,42,W0569,1,1,0.966931,0.033069
MLP_NeuralNet,fold_aware,6,42,W0570,1,1,0.997634,0.002366
MLP_NeuralNet,fold_aware,6,42,W0571,1,1,0.930825,0.069175
MLP_NeuralNet,fold_aware,6,42,W0572,1,1,0.980703,0.019297
MLP_NeuralNet,fold_aware,6,42,W0573,1,1,0.989536,0.010464
MLP_NeuralNet,fold_aware,6,42,W0574,1,1,0.987335,0.012665
MLP_NeuralNet,fold_aware,6,42,W0575,1,1,0.959674,0.040326
MLP_NeuralNet,fold_aware,6,42,W0576,1,1,0.989139,0.010861
LogisticRegression,none,7,46,W0577,1,1,0.954085,0.045915
LogisticRegression,none,7,46,W0578,1,1,0.961450,0.038550
LogisticRegression,none,7,46,W0579,1,1,0.956911,0.043089
LogisticRegression,none,7,46,W0580,1,1,0.962942,0.037058
LogisticRegression,none,7,46,W0581,1,1,0.975865,0.024135
LogisticRegression,none,7,46,W0582,1,1,0.960621,0.039379
LogisticRegression,none,7,46,W0583,1,1,0.959204,0.040796
LogisticRegression,none,7,46,W0584,1,1,0.709211,0.290789
LogisticRegression,none,7,46,W0585,1,1,0.728641,0.271359
LogisticRegression,none,7,46,W0586,1,1,0.978981,0.021019
LogisticRegression,none,7,46,W0587,1,1,0.977186,0.022814
LogisticRegression,none,7,46,W0588,1,1,0.967857,0.032143
LogisticRegression,none,7,46,W0589,1,1,0.971789,0.028211
LogisticRegression,none,7,46,W0590,1,1,0.959031,0.040969
LogisticRegression,none,7,46,W0591,1,1,0.960776,0.039224
LogisticRegression,none,7,46,W0592,1,1,0.979710,0.020290
LogisticRegression,none,7,46,W0593,1,1,0.974739,0.025261
LogisticRegression,none,7,46,W0594,1,1,0.976220,0.023780
LogisticRegression,none,7,46,W0595,1,1,0.967971,0.032029
LogisticRegression,none,7,46,W0596,1,1,0.729095,0.270905
LogisticRegression,none,7,46,W0597,1,1,0.811009,0.188991
LogisticRegression,none,7,46,W0598,1,1,0.984344,0.015656
LogisticRegression,none,7,46,W0599,1,1,0.985471,0.014529
LogisticRegression,none,7,46,W0600,1,1,0.960673,0.039327
LogisticRegression,none,7,46,W0601,1,1,0.935785,0.064215
LogisticRegression,none,7,46,W0602,1,1,0.938901,0.061099
LogisticRegression,none,7,46,W0603,1,1,0.933768,0.066232
LogisticRegression,none,7,46,W0604,1,1,0.937208,0.062792
LogisticRegression,none,7,46,W0605,1,1,0.944932,0.055068
LogisticRegression,none,7,46,W0606,1,1,0.966757,0.033243
LogisticRegression,none,7,46,W0607,1,1,0.976102,0.023898
LogisticRegression,none,7,46,W0608,0,1,0.978125,0.021875
LogisticRegression,none,7,46,W0609,0,1,0.960490,0.039510
LogisticRegression,none,7,46,W0610,0,1,0.910926,0.089074
LogisticRegression,none,7,46,W0611,0,1,0.888690,0.111310
LogisticRegression,none,7,46,W0612,0,1,0.899959,0.100041
LogisticRegression,none,7,46,W0613,1,1,0.936267,0.063733
LogisticRegression,none,7,46,W0614,1,1,0.932488,0.067512
LogisticRegression,none,7,46,W0615,1,1,0.917007,0.082993
LogisticRegression,none,7,46,W0616,1,1,0.956959,0.043041
LogisticRegression,none,7,46,W0617,1,1,0.982632,0.017368
LogisticRegression,none,7,46,W0618,1,1,0.989210,0.010790
LogisticRegression,none,7,46,W0619,1,1,0.989804,0.010196
LogisticRegression,none,7,46,W0620,1,1,0.990063,0.009937
LogisticRegression,none,7,46,W0621,1,1,0.991964,0.008036
LogisticRegression,none,7,46,W0622,1,1,0.992846,0.007154
LogisticRegression,none,7,46,W0623,1,1,0.993993,0.006007
LogisticRegression,none,7,46,W0624,1,1,0.995057,0.004943
LogisticRegression,none,7,46,W0625,1,1,0.996039,0.003961
LogisticRegression,none,7,46,W0626,1,1,0.995929,0.004071
SVM_RBF,none,7,46,W0577,1,1,0.980207,0.019793
SVM_RBF,none,7,46,W0578,1,1,0.982882,0.017118
SVM_RBF,none,7,46,W0579,1,1,0.982920,0.017080
SVM_RBF,none,7,46,W0580,1,1,0.983504,0.016496
SVM_RBF,none,7,46,W0581,1,1,0.987324,0.012676
SVM_RBF,none,7,46,W0582,1,1,0.987485,0.012515
SVM_RBF,none,7,46,W0583,1,1,0.985703,0.014297
SVM_RBF,none,7,46,W0584,1,1,0.968901,0.031099
SVM_RBF,none,7,46,W0585,1,1,0.970626,0.029374
SVM_RBF,none,7,46,W0586,1,1,0.986528,0.013472
SVM_RBF,none,7,46,W0587,1,1,0.987809,0.012191
SVM_RBF,none,7,46,W0588,1,1,0.986349,0.013651
SVM_RBF,none,7,46,W0589,1,1,0.982497,0.017503
SVM_RBF,none,7,46,W0590,1,1,0.982866,0.017134
SVM_RBF,none,7,46,W0591,1,1,0.984597,0.015403
SVM_RBF,none,7,46,W0592,1,1,0.984475,0.015525
SVM_RBF,none,7,46,W0593,1,1,0.982075,0.017925
SVM_RBF,none,7,46,W0594,1,1,0.985408,0.014592
SVM_RBF,none,7,46,W0595,1,1,0.972850,0.027150
SVM_RBF,none,7,46,W0596,1,1,0.965834,0.034166
SVM_RBF,none,7,46,W0597,1,1,0.890674,0.109326
SVM_RBF,none,7,46,W0598,1,0,0.577380,0.422620
SVM_RBF,none,7,46,W0599,1,0,0.531673,0.468327
SVM_RBF,none,7,46,W0600,1,0,0.571794,0.428206
SVM_RBF,none,7,46,W0601,1,0,0.564310,0.435690
SVM_RBF,none,7,46,W0602,1,0,0.500000,0.500000
SVM_RBF,none,7,46,W0603,1,0,0.446542,0.553458
SVM_RBF,none,7,46,W0604,1,0,0.402720,0.597280
SVM_RBF,none,7,46,W0605,1,0,0.361316,0.638684
SVM_RBF,none,7,46,W0606,1,0,0.320066,0.679934
SVM_RBF,none,7,46,W0607,1,0,0.292118,0.707882
SVM_RBF,none,7,46,W0608,0,0,0.271713,0.728287
SVM_RBF,none,7,46,W0609,0,0,0.249553,0.750447
SVM_RBF,none,7,46,W0610,0,0,0.231528,0.768472
SVM_RBF,none,7,46,W0611,0,0,0.219137,0.780863
SVM_RBF,none,7,46,W0612,0,0,0.212002,0.787998
SVM_RBF,none,7,46,W0613,1,0,0.206645,0.793355
SVM_RBF,none,7,46,W0614,1,0,0.203977,0.796023
SVM_RBF,none,7,46,W0615,1,0,0.202318,0.797682
SVM_RBF,none,7,46,W0616,1,0,0.202880,0.797120
SVM_RBF,none,7,46,W0617,1,0,0.202081,0.797919
SVM_RBF,none,7,46,W0618,1,0,0.199043,0.800957
SVM_RBF,none,7,46,W0619,1,0,0.195930,0.804070
SVM_RBF,none,7,46,W0620,1,0,0.193733,0.806267
SVM_RBF,none,7,46,W0621,1,0,0.192057,0.807943
SVM_RBF,none,7,46,W0622,1,0,0.190926,0.809074
SVM_RBF,none,7,46,W0623,1,0,0.190122,0.809878
SVM_RBF,none,7,46,W0624,1,0,0.189566,0.810434
SVM_RBF,none,7,46,W0625,1,0,0.189135,0.810865
SVM_RBF,none,7,46,W0626,1,0,0.188814,0.811186
RandomForest,none,7,46,W0577,1,1,0.972444,0.027556
RandomForest,none,7,46,W0578,1,1,0.966272,0.033728
RandomForest,none,7,46,W0579,1,1,0.921408,0.078592
RandomForest,none,7,46,W0580,1,1,0.913285,0.086715
RandomForest,none,7,46,W0581,1,1,0.925053,0.074947
RandomForest,none,7,46,W0582,1,1,0.926411,0.073589
RandomForest,none,7,46,W0583,1,1,0.956603,0.043397
RandomForest,none,7,46,W0584,1,1,0.968035,0.031965
RandomForest,none,7,46,W0585,1,1,0.977417,0.022583
RandomForest,none,7,46,W0586,1,1,0.960855,0.039145
RandomForest,none,7,46,W0587,1,1,0.968527,0.031473
RandomForest,none,7,46,W0588,1,1,0.953297,0.046703
RandomForest,none,7,46,W0589,1,1,0.957152,0.042848
RandomForest,none,7,46,W0590,1,1,0.968943,0.031057
RandomForest,none,7,46,W0591,1,1,0.974778,0.025222
RandomForest,none,7,46,W0592,1,1,0.973858,0.026142
RandomForest,none,7,46,W0593,1,1,0.976192,0.023808
RandomForest,none,7,46,W0594,1,1,0.958525,0.041475
RandomForest,none,7,46,W0595,1,1,0.961484,0.038516
RandomForest,none,7,46,W0596,1,1,0.965164,0.034836
RandomForest,none,7,46,W0597,1,1,0.972749,0.027251
RandomForest,none,7,46,W0598,1,1,0.963526,0.036474
RandomForest,none,7,46,W0599,1,1,0.936873,0.063127
RandomForest,none,7,46,W0600,1,1,0.900308,0.099692
RandomForest,none,7,46,W0601,1,1,0.890277,0.109723
RandomForest,none,7,46,W0602,1,1,0.888079,0.111921
RandomForest,none,7,46,W0603,1,1,0.894190,0.105810
RandomForest,none,7,46,W0604,1,1,0.897327,0.102673
RandomForest,none,7,46,W0605,1,1,0.909145,0.090855
RandomForest,none,7,46,W0606,1,1,0.908704,0.091296
RandomForest,none,7,46,W0607,1,1,0.899556,0.100444
RandomForest,none,7,46,W0608,0,1,0.938564,0.061436
RandomForest,none,7,46,W0609,0,1,0.761264,0.238736
RandomForest,none,7,46,W0610,0,1,0.528920,0.471080
RandomForest,none,7,46,W0611,0,1,0.517375,0.482625
RandomForest,none,7,46,W0612,0,1,0.560067,0.439933
RandomForest,none,7,46,W0613,1,1,0.607569,0.392431
RandomForest,none,7,46,W0614,1,1,0.647191,0.352809
RandomForest,none,7,46,W0615,1,1,0.677284,0.322716
RandomForest,none,7,46,W0616,1,1,0.802548,0.197452
RandomForest,none,7,46,W0617,1,1,0.870202,0.129798
RandomForest,none,7,46,W0618,1,1,0.880983,0.119017
RandomForest,none,7,46,W0619,1,1,0.850749,0.149251
RandomForest,none,7,46,W0620,1,1,0.834235,0.165765
RandomForest,none,7,46,W0621,1,1,0.784847,0.215153
RandomForest,none,7,46,W0622,1,1,0.767928,0.232072
RandomForest,none,7,46,W0623,1,1,0.767330,0.232670
RandomForest,none,7,46,W0624,1,1,0.807255,0.192745
RandomForest,none,7,46,W0625,1,1,0.821598,0.178402
RandomForest,none,7,46,W0626,1,1,0.816420,0.183580
XGBoost,none,7,46,W0577,1,1,0.998272,0.001728
XGBoost,none,7,46,W0578,1,1,0.997066,0.002934
XGBoost,none,7,46,W0579,1,1,0.991039,0.008961
XGBoost,none,7,46,W0580,1,1,0.987209,0.012791
XGBoost,none,7,46,W0581,1,1,0.991359,0.008641
XGBoost,none,7,46,W0582,1,1,0.994257,0.005743
XGBoost,none,7,46,W0583,1,1,0.999570,0.000430
XGBoost,none,7,46,W0584,1,1,0.999419,0.000581
XGBoost,none,7,46,W0585,1,1,0.998823,0.001177
XGBoost,none,7,46,W0586,1,1,0.998599,0.001401
XGBoost,none,7,46,W0587,1,1,0.998387,0.001613
XGBoost,none,7,46,W0588,1,1,0.997946,0.002054
XGBoost,none,7,46,W0589,1,1,0.997516,0.002484
XGBoost,none,7,46,W0590,1,1,0.999093,0.000907
XGBoost,none,7,46,W0591,1,1,0.999188,0.000812
XGBoost,none,7,46,W0592,1,1,0.998941,0.001059
XGBoost,none,7,46,W0593,1,1,0.997837,0.002163
XGBoost,none,7,46,W0594,1,1,0.997339,0.002661
XGBoost,none,7,46,W0595,1,1,0.997599,0.002401
XGBoost,none,7,46,W0596,1,1,0.996802,0.003198
XGBoost,none,7,46,W0597,1,1,0.999591,0.000409
XGBoost,none,7,46,W0598,1,1,0.997977,0.002023
XGBoost,none,7,46,W0599,1,1,0.996838,0.003162
XGBoost,none,7,46,W0600,1,1,0.995243,0.004757
XGBoost,none,7,46,W0601,1,1,0.993039,0.006961
XGBoost,none,7,46,W0602,1,1,0.986910,0.013090
XGBoost,none,7,46,W0603,1,1,0.990879,0.009121
XGBoost,none,7,46,W0604,1,1,0.993377,0.006623
XGBoost,none,7,46,W0605,1,1,0.991648,0.008352
XGBoost,none,7,46,W0606,1,1,0.992479,0.007521
XGBoost,none,7,46,W0607,1,1,0.990324,0.009676
XGBoost,none,7,46,W0608,0,1,0.995616,0.004384
XGBoost,none,7,46,W0609,0,1,0.958750,0.041250
XGBoost,none,7,46,W0610,0,1,0.904677,0.095323
XGBoost,none,7,46,W0611,0,1,0.915696,0.084304
XGBoost,none,7,46,W0612,0,1,0.946162,0.053838
XGBoost,none,7,46,W0613,1,1,0.951103,0.048897
XGBoost,none,7,46,W0614,1,1,0.958730,0.041270
XGBoost,none,7,46,W0615,1,1,0.977877,0.022123
XGBoost,none,7,46,W0616,1,1,0.987467,0.012533
XGBoost,none,7,46,W0617,1,1,0.997653,0.002347
XGBoost,none,7,46,W0618,1,1,0.998742,0.001258
XGBoost,none,7,46,W0619,1,1,0.992191,0.007809
XGBoost,none,7,46,W0620,1,1,0.986127,0.013873
XGBoost,none,7,46,W0621,1,1,0.983135,0.016865
XGBoost,none,7,46,W0622,1,1,0.980982,0.019018
XGBoost,none,7,46,W0623,1,1,0.983235,0.016765
XGBoost,none,7,46,W0624,1,1,0.983156,0.016844
XGBoost,none,7,46,W0625,1,1,0.989567,0.010433
XGBoost,none,7,46,W0626,1,1,0.992863,0.007137
MLP_NeuralNet,none,7,46,W0577,1,1,0.992936,0.007064
MLP_NeuralNet,none,7,46,W0578,1,1,0.994686,0.005314
MLP_NeuralNet,none,7,46,W0579,1,1,0.998071,0.001929
MLP_NeuralNet,none,7,46,W0580,1,1,0.993708,0.006292
MLP_NeuralNet,none,7,46,W0581,1,1,0.996658,0.003342
MLP_NeuralNet,none,7,46,W0582,1,1,0.998144,0.001856
MLP_NeuralNet,none,7,46,W0583,1,1,0.994815,0.005185
MLP_NeuralNet,none,7,46,W0584,1,1,0.988705,0.011295
MLP_NeuralNet,none,7,46,W0585,1,1,0.995996,0.004004
MLP_NeuralNet,none,7,46,W0586,1,1,0.996935,0.003065
MLP_NeuralNet,none,7,46,W0587,1,1,0.997924,0.002076
MLP_NeuralNet,none,7,46,W0588,1,1,0.998503,0.001497
MLP_NeuralNet,none,7,46,W0589,1,1,0.996332,0.003668
MLP_NeuralNet,none,7,46,W0590,1,1,0.996277,0.003723
MLP_NeuralNet,none,7,46,W0591,1,1,0.996990,0.003010
MLP_NeuralNet,none,7,46,W0592,1,1,0.996973,0.003027
MLP_NeuralNet,none,7,46,W0593,1,1,0.996161,0.003839
MLP_NeuralNet,none,7,46,W0594,1,1,0.997803,0.002197
MLP_NeuralNet,none,7,46,W0595,1,1,0.991481,0.008519
MLP_NeuralNet,none,7,46,W0596,1,1,0.987812,0.012188
MLP_NeuralNet,none,7,46,W0597,1,1,0.995990,0.004010
MLP_NeuralNet,none,7,46,W0598,1,1,0.998760,0.001240
MLP_NeuralNet,none,7,46,W0599,1,1,0.999464,0.000536
MLP_NeuralNet,none,7,46,W0600,1,1,0.998802,0.001198
MLP_NeuralNet,none,7,46,W0601,1,1,0.998340,0.001660
MLP_NeuralNet,none,7,46,W0602,1,1,0.998820,0.001180
MLP_NeuralNet,none,7,46,W0603,1,1,0.999021,0.000979
MLP_NeuralNet,none,7,46,W0604,1,1,0.999202,0.000798
MLP_NeuralNet,none,7,46,W0605,1,1,0.999384,0.000616
MLP_NeuralNet,none,7,46,W0606,1,1,0.999578,0.000422
MLP_NeuralNet,none,7,46,W0607,1,1,0.999727,0.000273
MLP_NeuralNet,none,7,46,W0608,0,1,0.999798,0.000202
MLP_NeuralNet,none,7,46,W0609,0,1,0.999759,0.000241
MLP_NeuralNet,none,7,46,W0610,0,1,0.999600,0.000400
MLP_NeuralNet,none,7,46,W0611,0,1,0.999600,0.000400
MLP_NeuralNet,none,7,46,W0612,0,1,0.999754,0.000246
MLP_NeuralNet,none,7,46,W0613,1,1,0.999856,0.000144
MLP_NeuralNet,none,7,46,W0614,1,1,0.999895,0.000105
MLP_NeuralNet,none,7,46,W0615,1,1,0.999903,0.000097
MLP_NeuralNet,none,7,46,W0616,1,1,0.999942,0.000058
MLP_NeuralNet,none,7,46,W0617,1,1,0.999964,0.000036
MLP_NeuralNet,none,7,46,W0618,1,1,0.999976,0.000024
MLP_NeuralNet,none,7,46,W0619,1,1,0.999978,0.000022
MLP_NeuralNet,none,7,46,W0620,1,1,0.999972,0.000028
MLP_NeuralNet,none,7,46,W0621,1,1,0.999975,0.000025
MLP_NeuralNet,none,7,46,W0622,1,1,0.999978,0.000022
MLP_NeuralNet,none,7,46,W0623,1,1,0.999984,0.000016
MLP_NeuralNet,none,7,46,W0624,1,1,0.999986,0.000014
MLP_NeuralNet,none,7,46,W0625,1,1,0.999990,0.000010
MLP_NeuralNet,none,7,46,W0626,1,1,0.999991,0.000009
LogisticRegression,pooled_global,7,46,W0577,1,1,0.984193,0.015807
LogisticRegression,pooled_global,7,46,W0578,1,1,0.986429,0.013571
LogisticRegression,pooled_global,7,46,W0579,1,1,0.984681,0.015319
LogisticRegression,pooled_global,7,46,W0580,1,1,0.989521,0.010479
LogisticRegression,pooled_global,7,46,W0581,1,1,0.989858,0.010142
LogisticRegression,pooled_global,7,46,W0582,1,1,0.982671,0.017329
LogisticRegression,pooled_global,7,46,W0583,1,1,0.985724,0.014276
LogisticRegression,pooled_global,7,46,W0584,1,1,0.970312,0.029688
LogisticRegression,pooled_global,7,46,W0585,1,1,0.961068,0.038932
LogisticRegression,pooled_global,7,46,W0586,1,1,0.991279,0.008721
LogisticRegression,pooled_global,7,46,W0587,1,1,0.989958,0.010042
LogisticRegression,pooled_global,7,46,W0588,1,1,0.984584,0.015416
LogisticRegression,pooled_global,7,46,W0589,1,1,0.989643,0.010357
LogisticRegression,pooled_global,7,46,W0590,1,1,0.983419,0.016581
LogisticRegression,pooled_global,7,46,W0591,1,1,0.987124,0.012876
LogisticRegression,pooled_global,7,46,W0592,1,1,0.991114,0.008886
LogisticRegression,pooled_global,7,46,W0593,1,1,0.990639,0.009361
LogisticRegression,pooled_global,7,46,W0594,1,1,0.992581,0.007419
LogisticRegression,pooled_global,7,46,W0595,1,1,0.990336,0.009664
LogisticRegression,pooled_global,7,46,W0596,1,1,0.976093,0.023907
LogisticRegression,pooled_global,7,46,W0597,1,1,0.978906,0.021094
LogisticRegression,pooled_global,7,46,W0598,1,1,0.990941,0.009059
LogisticRegression,pooled_global,7,46,W0599,1,1,0.990533,0.009467
LogisticRegression,pooled_global,7,46,W0600,1,1,0.963757,0.036243
LogisticRegression,pooled_global,7,46,W0601,1,1,0.952869,0.047131
LogisticRegression,pooled_global,7,46,W0602,1,1,0.937947,0.062053
LogisticRegression,pooled_global,7,46,W0603,1,1,0.933895,0.066105
LogisticRegression,pooled_global,7,46,W0604,1,1,0.931584,0.068416
LogisticRegression,pooled_global,7,46,W0605,1,1,0.939479,0.060521
LogisticRegression,pooled_global,7,46,W0606,1,1,0.949599,0.050401
LogisticRegression,pooled_global,7,46,W0607,1,1,0.969599,0.030401
LogisticRegression,pooled_global,7,46,W0608,0,1,0.969329,0.030671
LogisticRegression,pooled_global,7,46,W0609,0,1,0.811094,0.188906
LogisticRegression,pooled_global,7,46,W0610,0,1,0.527086,0.472914
LogisticRegression,pooled_global,7,46,W0611,0,0,0.420227,0.579773
LogisticRegression,pooled_global,7,46,W0612,0,1,0.560577,0.439423
LogisticRegression,pooled_global,7,46,W0613,1,1,0.666026,0.333974
LogisticRegression,pooled_global,7,46,W0614,1,1,0.716512,0.283488
LogisticRegression,pooled_global,7,46,W0615,1,1,0.729131,0.270869
LogisticRegression,pooled_global,7,46,W0616,1,1,0.887800,0.112200
LogisticRegression,pooled_global,7,46,W0617,1,1,0.963395,0.036605
LogisticRegression,pooled_global,7,46,W0618,1,1,0.977374,0.022626
LogisticRegression,pooled_global,7,46,W0619,1,1,0.974305,0.025695
LogisticRegression,pooled_global,7,46,W0620,1,1,0.953595,0.046405
LogisticRegression,pooled_global,7,46,W0621,1,1,0.958236,0.041764
LogisticRegression,pooled_global,7,46,W0622,1,1,0.962225,0.037775
LogisticRegression,pooled_global,7,46,W0623,1,1,0.974115,0.025885
LogisticRegression,pooled_global,7,46,W0624,1,1,0.974062,0.025938
LogisticRegression,pooled_global,7,46,W0625,1,1,0.980803,0.019197
LogisticRegression,pooled_global,7,46,W0626,1,1,0.981177,0.018823
SVM_RBF,pooled_global,7,46,W0577,1,1,0.995048,0.004952
SVM_RBF,pooled_global,7,46,W0578,1,1,0.995882,0.004118
SVM_RBF,pooled_global,7,46,W0579,1,1,0.994730,0.005270
SVM_RBF,pooled_global,7,46,W0580,1,1,0.995415,0.004585
SVM_RBF,pooled_global,7,46,W0581,1,1,0.996340,0.003660
SVM_RBF,pooled_global,7,46,W0582,1,1,0.996314,0.003686
SVM_RBF,pooled_global,7,46,W0583,1,1,0.996374,0.003626
SVM_RBF,pooled_global,7,46,W0584,1,1,0.992419,0.007581
SVM_RBF,pooled_global,7,46,W0585,1,1,0.990836,0.009164
SVM_RBF,pooled_global,7,46,W0586,1,1,0.996916,0.003084
SVM_RBF,pooled_global,7,46,W0587,1,1,0.996805,0.003195
SVM_RBF,pooled_global,7,46,W0588,1,1,0.996176,0.003824
SVM_RBF,pooled_global,7,46,W0589,1,1,0.997051,0.002949
SVM_RBF,pooled_global,7,46,W0590,1,1,0.996050,0.003950
SVM_RBF,pooled_global,7,46,W0591,1,1,0.996865,0.003135
SVM_RBF,pooled_global,7,46,W0592,1,1,0.996797,0.003203
SVM_RBF,pooled_global,7,46,W0593,1,1,0.996178,0.003822
SVM_RBF,pooled_global,7,46,W0594,1,1,0.997382,0.002618
SVM_RBF,pooled_global,7,46,W0595,1,1,0.993958,0.006042
SVM_RBF,pooled_global,7,46,W0596,1,1,0.992424,0.007576
SVM_RBF,pooled_global,7,46,W0597,1,1,0.989772,0.010228
SVM_RBF,pooled_global,7,46,W0598,1,1,0.965653,0.034347
SVM_RBF,pooled_global,7,46,W0599,1,1,0.972891,0.027109
SVM_RBF,pooled_global,7,46,W0600,1,1,0.976041,0.023959
SVM_RBF,pooled_global,7,46,W0601,1,1,0.978430,0.021570
SVM_RBF,pooled_global,7,46,W0602,1,1,0.975168,0.024832
SVM_RBF,pooled_global,7,46,W0603,1,1,0.973205,0.026795
SVM_RBF,pooled_global,7,46,W0604,1,1,0.968628,0.031372
SVM_RBF,pooled_global,7,46,W0605,1,1,0.968901,0.031099
SVM_RBF,pooled_global,7,46,W0606,1,1,0.969610,0.030390
SVM_RBF,pooled_global,7,46,W0607,1,1,0.975529,0.024471
SVM_RBF,pooled_global,7,46,W0608,0,1,0.975802,0.024198
SVM_RBF,pooled_global,7,46,W0609,0,1,0.881379,0.118621
SVM_RBF,pooled_global,7,46,W0610,0,1,0.613533,0.386467
SVM_RBF,pooled_global,7,46,W0611,0,0,0.472840,0.527160
SVM_RBF,pooled_global,7,46,W0612,0,0,0.557590,0.442410
SVM_RBF,pooled_global,7,46,W0613,1,1,0.660696,0.339304
SVM_RBF,pooled_global,7,46,W0614,1,1,0.777800,0.222200
SVM_RBF,pooled_global,7,46,W0615,1,1,0.875857,0.124143
SVM_RBF,pooled_global,7,46,W0616,1,1,0.943764,0.056236
SVM_RBF,pooled_global,7,46,W0617,1,1,0.966112,0.033888
SVM_RBF,pooled_global,7,46,W0618,1,1,0.974689,0.025311
SVM_RBF,pooled_global,7,46,W0619,1,1,0.967518,0.032482
SVM_RBF,pooled_global,7,46,W0620,1,1,0.950778,0.049222
SVM_RBF,pooled_global,7,46,W0621,1,1,0.941544,0.058456
SVM_RBF,pooled_global,7,46,W0622,1,1,0.937327,0.062673
SVM_RBF,pooled_global,7,46,W0623,1,1,0.936870,0.063130
SVM_RBF,pooled_global,7,46,W0624,1,1,0.937448,0.062552
SVM_RBF,pooled_global,7,46,W0625,1,1,0.939666,0.060334
SVM_RBF,pooled_global,7,46,W0626,1,1,0.939894,0.060106
RandomForest,pooled_global,7,46,W0577,1,1,1.000000,0.000000
RandomForest,pooled_global,7,46,W0578,1,1,0.985689,0.014311
RandomForest,pooled_global,7,46,W0579,1,1,0.979950,0.020050
RandomForest,pooled_global,7,46,W0580,1,1,0.948611,0.051389
RandomForest,pooled_global,7,46,W0581,1,1,0.996443,0.003557
RandomForest,pooled_global,7,46,W0582,1,1,0.984315,0.015685
RandomForest,pooled_global,7,46,W0583,1,1,0.989122,0.010878
RandomForest,pooled_global,7,46,W0584,1,1,0.994625,0.005375
RandomForest,pooled_global,7,46,W0585,1,1,1.000000,0.000000
RandomForest,pooled_global,7,46,W0586,1,1,0.993986,0.006014
RandomForest,pooled_global,7,46,W0587,1,1,0.991704,0.008296
RandomForest,pooled_global,7,46,W0588,1,1,0.995596,0.004404
RandomForest,pooled_global,7,46,W0589,1,1,0.984254,0.015746
RandomForest,pooled_global,7,46,W0590,1,1,0.989582,0.010418
RandomForest,pooled_global,7,46,W0591,1,1,1.000000,0.000000
RandomForest,pooled_global,7,46,W0592,1,1,0.995596,0.004404
RandomForest,pooled_global,7,46,W0593,1,1,0.998054,0.001946
RandomForest,pooled_global,7,46,W0594,1,1,0.987124,0.012876
RandomForest,pooled_global,7,46,W0595,1,1,0.983232,0.016768
RandomForest,pooled_global,7,46,W0596,1,1,0.994496,0.005504
RandomForest,pooled_global,7,46,W0597,1,1,1.000000,0.000000
RandomForest,pooled_global,7,46,W0598,1,1,0.984667,0.015333
RandomForest,pooled_global,7,46,W0599,1,1,0.953310,0.046690
RandomForest,pooled_global,7,46,W0600,1,1,0.891396,0.108604
RandomForest,pooled_global,7,46,W0601,1,1,0.890257,0.109743
RandomForest,pooled_global,7,46,W0602,1,1,0.938889,0.061111
RandomForest,pooled_global,7,46,W0603,1,1,0.941071,0.058929
RandomForest,pooled_global,7,46,W0604,1,1,0.965015,0.034985
RandomForest,pooled_global,7,46,W0605,1,1,0.993109,0.006891
RandomForest,pooled_global,7,46,W0606,1,1,0.985864,0.014136
RandomForest,pooled_global,7,46,W0607,1,1,0.971354,0.028646
RandomForest,pooled_global,7,46,W0608,0,1,0.993109,0.006891
RandomForest,pooled_global,7,46,W0609,0,1,0.660558,0.339442
RandomForest,pooled_global,7,46,W0610,0,0,0.245182,0.754818
RandomForest,pooled_global,7,46,W0611,0,0,0.282545,0.717455
RandomForest,pooled_global,7,46,W0612,0,0,0.354947,0.645053
RandomForest,pooled_global,7,46,W0613,1,1,0.745602,0.254398
RandomForest,pooled_global,7,46,W0614,1,1,0.741694,0.258306
RandomForest,pooled_global,7,46,W0615,1,1,0.705590,0.294410
RandomForest,pooled_global,7,46,W0616,1,1,0.930165,0.069835
RandomForest,pooled_global,7,46,W0617,1,1,0.984490,0.015510
RandomForest,pooled_global,7,46,W0618,1,1,0.981797,0.018203
RandomForest,pooled_global,7,46,W0619,1,1,0.988383,0.011617
RandomForest,pooled_global,7,46,W0620,1,1,0.964129,0.035871
RandomForest,pooled_global,7,46,W0621,1,1,0.854091,0.145909
RandomForest,pooled_global,7,46,W0622,1,1,0.850177,0.149823
RandomForest,pooled_global,7,46,W0623,1,1,0.850756,0.149244
RandomForest,pooled_global,7,46,W0624,1,1,0.879373,0.120627
RandomForest,pooled_global,7,46,W0625,1,1,0.922600,0.077400
RandomForest,pooled_global,7,46,W0626,1,1,0.935599,0.064401
XGBoost,pooled_global,7,46,W0577,1,1,0.999838,0.000162
XGBoost,pooled_global,7,46,W0578,1,1,0.999296,0.000704
XGBoost,pooled_global,7,46,W0579,1,1,0.999042,0.000958
XGBoost,pooled_global,7,46,W0580,1,1,0.998733,0.001267
XGBoost,pooled_global,7,46,W0581,1,1,0.998923,0.001077
XGBoost,pooled_global,7,46,W0582,1,1,0.999257,0.000743
XGBoost,pooled_global,7,46,W0583,1,1,0.999798,0.000202
XGBoost,pooled_global,7,46,W0584,1,1,0.999807,0.000193
XGBoost,pooled_global,7,46,W0585,1,1,0.999811,0.000189
XGBoost,pooled_global,7,46,W0586,1,1,0.999665,0.000335
XGBoost,pooled_global,7,46,W0587,1,1,0.999662,0.000338
XGBoost,pooled_global,7,46,W0588,1,1,0.999687,0.000313
XGBoost,pooled_global,7,46,W0589,1,1,0.999422,0.000578
XGBoost,pooled_global,7,46,W0590,1,1,0.999712,0.000288
XGBoost,pooled_global,7,46,W0591,1,1,0.999744,0.000256
XGBoost,pooled_global,7,46,W0592,1,1,0.999525,0.000475
XGBoost,pooled_global,7,46,W0593,1,1,0.999629,0.000371
XGBoost,pooled_global,7,46,W0594,1,1,0.999519,0.000481
XGBoost,pooled_global,7,46,W0595,1,1,0.999368,0.000632
XGBoost,pooled_global,7,46,W0596,1,1,0.999421,0.000579
XGBoost,pooled_global,7,46,W0597,1,1,0.999830,0.000170
XGBoost,pooled_global,7,46,W0598,1,1,0.999534,0.000466
XGBoost,pooled_global,7,46,W0599,1,1,0.999020,0.000980
XGBoost,pooled_global,7,46,W0600,1,1,0.995248,0.004752
XGBoost,pooled_global,7,46,W0601,1,1,0.992224,0.007776
XGBoost,pooled_global,7,46,W0602,1,1,0.995176,0.004824
XGBoost,pooled_global,7,46,W0603,1,1,0.996870,0.003130
XGBoost,pooled_global,7,46,W0604,1,1,0.996757,0.003243
XGBoost,pooled_global,7,46,W0605,1,1,0.998165,0.001835
XGBoost,pooled_global,7,46,W0606,1,1,0.998059,0.001941
XGBoost,pooled_global,7,46,W0607,1,1,0.997871,0.002129
XGBoost,pooled_global,7,46,W0608,0,1,0.997954,0.002046
XGBoost,pooled_global,7,46,W0609,0,1,0.813584,0.186416
XGBoost,pooled_global,7,46,W0610,0,0,0.035432,0.964568
XGBoost,pooled_global,7,46,W0611,0,0,0.071175,0.928825
XGBoost,pooled_global,7,46,W0612,0,0,0.104249,0.895751
XGBoost,pooled_global,7,46,W0613,1,1,0.896002,0.103998
XGBoost,pooled_global,7,46,W0614,1,1,0.934252,0.065748
XGBoost,pooled_global,7,46,W0615,1,1,0.960473,0.039527
XGBoost,pooled_global,7,46,W0616,1,1,0.994941,0.005059
XGBoost,pooled_global,7,46,W0617,1,1,0.998913,0.001087
XGBoost,pooled_global,7,46,W0618,1,1,0.999618,0.000382
XGBoost,pooled_global,7,46,W0619,1,1,0.998862,0.001138
XGBoost,pooled_global,7,46,W0620,1,1,0.995456,0.004544
XGBoost,pooled_global,7,46,W0621,1,1,0.985066,0.014934
XGBoost,pooled_global,7,46,W0622,1,1,0.984366,0.015634
XGBoost,pooled_global,7,46,W0623,1,1,0.990408,0.009592
XGBoost,pooled_global,7,46,W0624,1,1,0.994763,0.005237
XGBoost,pooled_global,7,46,W0625,1,1,0.995219,0.004781
XGBoost,pooled_global,7,46,W0626,1,1,0.997479,0.002521
MLP_NeuralNet,pooled_global,7,46,W0577,1,1,0.995334,0.004666
MLP_NeuralNet,pooled_global,7,46,W0578,1,1,0.996629,0.003371
MLP_NeuralNet,pooled_global,7,46,W0579,1,1,0.997297,0.002703
MLP_NeuralNet,pooled_global,7,46,W0580,1,1,0.996840,0.003160
MLP_NeuralNet,pooled_global,7,46,W0581,1,1,0.997741,0.002259
MLP_NeuralNet,pooled_global,7,46,W0582,1,1,0.997493,0.002507
MLP_NeuralNet,pooled_global,7,46,W0583,1,1,0.997024,0.002976
MLP_NeuralNet,pooled_global,7,46,W0584,1,1,0.994020,0.005980
MLP_NeuralNet,pooled_global,7,46,W0585,1,1,0.994662,0.005338
MLP_NeuralNet,pooled_global,7,46,W0586,1,1,0.998085,0.001915
MLP_NeuralNet,pooled_global,7,46,W0587,1,1,0.997890,0.002110
MLP_NeuralNet,pooled_global,7,46,W0588,1,1,0.997338,0.002662
MLP_NeuralNet,pooled_global,7,46,W0589,1,1,0.997882,0.002118
MLP_NeuralNet,pooled_global,7,46,W0590,1,1,0.996171,0.003829
MLP_NeuralNet,pooled_global,7,46,W0591,1,1,0.997125,0.002875
MLP_NeuralNet,pooled_global,7,46,W0592,1,1,0.997920,0.002080
MLP_NeuralNet,pooled_global,7,46,W0593,1,1,0.997183,0.002817
MLP_NeuralNet,pooled_global,7,46,W0594,1,1,0.998267,0.001733
MLP_NeuralNet,pooled_global,7,46,W0595,1,1,0.995267,0.004733
MLP_NeuralNet,pooled_global,7,46,W0596,1,1,0.993302,0.006698
MLP_NeuralNet,pooled_global,7,46,W0597,1,1,0.990433,0.009567
MLP_NeuralNet,pooled_global,7,46,W0598,1,1,0.993214,0.006786
MLP_NeuralNet,pooled_global,7,46,W0599,1,1,0.992899,0.007101
MLP_NeuralNet,pooled_global,7,46,W0600,1,1,0.978748,0.021252
MLP_NeuralNet,pooled_global,7,46,W0601,1,1,0.979127,0.020873
MLP_NeuralNet,pooled_global,7,46,W0602,1,1,0.976564,0.023436
MLP_NeuralNet,pooled_global,7,46,W0603,1,1,0.971912,0.028088
MLP_NeuralNet,pooled_global,7,46,W0604,1,1,0.962059,0.037941
MLP_NeuralNet,pooled_global,7,46,W0605,1,1,0.957525,0.042475
MLP_NeuralNet,pooled_global,7,46,W0606,1,1,0.962730,0.037270
MLP_NeuralNet,pooled_global,7,46,W0607,1,1,0.973437,0.026563
MLP_NeuralNet,pooled_global,7,46,W0608,0,1,0.971666,0.028334
MLP_NeuralNet,pooled_global,7,46,W0609,0,1,0.848460,0.151540
MLP_NeuralNet,pooled_global,7,46,W0610,0,1,0.551371,0.448629
MLP_NeuralNet,pooled_global,7,46,W0611,0,0,0.448941,0.551059
MLP_NeuralNet,pooled_global,7,46,W0612,0,1,0.555913,0.444087
MLP_NeuralNet,pooled_global,7,46,W0613,1,1,0.663621,0.336379
MLP_NeuralNet,pooled_global,7,46,W0614,1,1,0.760156,0.239844
MLP_NeuralNet,pooled_global,7,46,W0615,1,1,0.789957,0.210043
MLP_NeuralNet,pooled_global,7,46,W0616,1,1,0.916015,0.083985
MLP_NeuralNet,pooled_global,7,46,W0617,1,1,0.963512,0.036488
MLP_NeuralNet,pooled_global,7,46,W0618,1,1,0.978934,0.021066
MLP_NeuralNet,pooled_global,7,46,W0619,1,1,0.975951,0.024049
MLP_NeuralNet,pooled_global,7,46,W0620,1,1,0.956021,0.043979
MLP_NeuralNet,pooled_global,7,46,W0621,1,1,0.948199,0.051801
MLP_NeuralNet,pooled_global,7,46,W0622,1,1,0.946417,0.053583
MLP_NeuralNet,pooled_global,7,46,W0623,1,1,0.960603,0.039397
MLP_NeuralNet,pooled_global,7,46,W0624,1,1,0.961583,0.038417
MLP_NeuralNet,pooled_global,7,46,W0625,1,1,0.967892,0.032108
MLP_NeuralNet,pooled_global,7,46,W0626,1,1,0.971566,0.028434
LogisticRegression,fold_aware,7,46,W0577,1,1,0.979754,0.020246
LogisticRegression,fold_aware,7,46,W0578,1,1,0.985656,0.014344
LogisticRegression,fold_aware,7,46,W0579,1,1,0.989432,0.010568
LogisticRegression,fold_aware,7,46,W0580,1,1,0.987516,0.012484
LogisticRegression,fold_aware,7,46,W0581,1,1,0.990005,0.009995
LogisticRegression,fold_aware,7,46,W0582,1,1,0.989757,0.010243
LogisticRegression,fold_aware,7,46,W0583,1,1,0.983800,0.016200
LogisticRegression,fold_aware,7,46,W0584,1,1,0.980700,0.019300
LogisticRegression,fold_aware,7,46,W0585,1,1,0.985106,0.014894
LogisticRegression,fold_aware,7,46,W0586,1,1,0.990332,0.009668
LogisticRegression,fold_aware,7,46,W0587,1,1,0.991724,0.008276
LogisticRegression,fold_aware,7,46,W0588,1,1,0.988762,0.011238
LogisticRegression,fold_aware,7,46,W0589,1,1,0.987383,0.012617
LogisticRegression,fold_aware,7,46,W0590,1,1,0.987436,0.012564
LogisticRegression,fold_aware,7,46,W0591,1,1,0.988510,0.011490
LogisticRegression,fold_aware,7,46,W0592,1,1,0.990928,0.009072
LogisticRegression,fold_aware,7,46,W0593,1,1,0.993729,0.006271
LogisticRegression,fold_aware,7,46,W0594,1,1,0.994529,0.005471
LogisticRegression,fold_aware,7,46,W0595,1,1,0.992876,0.007124
LogisticRegression,fold_aware,7,46,W0596,1,1,0.985452,0.014548
LogisticRegression,fold_aware,7,46,W0597,1,1,0.975192,0.024808
LogisticRegression,fold_aware,7,46,W0598,1,1,0.981030,0.018970
LogisticRegression,fold_aware,7,46,W0599,1,1,0.985920,0.014080
LogisticRegression,fold_aware,7,46,W0600,1,1,0.966119,0.033881
LogisticRegression,fold_aware,7,46,W0601,1,1,0.970586,0.029414
LogisticRegression,fold_aware,7,46,W0602,1,1,0.975461,0.024539
LogisticRegression,fold_aware,7,46,W0603,1,1,0.981324,0.018676
LogisticRegression,fold_aware,7,46,W0604,1,1,0.985683,0.014317
LogisticRegression,fold_aware,7,46,W0605,1,1,0.990405,0.009595
LogisticRegression,fold_aware,7,46,W0606,1,1,0.994631,0.005369
LogisticRegression,fold_aware,7,46,W0607,1,1,0.997015,0.002985
LogisticRegression,fold_aware,7,46,W0608,0,1,0.997538,0.002462
LogisticRegression,fold_aware,7,46,W0609,0,1,0.989743,0.010257
LogisticRegression,fold_aware,7,46,W0610,0,1,0.968510,0.031490
LogisticRegression,fold_aware,7,46,W0611,0,1,0.964441,0.035559
LogisticRegression,fold_aware,7,46,W0612,0,1,0.978533,0.021467
LogisticRegression,fold_aware,7,46,W0613,1,1,0.988298,0.011702
LogisticRegression,fold_aware,7,46,W0614,1,1,0.992522,0.007478
LogisticRegression,fold_aware,7,46,W0615,1,1,0.995609,0.004391
LogisticRegression,fold_aware,7,46,W0616,1,1,0.998370,0.001630
LogisticRegression,fold_aware,7,46,W0617,1,1,0.999128,0.000872
LogisticRegression,fold_aware,7,46,W0618,1,1,0.999369,0.000631
LogisticRegression,fold_aware,7,46,W0619,1,1,0.999392,0.000608
LogisticRegression,fold_aware,7,46,W0620,1,1,0.999310,0.000690
LogisticRegression,fold_aware,7,46,W0621,1,1,0.999509,0.000491
LogisticRegression,fold_aware,7,46,W0622,1,1,0.999601,0.000399
LogisticRegression,fold_aware,7,46,W0623,1,1,0.999692,0.000308
LogisticRegression,fold_aware,7,46,W0624,1,1,0.999773,0.000227
LogisticRegression,fold_aware,7,46,W0625,1,1,0.999828,0.000172
LogisticRegression,fold_aware,7,46,W0626,1,1,0.999828,0.000172
SVM_RBF,fold_aware,7,46,W0577,1,1,0.991744,0.008256
SVM_RBF,fold_aware,7,46,W0578,1,1,0.992590,0.007410
SVM_RBF,fold_aware,7,46,W0579,1,1,0.990306,0.009694
SVM_RBF,fold_aware,7,46,W0580,1,1,0.993102,0.006898
SVM_RBF,fold_aware,7,46,W0581,1,1,0.994589,0.005411
SVM_RBF,fold_aware,7,46,W0582,1,1,0.993944,0.006056
SVM_RBF,fold_aware,7,46,W0583,1,1,0.994994,0.005006
SVM_RBF,fold_aware,7,46,W0584,1,1,0.992278,0.007722
SVM_RBF,fold_aware,7,46,W0585,1,1,0.989926,0.010074
SVM_RBF,fold_aware,7,46,W0586,1,1,0.995118,0.004882
SVM_RBF,fold_aware,7,46,W0587,1,1,0.994603,0.005397
SVM_RBF,fold_aware,7,46,W0588,1,1,0.992855,0.007145
SVM_RBF,fold_aware,7,46,W0589,1,1,0.993705,0.006295
SVM_RBF,fold_aware,7,46,W0590,1,1,0.992205,0.007795
SVM_RBF,fold_aware,7,46,W0591,1,1,0.993619,0.006381
SVM_RBF,fold_aware,7,46,W0592,1,1,0.993795,0.006205
SVM_RBF,fold_aware,7,46,W0593,1,1,0.993407,0.006593
SVM_RBF,fold_aware,7,46,W0594,1,1,0.995027,0.004973
SVM_RBF,fold_aware,7,46,W0595,1,1,0.992116,0.007884
SVM_RBF,fold_aware,7,46,W0596,1,1,0.991821,0.008179
SVM_RBF,fold_aware,7,46,W0597,1,1,0.980885,0.019115
SVM_RBF,fold_aware,7,46,W0598,1,1,0.909430,0.090570
SVM_RBF,fold_aware,7,46,W0599,1,1,0.902984,0.097016
SVM_RBF,fold_aware,7,46,W0600,1,1,0.914630,0.085370
SVM_RBF,fold_aware,7,46,W0601,1,1,0.911526,0.088474
SVM_RBF,fold_aware,7,46,W0602,1,1,0.878298,0.121702
SVM_RBF,fold_aware,7,46,W0603,1,1,0.846141,0.153859
SVM_RBF,fold_aware,7,46,W0604,1,1,0.806998,0.193002
SVM_RBF,fold_aware,7,46,W0605,1,1,0.765868,0.234132
SVM_RBF,fold_aware,7,46,W0606,1,1,0.714176,0.285824
SVM_RBF,fold_aware,7,46,W0607,1,1,0.669166,0.330834
SVM_RBF,fold_aware,7,46,W0608,0,1,0.626447,0.373553
SVM_RBF,fold_aware,7,46,W0609,0,0,0.549433,0.450567
SVM_RBF,fold_aware,7,46,W0610,0,0,0.478958,0.521042
SVM_RBF,fold_aware,7,46,W0611,0,0,0.429190,0.570810
SVM_RBF,fold_aware,7,46,W0612,0,0,0.402161,0.597839
SVM_RBF,fold_aware,7,46,W0613,1,0,0.379246,0.620754
SVM_RBF,fold_aware,7,46,W0614,1,0,0.361747,0.638253
SVM_RBF,fold_aware,7,46,W0615,1,0,0.345865,0.654135
SVM_RBF,fold_aware,7,46,W0616,1,0,0.352707,0.647293
SVM_RBF,fold_aware,7,46,W0617,1,0,0.357844,0.642156
SVM_RBF,fold_aware,7,46,W0618,1,0,0.345193,0.654807
SVM_RBF,fold_aware,7,46,W0619,1,0,0.320738,0.679262
SVM_RBF,fold_aware,7,46,W0620,1,0,0.300643,0.699357
SVM_RBF,fold_aware,7,46,W0621,1,0,0.284075,0.715925
SVM_RBF,fold_aware,7,46,W0622,1,0,0.271355,0.728645
SVM_RBF,fold_aware,7,46,W0623,1,0,0.260957,0.739043
SVM_RBF,fold_aware,7,46,W0624,1,0,0.253013,0.746987
SVM_RBF,fold_aware,7,46,W0625,1,0,0.246469,0.753531
SVM_RBF,fold_aware,7,46,W0626,1,0,0.241424,0.758576
RandomForest,fold_aware,7,46,W0577,1,1,1.000000,0.000000
RandomForest,fold_aware,7,46,W0578,1,1,0.984538,0.015462
RandomForest,fold_aware,7,46,W0579,1,1,0.974797,0.025203
RandomForest,fold_aware,7,46,W0580,1,1,0.913956,0.086044
RandomForest,fold_aware,7,46,W0581,1,1,0.978601,0.021399
RandomForest,fold_aware,7,46,W0582,1,1,0.979327,0.020673
RandomForest,fold_aware,7,46,W0583,1,1,0.982308,0.017692
RandomForest,fold_aware,7,46,W0584,1,1,0.991208,0.008792
RandomForest,fold_aware,7,46,W0585,1,1,0.997542,0.002458
RandomForest,fold_aware,7,46,W0586,1,1,0.983192,0.016808
RandomForest,fold_aware,7,46,W0587,1,1,1.000000,0.000000
RandomForest,fold_aware,7,46,W0588,1,1,0.996679,0.003321
RandomForest,fold_aware,7,46,W0589,1,1,0.972599,0.027401
RandomForest,fold_aware,7,46,W0590,1,1,1.000000,0.000000
RandomForest,fold_aware,7,46,W0591,1,1,0.998054,0.001946
RandomForest,fold_aware,7,46,W0592,1,1,0.989805,0.010195
RandomForest,fold_aware,7,46,W0593,1,1,0.997542,0.002458
RandomForest,fold_aware,7,46,W0594,1,1,0.984827,0.015173
RandomForest,fold_aware,7,46,W0595,1,1,0.978013,0.021987
RandomForest,fold_aware,7,46,W0596,1,1,0.995596,0.004404
RandomForest,fold_aware,7,46,W0597,1,1,0.996667,0.003333
RandomForest,fold_aware,7,46,W0598,1,1,0.987859,0.012141
RandomForest,fold_aware,7,46,W0599,1,1,0.966189,0.033811
RandomForest,fold_aware,7,46,W0600,1,1,0.853327,0.146673
RandomForest,fold_aware,7,46,W0601,1,1,0.828201,0.171799
RandomForest,fold_aware,7,46,W0602,1,1,0.755800,0.244200
RandomForest,fold_aware,7,46,W0603,1,1,0.793494,0.206506
RandomForest,fold_aware,7,46,W0604,1,1,0.808675,0.191325
RandomForest,fold_aware,7,46,W0605,1,1,0.860015,0.139985
RandomForest,fold_aware,7,46,W0606,1,1,0.905295,0.094705
RandomForest,fold_aware,7,46,W0607,1,1,0.931332,0.068668
RandomForest,fold_aware,7,46,W0608,0,1,0.979839,0.020161
RandomForest,fold_aware,7,46,W0609,0,1,0.550257,0.449743
RandomForest,fold_aware,7,46,W0610,0,0,0.234579,0.765421
RandomForest,fold_aware,7,46,W0611,0,0,0.229548,0.770452
RandomForest,fold_aware,7,46,W0612,0,0,0.323556,0.676444
RandomForest,fold_aware,7,46,W0613,1,0,0.462364,0.537636
RandomForest,fold_aware,7,46,W0614,1,1,0.582632,0.417368
RandomForest,fold_aware,7,46,W0615,1,1,0.620859,0.379141
RandomForest,fold_aware,7,46,W0616,1,1,0.802120,0.197880
RandomForest,fold_aware,7,46,W0617,1,1,0.969036,0.030964
RandomForest,fold_aware,7,46,W0618,1,1,0.962182,0.037818
RandomForest,fold_aware,7,46,W0619,1,1,0.960748,0.039252
RandomForest,fold_aware,7,46,W0620,1,1,0.913021,0.086979
RandomForest,fold_aware,7,46,W0621,1,1,0.799676,0.200324
RandomForest,fold_aware,7,46,W0622,1,1,0.787543,0.212457
RandomForest,fold_aware,7,46,W0623,1,1,0.794811,0.205189
RandomForest,fold_aware,7,46,W0624,1,1,0.837049,0.162951
RandomForest,fold_aware,7,46,W0625,1,1,0.870703,0.129297
RandomForest,fold_aware,7,46,W0626,1,1,0.889020,0.110980
XGBoost,fold_aware,7,46,W0577,1,1,0.999858,0.000142
XGBoost,fold_aware,7,46,W0578,1,1,0.998139,0.001861
XGBoost,fold_aware,7,46,W0579,1,1,0.998647,0.001353
XGBoost,fold_aware,7,46,W0580,1,1,0.994628,0.005372
XGBoost,fold_aware,7,46,W0581,1,1,0.997891,0.002109
XGBoost,fold_aware,7,46,W0582,1,1,0.999059,0.000941
XGBoost,fold_aware,7,46,W0583,1,1,0.999856,0.000144
XGBoost,fold_aware,7,46,W0584,1,1,0.999723,0.000277
XGBoost,fold_aware,7,46,W0585,1,1,0.999778,0.000222
XGBoost,fold_aware,7,46,W0586,1,1,0.999732,0.000268
XGBoost,fold_aware,7,46,W0587,1,1,0.999733,0.000267
XGBoost,fold_aware,7,46,W0588,1,1,0.999727,0.000273
XGBoost,fold_aware,7,46,W0589,1,1,0.999466,0.000534
XGBoost,fold_aware,7,46,W0590,1,1,0.999826,0.000174
XGBoost,fold_aware,7,46,W0591,1,1,0.999840,0.000160
XGBoost,fold_aware,7,46,W0592,1,1,0.999615,0.000385
XGBoost,fold_aware,7,46,W0593,1,1,0.999650,0.000350
XGBoost,fold_aware,7,46,W0594,1,1,0.999587,0.000413
XGBoost,fold_aware,7,46,W0595,1,1,0.999585,0.000415
XGBoost,fold_aware,7,46,W0596,1,1,0.998502,0.001498
XGBoost,fold_aware,7,46,W0597,1,1,0.999806,0.000194
XGBoost,fold_aware,7,46,W0598,1,1,0.999620,0.000380
XGBoost,fold_aware,7,46,W0599,1,1,0.999569,0.000431
XGBoost,fold_aware,7,46,W0600,1,1,0.998970,0.001030
XGBoost,fold_aware,7,46,W0601,1,1,0.997681,0.002319
XGBoost,fold_aware,7,46,W0602,1,1,0.989505,0.010495
XGBoost,fold_aware,7,46,W0603,1,1,0.987747,0.012253
XGBoost,fold_aware,7,46,W0604,1,1,0.989172,0.010828
XGBoost,fold_aware,7,46,W0605,1,1,0.993902,0.006098
XGBoost,fold_aware,7,46,W0606,1,1,0.998178,0.001822
XGBoost,fold_aware,7,46,W0607,1,1,0.996337,0.003663
XGBoost,fold_aware,7,46,W0608,0,1,0.998794,0.001206
XGBoost,fold_aware,7,46,W0609,0,1,0.719103,0.280897
XGBoost,fold_aware,7,46,W0610,0,0,0.223251,0.776749
XGBoost,fold_aware,7,46,W0611,0,0,0.195225,0.804775
XGBoost,fold_aware,7,46,W0612,0,0,0.287347,0.712653
XGBoost,fold_aware,7,46,W0613,1,0,0.379280,0.620720
XGBoost,fold_aware,7,46,W0614,1,1,0.808717,0.191283
XGBoost,fold_aware,7,46,W0615,1,1,0.907544,0.092456
XGBoost,fold_aware,7,46,W0616,1,1,0.991101,0.008899
XGBoost,fold_aware,7,46,W0617,1,1,0.998989,0.001011
XGBoost,fold_aware,7,46,W0618,1,1,0.999802,0.000198
XGBoost,fold_aware,7,46,W0619,1,1,0.998301,0.001699
XGBoost,fold_aware,7,46,W0620,1,1,0.996498,0.003502
XGBoost,fold_aware,7,46,W0621,1,1,0.993199,0.006801
XGBoost,fold_aware,7,46,W0622,1,1,0.992588,0.007412
XGBoost,fold_aware,7,46,W0623,1,1,0.993874,0.006126
XGBoost,fold_aware,7,46,W0624,1,1,0.994918,0.005082
XGBoost,fold_aware,7,46,W0625,1,1,0.995877,0.004123
XGBoost,fold_aware,7,46,W0626,1,1,0.998019,0.001981
MLP_NeuralNet,fold_aware,7,46,W0577,1,1,0.986414,0.013586
MLP_NeuralNet,fold_aware,7,46,W0578,1,1,0.990829,0.009171
MLP_NeuralNet,fold_aware,7,46,W0579,1,1,0.989650,0.010350
MLP_NeuralNet,fold_aware,7,46,W0580,1,1,0.989989,0.010011
MLP_NeuralNet,fold_aware,7,46,W0581,1,1,0.995233,0.004767
MLP_NeuralNet,fold_aware,7,46,W0582,1,1,0.992214,0.007786
MLP_NeuralNet,fold_aware,7,46,W0583,1,1,0.994346,0.005654
MLP_NeuralNet,fold_aware,7,46,W0584,1,1,0.991946,0.008054
MLP_NeuralNet,fold_aware,7,46,W0585,1,1,0.988867,0.011133
MLP_NeuralNet,fold_aware,7,46,W0586,1,1,0.996846,0.003154
MLP_NeuralNet,fold_aware,7,46,W0587,1,1,0.992832,0.007168
MLP_NeuralNet,fold_aware,7,46,W0588,1,1,0.988414,0.011586
MLP_NeuralNet,fold_aware,7,46,W0589,1,1,0.996116,0.003884
MLP_NeuralNet,fold_aware,7,46,W0590,1,1,0.983144,0.016856
MLP_NeuralNet,fold_aware,7,46,W0591,1,1,0.986162,0.013838
MLP_NeuralNet,fold_aware,7,46,W0592,1,1,0.995673,0.004327
MLP_NeuralNet,fold_aware,7,46,W0593,1,1,0.983438,0.016562
MLP_NeuralNet,fold_aware,7,46,W0594,1,1,0.989347,0.010653
MLP_NeuralNet,fold_aware,7,46,W0595,1,1,0.979341,0.020659
MLP_NeuralNet,fold_aware,7,46,W0596,1,1,0.988058,0.011942
MLP_NeuralNet,fold_aware,7,46,W0597,1,1,0.996380,0.003620
MLP_NeuralNet,fold_aware,7,46,W0598,1,1,0.999226,0.000774
MLP_NeuralNet,fold_aware,7,46,W0599,1,1,0.999377,0.000623
MLP_NeuralNet,fold_aware,7,46,W0600,1,1,0.998707,0.001293
MLP_NeuralNet,fold_aware,7,46,W0601,1,1,0.998545,0.001455
MLP_NeuralNet,fold_aware,7,46,W0602,1,1,0.998313,0.001687
MLP_NeuralNet,fold_aware,7,46,W0603,1,1,0.998106,0.001894
MLP_NeuralNet,fold_aware,7,46,W0604,1,1,0.997737,0.002263
MLP_NeuralNet,fold_aware,7,46,W0605,1,1,0.997854,0.002146
MLP_NeuralNet,fold_aware,7,46,W0606,1,1,0.998333,0.001667
MLP_NeuralNet,fold_aware,7,46,W0607,1,1,0.998757,0.001243
MLP_NeuralNet,fold_aware,7,46,W0608,0,1,0.998859,0.001141
MLP_NeuralNet,fold_aware,7,46,W0609,0,1,0.998202,0.001798
MLP_NeuralNet,fold_aware,7,46,W0610,0,1,0.996291,0.003709
MLP_NeuralNet,fold_aware,7,46,W0611,0,1,0.995922,0.004078
MLP_NeuralNet,fold_aware,7,46,W0612,0,1,0.997051,0.002949
MLP_NeuralNet,fold_aware,7,46,W0613,1,1,0.997911,0.002089
MLP_NeuralNet,fold_aware,7,46,W0614,1,1,0.998598,0.001402
MLP_NeuralNet,fold_aware,7,46,W0615,1,1,0.997580,0.002420
MLP_NeuralNet,fold_aware,7,46,W0616,1,1,0.998276,0.001724
MLP_NeuralNet,fold_aware,7,46,W0617,1,1,0.999244,0.000756
MLP_NeuralNet,fold_aware,7,46,W0618,1,1,0.999498,0.000502
MLP_NeuralNet,fold_aware,7,46,W0619,1,1,0.999586,0.000414
MLP_NeuralNet,fold_aware,7,46,W0620,1,1,0.999503,0.000497
MLP_NeuralNet,fold_aware,7,46,W0621,1,1,0.999530,0.000470
MLP_NeuralNet,fold_aware,7,46,W0622,1,1,0.999553,0.000447
MLP_NeuralNet,fold_aware,7,46,W0623,1,1,0.999641,0.000359
MLP_NeuralNet,fold_aware,7,46,W0624,1,1,0.999650,0.000350
MLP_NeuralNet,fold_aware,7,46,W0625,1,1,0.999679,0.000321
MLP_NeuralNet,fold_aware,7,46,W0626,1,1,0.999726,0.000274
